Liczba wypadków,Liczba zabitych,Liczba rannych,Rok,Warunki atmosferyczne,Rodzaj zdarzenia,Warunki atmosferyczne,Oświetlenie,Charakterystyka miejsca zdarzenia,IDKSIP zdarzenia,Godzina,Dzień,Ranny,GPS x,GPS y,Numer drogi,Obszar,Geometria drogi,Kategoria drogi 1,Rodzaj drogi,Czy w zdarzeniu był sprawca nietrzeźwy,Powiat,Gmina
1,0,1,2015,Dobre warunki atmosferyczne,Najechanie na drzewo,Dobre warunki atmosferyczne,Światło dzienne,Jezdnia,EWK-98875300U,15,2015-05-05,Ciężko,19*51'019,52*45'238,GMINNA,Obszar niezabudowany,"Zakręt, łuk",Droga gminna,Jednojezdniowa dwukierunkowa,T,POWIAT SIERPECKI,ZAWIDZ - OBSZAR WIEJSKI
1,0,0,2015,Dobre warunki atmosferyczne,Najechanie na drzewo,Dobre warunki atmosferyczne,Światło dzienne,Jezdnia,EWK-98875300U,15,2015-05-05,Nieokreślone (puste pole),19*51'019,52*45'238,GMINNA,Obszar niezabudowany,"Zakręt, łuk",Droga gminna,Jednojezdniowa dwukierunkowa,T,POWIAT SIERPECKI,ZAWIDZ - OBSZAR WIEJSKI
1,0,2,2015,Dobre warunki atmosferyczne,Najechanie na drzewo,Dobre warunki atmosferyczne,Światło dzienne,Jezdnia,EWK-98875559A,8,2015-05-01,Lekko,20*35'512,52*37'469,P3048W,Obszar niezabudowany,Odcinek prosty,Droga powiatowa,Jednojezdniowa dwukierunkowa,N,POWIAT PŁOŃSKI,NOWE MIASTO - OBSZAR WIEJSKI
1,1,0,2015,Dobre warunki atmosferyczne,Najechanie na drzewo,Dobre warunki atmosferyczne,Światło dzienne,Jezdnia,EWK-98881294Y,16,2015-05-08,Nieokreślone (puste pole),20*54'091,52*47'010,618,Obszar niezabudowany,Odcinek prosty,Droga wojewódzka,Jednojezdniowa dwukierunkowa,N,POWIAT CIECHANOWSKI,GOŁYMIN-OŚRODEK - OBSZAR WIEJSKI
1,1,0,2015,Dobre warunki atmosferyczne,Najechanie na drzewo,Dobre warunki atmosferyczne,Światło dzienne,Jezdnia,EWK-98883441H,10,2015-05-11,Nieokreślone (puste pole),20*29'526,52*56'064,615,Obszar niezabudowany,"Zakręt, łuk",Droga wojewódzka,Jednojezdniowa dwukierunkowa,N,POWIAT CIECHANOWSKI,REGIMIN - OBSZAR WIEJSKI
1,0,1,2015,Dobre warunki atmosferyczne,Najechanie na drzewo,Dobre warunki atmosferyczne,Światło dzienne,Jezdnia,EWK-98892283E,18,2015-05-13,Lekko,20*12'019,52*42'454,P3021W,Obszar niezabudowany,"Zakręt, łuk",Droga powiatowa,Jednojezdniowa dwukierunkowa,N,POWIAT PŁOŃSKI,BABOSZEWO - OBSZAR WIEJSKI
1,0,1,2015,Dobre warunki atmosferyczne,Najechanie na drzewo,Dobre warunki atmosferyczne,Światło dzienne,Jezdnia,EWK-98892976F,6,2015-05-14,Lekko,20*17'174,53*03'490,P4640W,Obszar niezabudowany,Odcinek prosty,Droga powiatowa,Jednojezdniowa dwukierunkowa,N,POWIAT MŁAWSKI,WIŚNIEWO - OBSZAR WIEJSKI
1,0,0,2015,Dobre warunki atmosferyczne,Najechanie na drzewo,Dobre warunki atmosferyczne,Światło dzienne,Jezdnia,EWK-98892976F,6,2015-05-14,Nieokreślone (puste pole),20*17'174,53*03'490,P4640W,Obszar niezabudowany,Odcinek prosty,Droga powiatowa,Jednojezdniowa dwukierunkowa,N,POWIAT MŁAWSKI,WIŚNIEWO - OBSZAR WIEJSKI
1,0,1,2015,Dobre warunki atmosferyczne,Najechanie na drzewo,Dobre warunki atmosferyczne,Światło dzienne,Jezdnia,EWK-98911246X,7,2015-05-17,Ciężko,21*44'484,52*38'454,P4202P,Obszar zabudowany,"Zakręt, łuk",Droga powiatowa,Jednojezdniowa dwukierunkowa,N,POWIAT WĘGROWSKI,SADOWNE - OBSZAR WIEJSKI
1,1,0,2015,Dobre warunki atmosferyczne,Najechanie na drzewo,Dobre warunki atmosferyczne,Światło dzienne,Jezdnia,EWK-98911246X,7,2015-05-17,Nieokreślone (puste pole),21*44'484,52*38'454,P4202P,Obszar zabudowany,"Zakręt, łuk",Droga powiatowa,Jednojezdniowa dwukierunkowa,N,POWIAT WĘGROWSKI,SADOWNE - OBSZAR WIEJSKI
1,0,1,2015,Dobre warunki atmosferyczne,Najechanie na drzewo,Dobre warunki atmosferyczne,Światło dzienne,Jezdnia,EWK-98917215W,16,2015-05-23,Ciężko,22*19'074,52*34'212,36130W,Obszar niezabudowany,Odcinek prosty,Droga powiatowa,Jednojezdniowa dwukierunkowa,N,POWIAT SOKOŁOWSKI,STERDYŃ - OBSZAR WIEJSKI
1,1,0,2015,Dobre warunki atmosferyczne,Najechanie na drzewo,Dobre warunki atmosferyczne,Światło dzienne,Jezdnia,EWK-99003612E,7,2015-07-01,Nieokreślone (puste pole),21*46'479,53*02'334,2556W,Obszar niezabudowany,Odcinek prosty,Droga powiatowa,Jednojezdniowa dwukierunkowa,N,POWIAT OSTROŁĘCKI,TROSZYN - OBSZAR WIEJSKI
1,0,1,2015,Dobre warunki atmosferyczne,Najechanie na drzewo,Dobre warunki atmosferyczne,Światło dzienne,Jezdnia,EWK-99030421G,22,2015-07-12,Ciężko,20*46'496,51*54'124,GMINNA,Obszar niezabudowany,"Zakręt, łuk",Droga gminna,Jednojezdniowa dwukierunkowa,N,POWIAT GRÓJECKI,PNIEWY - OBSZAR WIEJSKI
1,0,1,2015,Dobre warunki atmosferyczne,Najechanie na drzewo,Dobre warunki atmosferyczne,Światło dzienne,Jezdnia,EWK-99038960H,7,2015-07-18,Ciężko,20*12'405,52*35'470,P3061W,Obszar niezabudowany,Odcinek prosty,Droga powiatowa,Jednojezdniowa dwukierunkowa,N,POWIAT PŁOŃSKI,DZIERZĄŻNIA - OBSZAR WIEJSKI
1,0,1,2015,Dobre warunki atmosferyczne,Najechanie na drzewo,Dobre warunki atmosferyczne,Światło dzienne,Jezdnia,EWK-99038960H,7,2015-07-18,Lekko,20*12'405,52*35'470,P3061W,Obszar niezabudowany,Odcinek prosty,Droga powiatowa,Jednojezdniowa dwukierunkowa,N,POWIAT PŁOŃSKI,DZIERZĄŻNIA - OBSZAR WIEJSKI
1,1,0,2015,Dobre warunki atmosferyczne,Najechanie na drzewo,Dobre warunki atmosferyczne,Światło dzienne,Jezdnia,EWK-99048171K,9,2015-07-25,Nieokreślone (puste pole),20*41'517,51*41'015,728,Obszar niezabudowany,Odcinek prosty,Droga wojewódzka,Jednojezdniowa dwukierunkowa,N,POWIAT GRÓJECKI,MOGIELNICA - OBSZAR MIEJSKI
1,0,2,2015,Dobre warunki atmosferyczne,Najechanie na drzewo,Dobre warunki atmosferyczne,Światło dzienne,Jezdnia,EWK-99056832M,11,2015-07-27,Ciężko,20*07'552,52*16'427,577,Obszar niezabudowany,Odcinek prosty,Droga wojewódzka,Jednojezdniowa dwukierunkowa,N,POWIAT SOCHACZEWSKI,RYBNO - OBSZAR WIEJSKI
1,0,1,2015,Dobre warunki atmosferyczne,Najechanie na drzewo,Dobre warunki atmosferyczne,Światło dzienne,Jezdnia,EWK-99059058F,15,2015-07-27,Ciężko,22*34'575,52*10'575,GMINNA,Obszar niezabudowany,Odcinek prosty,Droga gminna,Jednojezdniowa dwukierunkowa,N,POWIAT SIEDLECKI,MORDY - OBSZAR WIEJSKI
1,0,0,2015,Dobre warunki atmosferyczne,Najechanie na drzewo,Dobre warunki atmosferyczne,Światło dzienne,Jezdnia,EWK-99059058F,15,2015-07-27,Nieokreślone (puste pole),22*34'575,52*10'575,GMINNA,Obszar niezabudowany,Odcinek prosty,Droga gminna,Jednojezdniowa dwukierunkowa,N,POWIAT SIEDLECKI,MORDY - OBSZAR WIEJSKI
1,0,1,2015,Dobre warunki atmosferyczne,Najechanie na drzewo,Dobre warunki atmosferyczne,Światło dzienne,Jezdnia,EWK-99082491W,14,2015-08-10,Ciężko,21*51'227,52*45'085,50,Obszar niezabudowany,Odcinek prosty,Droga krajowa,Jednojezdniowa dwukierunkowa,N,POWIAT OSTROWSKI,OSTRÓW MAZOWIECKA - OBSZAR WIEJSKI
1,0,1,2015,Dobre warunki atmosferyczne,Najechanie na drzewo,Dobre warunki atmosferyczne,Światło dzienne,Jezdnia,EWK-99082491W,14,2015-08-10,Lekko,21*51'227,52*45'085,50,Obszar niezabudowany,Odcinek prosty,Droga krajowa,Jednojezdniowa dwukierunkowa,N,POWIAT OSTROWSKI,OSTRÓW MAZOWIECKA - OBSZAR WIEJSKI
1,0,1,2015,Dobre warunki atmosferyczne,Najechanie na drzewo,Dobre warunki atmosferyczne,Światło dzienne,Jezdnia,EWK-99086886T,7,2015-08-09,Ciężko,20*23'296,52*38'058,50,Obszar niezabudowany,Odcinek prosty,Droga krajowa,Jednojezdniowa dwukierunkowa,N,POWIAT PŁOŃSKI,PŁOŃSK - OBSZAR WIEJSKI
1,0,1,2015,Dobre warunki atmosferyczne,Najechanie na drzewo,Dobre warunki atmosferyczne,Światło dzienne,Jezdnia,EWK-99086886T,7,2015-08-09,Lekko,20*23'296,52*38'058,50,Obszar niezabudowany,Odcinek prosty,Droga krajowa,Jednojezdniowa dwukierunkowa,N,POWIAT PŁOŃSKI,PŁOŃSK - OBSZAR WIEJSKI
1,0,1,2015,Dobre warunki atmosferyczne,Najechanie na drzewo,Dobre warunki atmosferyczne,Światło dzienne,Jezdnia,EWK-99087894E,11,2015-08-09,Ciężko,22*07'337,52*13'331,P3370D,Obszar zabudowany,"Zakręt, łuk",Droga powiatowa,Jednojezdniowa dwukierunkowa,N,POWIAT SIEDLECKI,MOKOBODY - OBSZAR WIEJSKI
1,0,1,2015,Dobre warunki atmosferyczne,Najechanie na drzewo,Dobre warunki atmosferyczne,Światło dzienne,Jezdnia,EWK-99087894E,11,2015-08-09,Lekko,22*07'337,52*13'331,P3370D,Obszar zabudowany,"Zakręt, łuk",Droga powiatowa,Jednojezdniowa dwukierunkowa,N,POWIAT SIEDLECKI,MOKOBODY - OBSZAR WIEJSKI
1,0,0,2015,Dobre warunki atmosferyczne,Najechanie na drzewo,Dobre warunki atmosferyczne,Światło dzienne,Jezdnia,EWK-99087894E,11,2015-08-09,Nieokreślone (puste pole),22*07'337,52*13'331,P3370D,Obszar zabudowany,"Zakręt, łuk",Droga powiatowa,Jednojezdniowa dwukierunkowa,N,POWIAT SIEDLECKI,MOKOBODY - OBSZAR WIEJSKI
1,0,1,2015,Dobre warunki atmosferyczne,Najechanie na drzewo,Dobre warunki atmosferyczne,Światło dzienne,Jezdnia,EWK-99090933K,15,2015-08-13,Ciężko,21*08'566,53*11'573,GMINNA,Obszar zabudowany,"Zakręt, łuk",Droga gminna,Jednojezdniowa dwukierunkowa,N,POWIAT PRZASNYSKI,JEDNOROŻEC - OBSZAR WIEJSKI
1,0,1,2015,Dobre warunki atmosferyczne,Najechanie na drzewo,Dobre warunki atmosferyczne,Światło dzienne,Jezdnia,EWK-99090933K,15,2015-08-13,Lekko,21*08'566,53*11'573,GMINNA,Obszar zabudowany,"Zakręt, łuk",Droga gminna,Jednojezdniowa dwukierunkowa,N,POWIAT PRZASNYSKI,JEDNOROŻEC - OBSZAR WIEJSKI
1,0,1,2015,Dobre warunki atmosferyczne,Najechanie na drzewo,Dobre warunki atmosferyczne,Światło dzienne,Jezdnia,EWK-99113160A,8,2015-08-24,Ciężko,21*24'183,53*16'354,53,Obszar niezabudowany,Odcinek prosty,Droga krajowa,Jednojezdniowa dwukierunkowa,N,POWIAT OSTROŁĘCKI,KADZIDŁO - OBSZAR WIEJSKI
1,0,1,2015,Dobre warunki atmosferyczne,Najechanie na drzewo,Dobre warunki atmosferyczne,Światło dzienne,Jezdnia,EWK-99113160A,8,2015-08-24,Lekko,21*24'183,53*16'354,53,Obszar niezabudowany,Odcinek prosty,Droga krajowa,Jednojezdniowa dwukierunkowa,N,POWIAT OSTROŁĘCKI,KADZIDŁO - OBSZAR WIEJSKI
1,1,0,2015,Dobre warunki atmosferyczne,Najechanie na drzewo,Dobre warunki atmosferyczne,Światło dzienne,Jezdnia,EWK-99113160A,8,2015-08-24,Nieokreślone (puste pole),21*24'183,53*16'354,53,Obszar niezabudowany,Odcinek prosty,Droga krajowa,Jednojezdniowa dwukierunkowa,N,POWIAT OSTROŁĘCKI,KADZIDŁO - OBSZAR WIEJSKI
1,0,1,2015,Dobre warunki atmosferyczne,Najechanie na drzewo,Dobre warunki atmosferyczne,Światło dzienne,Jezdnia,EWK-99127906C,7,2015-08-29,Lekko,21*39'207,52*51'247,4401W,Obszar niezabudowany,"Zakręt, łuk",Droga powiatowa,Jednojezdniowa dwukierunkowa,T,POWIAT OSTROWSKI,WĄSEWO - OBSZAR WIEJSKI
1,0,0,2015,Dobre warunki atmosferyczne,Najechanie na drzewo,Dobre warunki atmosferyczne,Światło dzienne,Jezdnia,EWK-99127906C,7,2015-08-29,Nieokreślone (puste pole),21*39'207,52*51'247,4401W,Obszar niezabudowany,"Zakręt, łuk",Droga powiatowa,Jednojezdniowa dwukierunkowa,T,POWIAT OSTROWSKI,WĄSEWO - OBSZAR WIEJSKI
1,0,1,2015,Dobre warunki atmosferyczne,Najechanie na drzewo,Dobre warunki atmosferyczne,Światło dzienne,Jezdnia,EWK-99146360E,6,2015-09-06,Lekko,21*24'599,53*06'582,P2583W,Obszar niezabudowany,,Droga powiatowa,Jednojezdniowa dwukierunkowa,T,POWIAT OSTROŁĘCKI,OLSZEWO-BORKI - OBSZAR WIEJSKI
1,0,1,2015,Dobre warunki atmosferyczne,Najechanie na drzewo,Dobre warunki atmosferyczne,Światło dzienne,Jezdnia,EWK-99211980M,15,2015-09-30,Lekko,21*29'187,52*37'318,,Obszar niezabudowany,Odcinek prosty,Nieokreślone (puste pole),Jednojezdniowa dwukierunkowa,T,POWIAT WYSZKOWSKI,WYSZKÓW - OBSZAR WIEJSKI
1,0,1,2015,Dobre warunki atmosferyczne,Najechanie na drzewo,Dobre warunki atmosferyczne,Światło dzienne,Jezdnia,EWK-99241377X,2,2015-10-12,Ciężko,22*05'094,52*11'342,2,Obszar niezabudowany,Odcinek prosty,Droga krajowa,Jednojezdniowa dwukierunkowa,N,POWIAT SIEDLECKI,KOTUŃ - OBSZAR WIEJSKI
1,0,1,2015,Dobre warunki atmosferyczne,Najechanie na drzewo,Dobre warunki atmosferyczne,Światło dzienne,Jezdnia,EWK-99241377X,2,2015-10-12,Lekko,22*05'094,52*11'342,2,Obszar niezabudowany,Odcinek prosty,Droga krajowa,Jednojezdniowa dwukierunkowa,N,POWIAT SIEDLECKI,KOTUŃ - OBSZAR WIEJSKI
1,0,1,2015,Dobre warunki atmosferyczne,Najechanie na drzewo,Dobre warunki atmosferyczne,Światło dzienne,Jezdnia,EWK-99287607G,11,2015-10-30,Lekko,21*16'006,51*27'262,34419W,Obszar zabudowany,Odcinek prosty,Droga powiatowa,Jednojezdniowa dwukierunkowa,N,POWIAT RADOMSKI,JASTRZĘBIA - OBSZAR WIEJSKI
1,0,1,2015,Dobre warunki atmosferyczne,Najechanie na drzewo,Dobre warunki atmosferyczne,Światło dzienne,Jezdnia,EWK-99342789X,6,2015-11-19,Lekko,21*04'020,51*14'199,P3556W,Obszar niezabudowany,Odcinek prosty,Droga powiatowa,Jednojezdniowa dwukierunkowa,N,POWIAT RADOMSKI,WIERZBICA - OBSZAR WIEJSKI
1,0,1,2015,Dobre warunki atmosferyczne,Najechanie na drzewo,Dobre warunki atmosferyczne,Światło dzienne,Jezdnia,EWK-99351662J,11,2015-11-25,Lekko,20*26'363,53*01'489,615,Obszar niezabudowany,"Zakręt, łuk",Droga wojewódzka,Jednojezdniowa dwukierunkowa,N,POWIAT MŁAWSKI,STUPSK - OBSZAR WIEJSKI
1,0,0,2015,Dobre warunki atmosferyczne,Najechanie na drzewo,Dobre warunki atmosferyczne,Światło dzienne,Jezdnia,EWK-99351662J,11,2015-11-25,Nieokreślone (puste pole),20*26'363,53*01'489,615,Obszar niezabudowany,"Zakręt, łuk",Droga wojewódzka,Jednojezdniowa dwukierunkowa,N,POWIAT MŁAWSKI,STUPSK - OBSZAR WIEJSKI
1,0,4,2015,Dobre warunki atmosferyczne,Najechanie na drzewo,Dobre warunki atmosferyczne,Światło dzienne,Jezdnia,EWK-99365858W,9,2015-11-29,Lekko,20*53'048,51*28'028,GMINNA,Obszar niezabudowany,Odcinek prosty,Droga gminna,Jednojezdniowa dwukierunkowa,N,POWIAT RADOMSKI,PRZYTYK - OBSZAR WIEJSKI
1,0,0,2015,Dobre warunki atmosferyczne,Najechanie na drzewo,Dobre warunki atmosferyczne,Światło dzienne,Jezdnia,EWK-99365858W,9,2015-11-29,Nieokreślone (puste pole),20*53'048,51*28'028,GMINNA,Obszar niezabudowany,Odcinek prosty,Droga gminna,Jednojezdniowa dwukierunkowa,N,POWIAT RADOMSKI,PRZYTYK - OBSZAR WIEJSKI
1,0,2,2015,Dobre warunki atmosferyczne,Najechanie na drzewo,Dobre warunki atmosferyczne,Światło dzienne,Pobocze,EWK-103389440Q,7,2015-12-05,Lekko,20*01'161,52*34'011,P2932W,Obszar zabudowany,"Zakręt, łuk",Droga powiatowa,Jednojezdniowa dwukierunkowa,T,POWIAT PŁOCKI,BULKOWO - OBSZAR WIEJSKI
1,0,1,2015,Dobre warunki atmosferyczne,Najechanie na drzewo,Dobre warunki atmosferyczne,Światło dzienne,Pobocze,EWK-98715985H,14,2015-01-06,Ciężko,20*47'247,53*09'396,GMINNA,Obszar zabudowany,Odcinek prosty,Droga gminna,Jednojezdniowa dwukierunkowa,T,POWIAT PRZASNYSKI,KRZYNOWŁOGA MAŁA - OBSZAR WIEJSKI
1,0,1,2015,Dobre warunki atmosferyczne,Najechanie na drzewo,Dobre warunki atmosferyczne,Światło dzienne,Pobocze,EWK-98725180A,11,2015-01-13,Ciężko,19*44'327,52*25'131,574,Obszar niezabudowany,Odcinek prosty,Droga wojewódzka,Jednojezdniowa dwukierunkowa,N,POWIAT PŁOCKI,GĄBIN - OBSZAR WIEJSKI
1,0,1,2015,Dobre warunki atmosferyczne,Najechanie na drzewo,Dobre warunki atmosferyczne,Światło dzienne,Pobocze,EWK-98790068E,16,2015-03-08,Ciężko,21*18'342,51*38'575,P1704W,Obszar niezabudowany,Odcinek prosty,Droga powiatowa,Jednojezdniowa dwukierunkowa,T,POWIAT KOZIENICKI,GŁOWACZÓW - OBSZAR WIEJSKI
1,0,1,2015,Dobre warunki atmosferyczne,Najechanie na drzewo,Dobre warunki atmosferyczne,Światło dzienne,Pobocze,EWK-98897303X,13,2015-05-13,Ciężko,21*43'317,51*32'275,48,Obszar niezabudowany,"Zakręt, łuk",Droga krajowa,Jednojezdniowa dwukierunkowa,N,POWIAT KOZIENICKI,SIECIECHÓW - OBSZAR WIEJSKI
1,0,1,2015,Dobre warunki atmosferyczne,Najechanie na drzewo,Dobre warunki atmosferyczne,Światło dzienne,Pobocze,EWK-99004295H,16,2015-06-14,Ciężko,21*30'122,52*48'140,2576W,Obszar niezabudowany,"Zakręt, łuk",Droga powiatowa,Jednojezdniowa dwukierunkowa,N,POWIAT OSTROŁĘCKI,GOWOROWO - OBSZAR WIEJSKI
1,0,1,2015,Dobre warunki atmosferyczne,Najechanie na drzewo,Dobre warunki atmosferyczne,Światło dzienne,Pobocze,EWK-99004295H,16,2015-06-14,Lekko,21*30'122,52*48'140,2576W,Obszar niezabudowany,"Zakręt, łuk",Droga powiatowa,Jednojezdniowa dwukierunkowa,N,POWIAT OSTROŁĘCKI,GOWOROWO - OBSZAR WIEJSKI
1,0,0,2015,Dobre warunki atmosferyczne,Najechanie na drzewo,Dobre warunki atmosferyczne,Światło dzienne,Pobocze,EWK-99004295H,16,2015-06-14,Nieokreślone (puste pole),21*30'122,52*48'140,2576W,Obszar niezabudowany,"Zakręt, łuk",Droga powiatowa,Jednojezdniowa dwukierunkowa,N,POWIAT OSTROŁĘCKI,GOWOROWO - OBSZAR WIEJSKI
1,0,1,2015,Dobre warunki atmosferyczne,Najechanie na drzewo,Dobre warunki atmosferyczne,Światło dzienne,Pobocze,EWK-99010372J,7,2015-07-05,Lekko,19*51'048,52*41'013,60,Obszar niezabudowany,Odcinek prosty,Droga krajowa,Jednojezdniowa dwukierunkowa,N,POWIAT PŁOCKI,BIELSK - OBSZAR WIEJSKI
1,0,2,2015,Dobre warunki atmosferyczne,Najechanie na drzewo,Dobre warunki atmosferyczne,Światło dzienne,Pobocze,EWK-99041271X,17,2015-07-21,Lekko,21*35'566,51*29'039,691,Obszar zabudowany,Odcinek prosty,Droga wojewódzka,Jednojezdniowa dwukierunkowa,N,POWIAT KOZIENICKI,GARBATKA-LETNISKO - OBSZAR WIEJSKI
1,0,1,2015,Dobre warunki atmosferyczne,Najechanie na drzewo,Dobre warunki atmosferyczne,Światło dzienne,Pobocze,EWK-99071440T,5,2015-08-02,Ciężko,21*32'156,51*05'322,GMINNA,Obszar niezabudowany,"Zakręt, łuk",Droga gminna,Jednojezdniowa dwukierunkowa,N,POWIAT LIPSKI,SIENNO - OBSZAR WIEJSKI
1,0,4,2015,Dobre warunki atmosferyczne,Najechanie na drzewo,Dobre warunki atmosferyczne,Światło dzienne,Pobocze,EWK-99083103C,6,2015-08-10,Ciężko,21*16'500,51*23'192,12,Obszar niezabudowany,"Zakręt, łuk",Droga krajowa,Jednojezdniowa dwukierunkowa,N,POWIAT RADOMSKI,GÓZD - OBSZAR WIEJSKI
1,0,1,2015,Dobre warunki atmosferyczne,Najechanie na drzewo,Dobre warunki atmosferyczne,Światło dzienne,Pobocze,EWK-99083103C,6,2015-08-10,Lekko,21*16'500,51*23'192,12,Obszar niezabudowany,"Zakręt, łuk",Droga krajowa,Jednojezdniowa dwukierunkowa,N,POWIAT RADOMSKI,GÓZD - OBSZAR WIEJSKI
1,0,3,2015,Dobre warunki atmosferyczne,Najechanie na drzewo,Dobre warunki atmosferyczne,Światło dzienne,Pobocze,EWK-99112113P,15,2015-08-23,Lekko,20*51'281,51*37'378,48,Obszar niezabudowany,Odcinek prosty,Droga krajowa,Jednojezdniowa dwukierunkowa,N,POWIAT BIAŁOBRZESKI,WYŚMIERZYCE - OBSZAR WIEJSKI
1,0,2,2015,Dobre warunki atmosferyczne,Najechanie na drzewo,Dobre warunki atmosferyczne,Światło dzienne,"Skarpa, rów",EWK-98799700A,6,2015-03-18,Ciężko,19*58'045,52*45'057,10,Obszar niezabudowany,Odcinek prosty,Droga krajowa,Jednojezdniowa dwukierunkowa,N,POWIAT PŁOCKI,DROBIN - OBSZAR WIEJSKI
1,0,1,2015,Dobre warunki atmosferyczne,Najechanie na drzewo,Dobre warunki atmosferyczne,Światło dzienne,"Skarpa, rów",EWK-98878907P,17,2015-05-07,Lekko,19*18'347,52*26'104,G140222W,Obszar niezabudowany,Odcinek prosty,Droga gminna,Jednojezdniowa dwukierunkowa,T,POWIAT GOSTYNIŃSKI,GOSTYNIN - OBSZAR WIEJSKI
1,1,0,2015,Dobre warunki atmosferyczne,Najechanie na drzewo,Dobre warunki atmosferyczne,Światło dzienne,"Skarpa, rów",EWK-98977677W,14,2015-06-19,Nieokreślone (puste pole),21*34'092,51*54'318,31319W,Obszar niezabudowany,Odcinek prosty,Droga powiatowa,Jednojezdniowa dwukierunkowa,N,POWIAT GARWOLIŃSKI,GARWOLIN - OBSZAR WIEJSKI
1,0,1,2015,Dobre warunki atmosferyczne,Najechanie na drzewo,Dobre warunki atmosferyczne,Światło dzienne,"Skarpa, rów",EWK-98982435K,17,2015-06-20,Lekko,19*55'532,52*18'539,577,Obszar zabudowany,Odcinek prosty,Droga wojewódzka,Jednojezdniowa dwukierunkowa,T,POWIAT GOSTYNIŃSKI,SANNIKI - OBSZAR WIEJSKI
1,0,2,2015,Dobre warunki atmosferyczne,Najechanie na drzewo,Dobre warunki atmosferyczne,Światło dzienne,"Skarpa, rów",EWK-99043030X,17,2015-07-20,Ciężko,20*55'237,52*51'100,P2101W,Obszar niezabudowany,Odcinek prosty,Droga powiatowa,Jednojezdniowa dwukierunkowa,T,POWIAT MAKOWSKI,KARNIEWO - OBSZAR WIEJSKI
1,0,1,2015,Dobre warunki atmosferyczne,Najechanie na drzewo,Dobre warunki atmosferyczne,Światło dzienne,"Skarpa, rów",EWK-99049625H,18,2015-07-26,Ciężko,20*38'054,51*25'091,34327W,Obszar niezabudowany,"Zakręt, łuk",Droga powiatowa,Jednojezdniowa dwukierunkowa,N,POWIAT PRZYSUSKI,RUSINÓW - OBSZAR WIEJSKI
1,0,1,2015,Dobre warunki atmosferyczne,Najechanie na drzewo,Dobre warunki atmosferyczne,Światło dzienne,"Skarpa, rów",EWK-99049625H,18,2015-07-26,Lekko,20*38'054,51*25'091,34327W,Obszar niezabudowany,"Zakręt, łuk",Droga powiatowa,Jednojezdniowa dwukierunkowa,N,POWIAT PRZYSUSKI,RUSINÓW - OBSZAR WIEJSKI
1,0,11,2015,Dobre warunki atmosferyczne,Najechanie na drzewo,Dobre warunki atmosferyczne,Światło dzienne,"Skarpa, rów",EWK-99060248Q,6,2015-07-23,Ciężko,21*40'422,51*50'079,17,Obszar niezabudowany,Odcinek prosty,Droga krajowa,Jednojezdniowa dwukierunkowa,N,POWIAT GARWOLIŃSKI,GÓRZNO - OBSZAR WIEJSKI
1,0,10,2015,Dobre warunki atmosferyczne,Najechanie na drzewo,Dobre warunki atmosferyczne,Światło dzienne,"Skarpa, rów",EWK-99060248Q,6,2015-07-23,Lekko,21*40'422,51*50'079,17,Obszar niezabudowany,Odcinek prosty,Droga krajowa,Jednojezdniowa dwukierunkowa,N,POWIAT GARWOLIŃSKI,GÓRZNO - OBSZAR WIEJSKI
1,5,0,2015,Dobre warunki atmosferyczne,Najechanie na drzewo,Dobre warunki atmosferyczne,Światło dzienne,"Skarpa, rów",EWK-99060248Q,6,2015-07-23,Nieokreślone (puste pole),21*40'422,51*50'079,17,Obszar niezabudowany,Odcinek prosty,Droga krajowa,Jednojezdniowa dwukierunkowa,N,POWIAT GARWOLIŃSKI,GÓRZNO - OBSZAR WIEJSKI
1,0,2,2015,Dobre warunki atmosferyczne,Najechanie na drzewo,Dobre warunki atmosferyczne,Światło dzienne,"Skarpa, rów",EWK-99083126C,9,2015-08-08,Lekko,19*34'561,52*55'477,GMINNA,Obszar niezabudowany,"Zakręt, łuk",Droga gminna,Jednojezdniowa dwukierunkowa,N,POWIAT SIERPECKI,SZCZUTOWO - OBSZAR WIEJSKI
1,0,1,2015,Dobre warunki atmosferyczne,Najechanie na drzewo,Dobre warunki atmosferyczne,Światło dzienne,"Skarpa, rów",EWK-99089219H,13,2015-08-09,Ciężko,19*34'513,52*53'075,10,Obszar niezabudowany,Odcinek prosty,Droga krajowa,Jednojezdniowa dwukierunkowa,N,POWIAT SIERPECKI,SZCZUTOWO - OBSZAR WIEJSKI
1,0,1,2015,Dobre warunki atmosferyczne,"Najechanie na dziurę, wybój, garb",Dobre warunki atmosferyczne,Noc - droga nieoświetlona,"Wjazd, wyjazd z posesji, pola",EWK-99226797C,0,2015-10-09,Ciężko,21*40'216,51*18'336,GMINNA,Obszar zabudowany,Odcinek prosty,Droga gminna,Jednojezdniowa dwukierunkowa,N,POWIAT ZWOLEŃSKI,ZWOLEŃ - OBSZAR WIEJSKI
1,1,0,2015,Dobre warunki atmosferyczne,"Najechanie na dziurę, wybój, garb",Dobre warunki atmosferyczne,Noc - droga nieoświetlona,"Wjazd, wyjazd z posesji, pola",EWK-99226797C,0,2015-10-09,Nieokreślone (puste pole),21*40'216,51*18'336,GMINNA,Obszar zabudowany,Odcinek prosty,Droga gminna,Jednojezdniowa dwukierunkowa,N,POWIAT ZWOLEŃSKI,ZWOLEŃ - OBSZAR WIEJSKI