Liczba wypadków,Liczba zabitych,Liczba rannych,Rok,Warunki atmosferyczne,Rodzaj zdarzenia,Warunki atmosferyczne,Oświetlenie,Charakterystyka miejsca zdarzenia,IDKSIP zdarzenia,Godzina,Dzień,Ranny,GPS x,GPS y,Numer drogi,Obszar,Geometria drogi,Kategoria drogi 1,Rodzaj drogi,Czy w zdarzeniu był sprawca nietrzeźwy,Powiat,Gmina
1,0,0,2015,Dobre warunki atmosferyczne,Najechanie na pieszego,Dobre warunki atmosferyczne,Światło dzienne,Przejście dla pieszych,EWK-99164423A,15,2015-09-14,Nieokreślone (puste pole),21*10'484,51*24'380,P5305W,Obszar zabudowany,Odcinek prosty,Droga powiatowa,Jednojezdniowa dwukierunkowa,N,POWIAT RADOM,RADOM - OBSZAR MIEJSKI
1,0,1,2015,Dobre warunki atmosferyczne,Najechanie na pieszego,Dobre warunki atmosferyczne,Światło dzienne,Przejście dla pieszych,EWK-99168782W,9,2015-09-16,Lekko,20*01'481,52*29'591,P2952W,Obszar zabudowany,Odcinek prosty,Droga powiatowa,Jednojezdniowa dwukierunkowa,N,POWIAT PŁOCKI,BODZANÓW - OBSZAR WIEJSKI
1,0,0,2015,Dobre warunki atmosferyczne,Najechanie na pieszego,Dobre warunki atmosferyczne,Światło dzienne,Przejście dla pieszych,EWK-99168782W,9,2015-09-16,Nieokreślone (puste pole),20*01'481,52*29'591,P2952W,Obszar zabudowany,Odcinek prosty,Droga powiatowa,Jednojezdniowa dwukierunkowa,N,POWIAT PŁOCKI,BODZANÓW - OBSZAR WIEJSKI
1,0,1,2015,Dobre warunki atmosferyczne,Najechanie na pieszego,Dobre warunki atmosferyczne,Światło dzienne,Przejście dla pieszych,EWK-99209146N,14,2015-09-29,Lekko,21*09'283,51*23'349,P5321W,Obszar zabudowany,Odcinek prosty,Droga powiatowa,Dwie jezdnie jednokierunkowe,N,POWIAT RADOM,RADOM - OBSZAR MIEJSKI
1,0,0,2015,Dobre warunki atmosferyczne,Najechanie na pieszego,Dobre warunki atmosferyczne,Światło dzienne,Przejście dla pieszych,EWK-99209146N,14,2015-09-29,Nieokreślone (puste pole),21*09'283,51*23'349,P5321W,Obszar zabudowany,Odcinek prosty,Droga powiatowa,Dwie jezdnie jednokierunkowe,N,POWIAT RADOM,RADOM - OBSZAR MIEJSKI
1,0,1,2015,Dobre warunki atmosferyczne,Najechanie na pieszego,Dobre warunki atmosferyczne,Światło dzienne,Przejście dla pieszych,EWK-99209892F,18,2015-09-25,Lekko,21*15'270,52*33'390,62,Obszar niezabudowany,Odcinek prosty,Droga krajowa,Jednojezdniowa dwukierunkowa,N,POWIAT WYSZKOWSKI,SOMIANKA - OBSZAR WIEJSKI
1,0,0,2015,Dobre warunki atmosferyczne,Najechanie na pieszego,Dobre warunki atmosferyczne,Światło dzienne,Przejście dla pieszych,EWK-99209892F,18,2015-09-25,Nieokreślone (puste pole),21*15'270,52*33'390,62,Obszar niezabudowany,Odcinek prosty,Droga krajowa,Jednojezdniowa dwukierunkowa,N,POWIAT WYSZKOWSKI,SOMIANKA - OBSZAR WIEJSKI
1,0,1,2015,Dobre warunki atmosferyczne,Najechanie na pieszego,Dobre warunki atmosferyczne,Światło dzienne,Przejście dla pieszych,EWK-99209897G,13,2015-09-29,Ciężko,21*34'182,53*05'183,61,Obszar zabudowany,Odcinek prosty,Droga krajowa,Jednojezdniowa dwukierunkowa,N,POWIAT OSTROŁĘKA,OSTROŁĘKA - OBSZAR MIEJSKI
1,0,0,2015,Dobre warunki atmosferyczne,Najechanie na pieszego,Dobre warunki atmosferyczne,Światło dzienne,Przejście dla pieszych,EWK-99209897G,13,2015-09-29,Nieokreślone (puste pole),21*34'182,53*05'183,61,Obszar zabudowany,Odcinek prosty,Droga krajowa,Jednojezdniowa dwukierunkowa,N,POWIAT OSTROŁĘKA,OSTROŁĘKA - OBSZAR MIEJSKI
1,0,1,2015,Dobre warunki atmosferyczne,Najechanie na pieszego,Dobre warunki atmosferyczne,Światło dzienne,Przejście dla pieszych,EWK-99216814G,7,2015-09-28,Lekko,21*34'329,53*05'061,P5103W,Obszar zabudowany,,Droga powiatowa,Jednojezdniowa dwukierunkowa,N,POWIAT OSTROŁĘKA,OSTROŁĘKA - OBSZAR MIEJSKI
1,0,0,2015,Dobre warunki atmosferyczne,Najechanie na pieszego,Dobre warunki atmosferyczne,Światło dzienne,Przejście dla pieszych,EWK-99216814G,7,2015-09-28,Nieokreślone (puste pole),21*34'329,53*05'061,P5103W,Obszar zabudowany,,Droga powiatowa,Jednojezdniowa dwukierunkowa,N,POWIAT OSTROŁĘKA,OSTROŁĘKA - OBSZAR MIEJSKI
1,0,1,2015,Dobre warunki atmosferyczne,Najechanie na pieszego,Dobre warunki atmosferyczne,Światło dzienne,Przejście dla pieszych,EWK-99218320M,16,2015-10-01,Lekko,20*51'375,51*13'268,G400539W,Obszar zabudowany,Odcinek prosty,Droga gminna,Jednojezdniowa dwukierunkowa,N,POWIAT SZYDŁOWIECKI,SZYDŁOWIEC - OBSZAR MIEJSKI
1,0,0,2015,Dobre warunki atmosferyczne,Najechanie na pieszego,Dobre warunki atmosferyczne,Światło dzienne,Przejście dla pieszych,EWK-99218320M,16,2015-10-01,Nieokreślone (puste pole),20*51'375,51*13'268,G400539W,Obszar zabudowany,Odcinek prosty,Droga gminna,Jednojezdniowa dwukierunkowa,N,POWIAT SZYDŁOWIECKI,SZYDŁOWIEC - OBSZAR MIEJSKI
1,0,1,2015,Dobre warunki atmosferyczne,Najechanie na pieszego,Dobre warunki atmosferyczne,Światło dzienne,Przejście dla pieszych,EWK-99218901T,8,2015-10-02,Lekko,19*43'565,52*32'211,60,Obszar zabudowany,,Droga krajowa,Dwie jezdnie jednokierunkowe,N,POWIAT PŁOCK,PŁOCK - OBSZAR MIEJSKI
1,0,0,2015,Dobre warunki atmosferyczne,Najechanie na pieszego,Dobre warunki atmosferyczne,Światło dzienne,Przejście dla pieszych,EWK-99218901T,8,2015-10-02,Nieokreślone (puste pole),19*43'565,52*32'211,60,Obszar zabudowany,,Droga krajowa,Dwie jezdnie jednokierunkowe,N,POWIAT PŁOCK,PŁOCK - OBSZAR MIEJSKI
1,0,1,2015,Dobre warunki atmosferyczne,Najechanie na pieszego,Dobre warunki atmosferyczne,Światło dzienne,Przejście dla pieszych,EWK-99226584H,13,2015-10-08,Lekko,19*41'180,52*32'517,GMINNA,Obszar zabudowany,Odcinek prosty,Droga gminna,Jednojezdniowa dwukierunkowa,N,POWIAT PŁOCK,PŁOCK - OBSZAR MIEJSKI
1,0,0,2015,Dobre warunki atmosferyczne,Najechanie na pieszego,Dobre warunki atmosferyczne,Światło dzienne,Przejście dla pieszych,EWK-99226584H,13,2015-10-08,Nieokreślone (puste pole),19*41'180,52*32'517,GMINNA,Obszar zabudowany,Odcinek prosty,Droga gminna,Jednojezdniowa dwukierunkowa,N,POWIAT PŁOCK,PŁOCK - OBSZAR MIEJSKI
1,0,2,2015,Dobre warunki atmosferyczne,Najechanie na pieszego,Dobre warunki atmosferyczne,Światło dzienne,Przejście dla pieszych,EWK-99235017L,13,2015-10-10,Ciężko,21*41'227,52*32'019,50,Obszar zabudowany,Odcinek prosty,Droga krajowa,Jednojezdniowa dwukierunkowa,N,POWIAT WĘGROWSKI,ŁOCHÓW - OBSZAR MIEJSKI
1,0,1,2015,Dobre warunki atmosferyczne,Najechanie na pieszego,Dobre warunki atmosferyczne,Światło dzienne,Przejście dla pieszych,EWK-99252089H,17,2015-10-17,Ciężko,21*23'294,52*53'137,60,Obszar zabudowany,Odcinek prosty,Droga krajowa,Jednojezdniowa dwukierunkowa,N,POWIAT MAKOWSKI,RÓŻAN - OBSZAR MIEJSKI
1,0,0,2015,Dobre warunki atmosferyczne,Najechanie na pieszego,Dobre warunki atmosferyczne,Światło dzienne,Przejście dla pieszych,EWK-99252089H,17,2015-10-17,Nieokreślone (puste pole),21*23'294,52*53'137,60,Obszar zabudowany,Odcinek prosty,Droga krajowa,Jednojezdniowa dwukierunkowa,N,POWIAT MAKOWSKI,RÓŻAN - OBSZAR MIEJSKI
1,0,1,2015,Dobre warunki atmosferyczne,Najechanie na pieszego,Dobre warunki atmosferyczne,Światło dzienne,Przejście dla pieszych,EWK-99281952X,11,2015-10-28,Lekko,22*16'366,52*10'022,W628,Obszar zabudowany,,Droga wojewódzka,Jednojezdniowa dwukierunkowa,N,POWIAT SIEDLCE,SIEDLCE - OBSZAR MIEJSKI
1,0,0,2015,Dobre warunki atmosferyczne,Najechanie na pieszego,Dobre warunki atmosferyczne,Światło dzienne,Przejście dla pieszych,EWK-99281952X,11,2015-10-28,Nieokreślone (puste pole),22*16'366,52*10'022,W628,Obszar zabudowany,,Droga wojewódzka,Jednojezdniowa dwukierunkowa,N,POWIAT SIEDLCE,SIEDLCE - OBSZAR MIEJSKI
1,0,1,2015,Dobre warunki atmosferyczne,Najechanie na pieszego,Dobre warunki atmosferyczne,Światło dzienne,Przejście dla pieszych,EWK-99378141N,14,2015-12-01,Lekko,21*07'012,51*24'108,7,Obszar zabudowany,,Droga krajowa,Dwie jezdnie jednokierunkowe,N,POWIAT RADOM,RADOM - OBSZAR MIEJSKI
1,0,0,2015,Dobre warunki atmosferyczne,Najechanie na pieszego,Dobre warunki atmosferyczne,Światło dzienne,Przejście dla pieszych,EWK-99378141N,14,2015-12-01,Nieokreślone (puste pole),21*07'012,51*24'108,7,Obszar zabudowany,,Droga krajowa,Dwie jezdnie jednokierunkowe,N,POWIAT RADOM,RADOM - OBSZAR MIEJSKI
1,0,1,2015,Dobre warunki atmosferyczne,Najechanie na pieszego,Dobre warunki atmosferyczne,Światło dzienne,Przystanek komunikacji publicznej,EWK-103605717W,11,2015-12-21,Lekko,21*09'425,51*23'540,P5304W  ,Obszar zabudowany,Odcinek prosty,Droga powiatowa,Jednojezdniowa dwukierunkowa,N,POWIAT RADOM,RADOM - OBSZAR MIEJSKI
1,0,0,2015,Dobre warunki atmosferyczne,Najechanie na pieszego,Dobre warunki atmosferyczne,Światło dzienne,Przystanek komunikacji publicznej,EWK-103605717W,11,2015-12-21,Nieokreślone (puste pole),21*09'425,51*23'540,P5304W  ,Obszar zabudowany,Odcinek prosty,Droga powiatowa,Jednojezdniowa dwukierunkowa,N,POWIAT RADOM,RADOM - OBSZAR MIEJSKI
1,0,1,2015,Dobre warunki atmosferyczne,Najechanie na pieszego,Dobre warunki atmosferyczne,Światło dzienne,"Wjazd, wyjazd z posesji, pola",EWK-98935188N,12,2015-05-27,Lekko,19*40'045,52*50'461,P,Obszar zabudowany,Odcinek prosty,Droga powiatowa,Jednojezdniowa dwukierunkowa,N,POWIAT SIERPECKI,SIERPC - OBSZAR MIEJSKI
1,0,0,2015,Dobre warunki atmosferyczne,Najechanie na pieszego,Dobre warunki atmosferyczne,Światło dzienne,"Wjazd, wyjazd z posesji, pola",EWK-98935188N,12,2015-05-27,Nieokreślone (puste pole),19*40'045,52*50'461,P,Obszar zabudowany,Odcinek prosty,Droga powiatowa,Jednojezdniowa dwukierunkowa,N,POWIAT SIERPECKI,SIERPC - OBSZAR MIEJSKI
1,0,1,2015,Dobre warunki atmosferyczne,Najechanie na pojazd unieruchomiony,Dobre warunki atmosferyczne,Noc - droga nieoświetlona,Jezdnia,EWK-99366156G,16,2015-11-25,Lekko,21*42'171,52*41'329,694,Obszar niezabudowany,Odcinek prosty,Droga wojewódzka,Jednojezdniowa dwukierunkowa,N,POWIAT WYSZKOWSKI,BRAŃSZCZYK - OBSZAR WIEJSKI
1,0,0,2015,Dobre warunki atmosferyczne,Najechanie na pojazd unieruchomiony,Dobre warunki atmosferyczne,Noc - droga nieoświetlona,Jezdnia,EWK-99366156G,16,2015-11-25,Nieokreślone (puste pole),21*42'171,52*41'329,694,Obszar niezabudowany,Odcinek prosty,Droga wojewódzka,Jednojezdniowa dwukierunkowa,N,POWIAT WYSZKOWSKI,BRAŃSZCZYK - OBSZAR WIEJSKI
1,0,1,2015,Dobre warunki atmosferyczne,Najechanie na pojazd unieruchomiony,Dobre warunki atmosferyczne,Noc - droga oświetlona,Jezdnia,EWK-98723696Q,18,2015-01-14,Lekko,21*44'557,52*50'012,GMINNA,Obszar zabudowany,Odcinek prosty,Droga gminna,Jednojezdniowa dwukierunkowa,T,POWIAT OSTROWSKI,WĄSEWO - OBSZAR WIEJSKI
1,0,0,2015,Dobre warunki atmosferyczne,Najechanie na pojazd unieruchomiony,Dobre warunki atmosferyczne,Noc - droga oświetlona,Jezdnia,EWK-98723696Q,18,2015-01-14,Nieokreślone (puste pole),21*44'557,52*50'012,GMINNA,Obszar zabudowany,Odcinek prosty,Droga gminna,Jednojezdniowa dwukierunkowa,T,POWIAT OSTROWSKI,WĄSEWO - OBSZAR WIEJSKI
1,0,2,2015,Dobre warunki atmosferyczne,Najechanie na pojazd unieruchomiony,Dobre warunki atmosferyczne,"Zmrok, świt",Jezdnia,EWK-99297258L,16,2015-11-04,Lekko,21*10'203,51*47'418,GMINNA,Obszar zabudowany,Odcinek prosty,Droga gminna,Jednojezdniowa dwukierunkowa,N,POWIAT GRÓJECKI,WARKA - OBSZAR MIEJSKI
1,0,0,2015,Dobre warunki atmosferyczne,Najechanie na pojazd unieruchomiony,Dobre warunki atmosferyczne,"Zmrok, świt",Jezdnia,EWK-99297258L,16,2015-11-04,Nieokreślone (puste pole),21*10'203,51*47'418,GMINNA,Obszar zabudowany,Odcinek prosty,Droga gminna,Jednojezdniowa dwukierunkowa,N,POWIAT GRÓJECKI,WARKA - OBSZAR MIEJSKI
1,0,1,2015,Dobre warunki atmosferyczne,Najechanie na pojazd unieruchomiony,Dobre warunki atmosferyczne,Światło dzienne,Jezdnia,EWK-98800403K,13,2015-03-19,Lekko,21*37'090,53*03'290,P5115W,Obszar zabudowany,Odcinek prosty,Droga powiatowa,Jednojezdniowa dwukierunkowa,N,POWIAT OSTROŁĘKA,OSTROŁĘKA - OBSZAR MIEJSKI
1,0,0,2015,Dobre warunki atmosferyczne,Najechanie na pojazd unieruchomiony,Dobre warunki atmosferyczne,Światło dzienne,Jezdnia,EWK-98800403K,13,2015-03-19,Nieokreślone (puste pole),21*37'090,53*03'290,P5115W,Obszar zabudowany,Odcinek prosty,Droga powiatowa,Jednojezdniowa dwukierunkowa,N,POWIAT OSTROŁĘKA,OSTROŁĘKA - OBSZAR MIEJSKI
1,0,1,2015,Dobre warunki atmosferyczne,Najechanie na pojazd unieruchomiony,Dobre warunki atmosferyczne,Światło dzienne,Jezdnia,EWK-98859930A,9,2015-04-24,Ciężko,21*36'367,51*36'207,P1724W,Obszar zabudowany,Odcinek prosty,Droga powiatowa,Jednojezdniowa dwukierunkowa,N,POWIAT KOZIENICKI,KOZIENICE - OBSZAR MIEJSKI
1,0,0,2015,Dobre warunki atmosferyczne,Najechanie na pojazd unieruchomiony,Dobre warunki atmosferyczne,Światło dzienne,Jezdnia,EWK-98859930A,9,2015-04-24,Nieokreślone (puste pole),21*36'367,51*36'207,P1724W,Obszar zabudowany,Odcinek prosty,Droga powiatowa,Jednojezdniowa dwukierunkowa,N,POWIAT KOZIENICKI,KOZIENICE - OBSZAR MIEJSKI
1,0,1,2015,Dobre warunki atmosferyczne,Najechanie na pojazd unieruchomiony,Dobre warunki atmosferyczne,Światło dzienne,Jezdnia,EWK-98869788D,9,2015-05-02,Lekko,19*39'594,52*51'240,G370479W,Obszar zabudowany,Odcinek prosty,Droga gminna,Jednojezdniowa dwukierunkowa,N,POWIAT SIERPECKI,SIERPC - OBSZAR MIEJSKI
1,0,0,2015,Dobre warunki atmosferyczne,Najechanie na pojazd unieruchomiony,Dobre warunki atmosferyczne,Światło dzienne,Jezdnia,EWK-98869788D,9,2015-05-02,Nieokreślone (puste pole),19*39'594,52*51'240,G370479W,Obszar zabudowany,Odcinek prosty,Droga gminna,Jednojezdniowa dwukierunkowa,N,POWIAT SIERPECKI,SIERPC - OBSZAR MIEJSKI
1,0,2,2015,Dobre warunki atmosferyczne,Najechanie na pojazd unieruchomiony,Dobre warunki atmosferyczne,Światło dzienne,Jezdnia,EWK-98874998Q,16,2015-05-03,Ciężko,20*22'196,53*05'345,7,Obszar niezabudowany,Odcinek prosty,Droga krajowa,Jednojezdniowa dwukierunkowa,N,POWIAT MŁAWSKI,MŁAWA - OBSZAR MIEJSKI
1,0,2,2015,Dobre warunki atmosferyczne,Najechanie na pojazd unieruchomiony,Dobre warunki atmosferyczne,Światło dzienne,Jezdnia,EWK-98874998Q,16,2015-05-03,Lekko,20*22'196,53*05'345,7,Obszar niezabudowany,Odcinek prosty,Droga krajowa,Jednojezdniowa dwukierunkowa,N,POWIAT MŁAWSKI,MŁAWA - OBSZAR MIEJSKI
1,0,0,2015,Dobre warunki atmosferyczne,Najechanie na pojazd unieruchomiony,Dobre warunki atmosferyczne,Światło dzienne,Jezdnia,EWK-98874998Q,16,2015-05-03,Nieokreślone (puste pole),20*22'196,53*05'345,7,Obszar niezabudowany,Odcinek prosty,Droga krajowa,Jednojezdniowa dwukierunkowa,N,POWIAT MŁAWSKI,MŁAWA - OBSZAR MIEJSKI
1,0,1,2015,Dobre warunki atmosferyczne,Najechanie na pojazd unieruchomiony,Dobre warunki atmosferyczne,Światło dzienne,Jezdnia,EWK-98947558X,17,2015-06-04,Lekko,21*20'399,51*25'143,GMINNA,Obszar zabudowany,Odcinek prosty,Droga gminna,Jednojezdniowa dwukierunkowa,N,POWIAT RADOMSKI,JEDLNIA-LETNISKO - OBSZAR WIEJSKI
1,0,0,2015,Dobre warunki atmosferyczne,Najechanie na pojazd unieruchomiony,Dobre warunki atmosferyczne,Światło dzienne,Jezdnia,EWK-98947558X,17,2015-06-04,Nieokreślone (puste pole),21*20'399,51*25'143,GMINNA,Obszar zabudowany,Odcinek prosty,Droga gminna,Jednojezdniowa dwukierunkowa,N,POWIAT RADOMSKI,JEDLNIA-LETNISKO - OBSZAR WIEJSKI
1,0,1,2015,Dobre warunki atmosferyczne,Najechanie na pojazd unieruchomiony,Dobre warunki atmosferyczne,Światło dzienne,Jezdnia,EWK-99034024L,12,2015-07-16,Ciężko,20*28'214,52*34'504,7,Obszar niezabudowany,Odcinek prosty,Droga krajowa,Dwie jezdnie jednokierunkowe,N,POWIAT PŁOŃSKI,ZAŁUSKI - OBSZAR WIEJSKI
1,1,0,2015,Dobre warunki atmosferyczne,Najechanie na pojazd unieruchomiony,Dobre warunki atmosferyczne,Światło dzienne,Jezdnia,EWK-99034024L,12,2015-07-16,Nieokreślone (puste pole),20*28'214,52*34'504,7,Obszar niezabudowany,Odcinek prosty,Droga krajowa,Dwie jezdnie jednokierunkowe,N,POWIAT PŁOŃSKI,ZAŁUSKI - OBSZAR WIEJSKI
1,0,1,2015,Dobre warunki atmosferyczne,Najechanie na pojazd unieruchomiony,Dobre warunki atmosferyczne,Światło dzienne,Jezdnia,EWK-99038137C,10,2015-07-16,Lekko,20*51'359,51*11'250,7,Obszar niezabudowany,Odcinek prosty,Droga krajowa,Jednojezdniowa dwukierunkowa,N,POWIAT SZYDŁOWIECKI,SZYDŁOWIEC - OBSZAR WIEJSKI
1,0,0,2015,Dobre warunki atmosferyczne,Najechanie na pojazd unieruchomiony,Dobre warunki atmosferyczne,Światło dzienne,Jezdnia,EWK-99038137C,10,2015-07-16,Nieokreślone (puste pole),20*51'359,51*11'250,7,Obszar niezabudowany,Odcinek prosty,Droga krajowa,Jednojezdniowa dwukierunkowa,N,POWIAT SZYDŁOWIECKI,SZYDŁOWIEC - OBSZAR WIEJSKI
1,0,1,2015,Dobre warunki atmosferyczne,Najechanie na pojazd unieruchomiony,Dobre warunki atmosferyczne,Światło dzienne,Jezdnia,EWK-99066200X,9,2015-07-30,Lekko,20*52'481,53*01'250,GMINNA,Obszar zabudowany,Odcinek prosty,Droga gminna,Jednojezdniowa dwukierunkowa,N,POWIAT PRZASNYSKI,PRZASNYSZ - OBSZAR MIEJSKI
1,0,0,2015,Dobre warunki atmosferyczne,Najechanie na pojazd unieruchomiony,Dobre warunki atmosferyczne,Światło dzienne,Jezdnia,EWK-99066200X,9,2015-07-30,Nieokreślone (puste pole),20*52'481,53*01'250,GMINNA,Obszar zabudowany,Odcinek prosty,Droga gminna,Jednojezdniowa dwukierunkowa,N,POWIAT PRZASNYSKI,PRZASNYSZ - OBSZAR MIEJSKI
1,0,1,2015,Dobre warunki atmosferyczne,Najechanie na pojazd unieruchomiony,Dobre warunki atmosferyczne,Światło dzienne,Jezdnia,EWK-99082232U,13,2015-08-07,Ciężko,20*31'550,51*59'010,GMINNA,Obszar zabudowany,Odcinek prosty,Droga gminna,Jednojezdniowa dwukierunkowa,N,POWIAT ŻYRARDOWSKI,RADZIEJOWICE - OBSZAR WIEJSKI
1,0,0,2015,Dobre warunki atmosferyczne,Najechanie na pojazd unieruchomiony,Dobre warunki atmosferyczne,Światło dzienne,Jezdnia,EWK-99082232U,13,2015-08-07,Nieokreślone (puste pole),20*31'550,51*59'010,GMINNA,Obszar zabudowany,Odcinek prosty,Droga gminna,Jednojezdniowa dwukierunkowa,N,POWIAT ŻYRARDOWSKI,RADZIEJOWICE - OBSZAR WIEJSKI
1,0,1,2015,Dobre warunki atmosferyczne,Najechanie na pojazd unieruchomiony,Dobre warunki atmosferyczne,Światło dzienne,Jezdnia,EWK-99092579J,14,2015-08-15,Ciężko,20*54'475,51*27'504,740,Obszar zabudowany,,Droga wojewódzka,Jednojezdniowa dwukierunkowa,T,POWIAT RADOMSKI,PRZYTYK - OBSZAR WIEJSKI
1,0,0,2015,Dobre warunki atmosferyczne,Najechanie na pojazd unieruchomiony,Dobre warunki atmosferyczne,Światło dzienne,Jezdnia,EWK-99092579J,14,2015-08-15,Nieokreślone (puste pole),20*54'475,51*27'504,740,Obszar zabudowany,,Droga wojewódzka,Jednojezdniowa dwukierunkowa,T,POWIAT RADOMSKI,PRZYTYK - OBSZAR WIEJSKI
1,1,0,2015,Dobre warunki atmosferyczne,Najechanie na pojazd unieruchomiony,Dobre warunki atmosferyczne,Światło dzienne,Jezdnia,EWK-99111875A,13,2015-08-22,Nieokreślone (puste pole),21*02'300,51*33'051,S7,Obszar niezabudowany,Odcinek prosty,Droga krajowa,Ekspresowa,N,POWIAT BIAŁOBRZESKI,STARA BŁOTNICA - OBSZAR WIEJSKI
1,0,1,2015,Dobre warunki atmosferyczne,Najechanie na pojazd unieruchomiony,Dobre warunki atmosferyczne,Światło dzienne,Jezdnia,EWK-99181986F,16,2015-09-19,Lekko,21*50'477,52*22'269,W637,Obszar zabudowany,"Zakręt, łuk",Droga wojewódzka,Jednojezdniowa dwukierunkowa,N,POWIAT WĘGROWSKI,KORYTNICA - OBSZAR WIEJSKI
1,0,0,2015,Dobre warunki atmosferyczne,Najechanie na pojazd unieruchomiony,Dobre warunki atmosferyczne,Światło dzienne,Jezdnia,EWK-99181986F,16,2015-09-19,Nieokreślone (puste pole),21*50'477,52*22'269,W637,Obszar zabudowany,"Zakręt, łuk",Droga wojewódzka,Jednojezdniowa dwukierunkowa,N,POWIAT WĘGROWSKI,KORYTNICA - OBSZAR WIEJSKI
1,0,1,2015,Dobre warunki atmosferyczne,Najechanie na pojazd unieruchomiony,Dobre warunki atmosferyczne,Światło dzienne,Jezdnia,EWK-99217844W,10,2015-10-03,Lekko,20*17'356,52*13'277,92,Obszar niezabudowany,Odcinek prosty,Droga krajowa,Jednojezdniowa dwukierunkowa,N,POWIAT SOCHACZEWSKI,SOCHACZEW - OBSZAR WIEJSKI
1,0,0,2015,Dobre warunki atmosferyczne,Najechanie na pojazd unieruchomiony,Dobre warunki atmosferyczne,Światło dzienne,Jezdnia,EWK-99217844W,10,2015-10-03,Nieokreślone (puste pole),20*17'356,52*13'277,92,Obszar niezabudowany,Odcinek prosty,Droga krajowa,Jednojezdniowa dwukierunkowa,N,POWIAT SOCHACZEWSKI,SOCHACZEW - OBSZAR WIEJSKI
1,0,1,2015,Dobre warunki atmosferyczne,Najechanie na pojazd unieruchomiony,Dobre warunki atmosferyczne,Światło dzienne,"Roboty drogowe, oznakowanie tymczasowe",EWK-98850648K,16,2015-04-22,Ciężko,20*44'370,51*42'437,728,Obszar zabudowany,"Zakręt, łuk",Droga wojewódzka,Jednojezdniowa dwukierunkowa,N,POWIAT GRÓJECKI,MOGIELNICA - OBSZAR WIEJSKI
1,0,0,2015,Dobre warunki atmosferyczne,Najechanie na pojazd unieruchomiony,Dobre warunki atmosferyczne,Światło dzienne,"Roboty drogowe, oznakowanie tymczasowe",EWK-98850648K,16,2015-04-22,Nieokreślone (puste pole),20*44'370,51*42'437,728,Obszar zabudowany,"Zakręt, łuk",Droga wojewódzka,Jednojezdniowa dwukierunkowa,N,POWIAT GRÓJECKI,MOGIELNICA - OBSZAR WIEJSKI
1,0,1,2015,Dobre warunki atmosferyczne,Najechanie na pojazd unieruchomiony,Dobre warunki atmosferyczne,Światło dzienne,"Skarpa, rów",EWK-99067084G,14,2015-07-21,Lekko,21*47'344,51*43'436,17,Obszar niezabudowany,Odcinek prosty,Droga krajowa,Jednojezdniowa dwukierunkowa,N,POWIAT GARWOLIŃSKI,TROJANÓW - OBSZAR WIEJSKI
1,2,0,2015,Dobre warunki atmosferyczne,Najechanie na pojazd unieruchomiony,Dobre warunki atmosferyczne,Światło dzienne,"Skarpa, rów",EWK-99067084G,14,2015-07-21,Nieokreślone (puste pole),21*47'344,51*43'436,17,Obszar niezabudowany,Odcinek prosty,Droga krajowa,Jednojezdniowa dwukierunkowa,N,POWIAT GARWOLIŃSKI,TROJANÓW - OBSZAR WIEJSKI
1,0,1,2015,Dobre warunki atmosferyczne,"Najechanie na słup, znak",Dobre warunki atmosferyczne,Noc - droga nieoświetlona,Pas dzielący jezdnie,EWK-98803569W,19,2015-03-19,Lekko,20*28'136,52*34'527,7,Obszar niezabudowany,Odcinek prosty,Droga krajowa,Dwie jezdnie jednokierunkowe,N,POWIAT PŁOŃSKI,ZAŁUSKI - OBSZAR WIEJSKI
1,0,1,2015,Dobre warunki atmosferyczne,"Najechanie na słup, znak",Dobre warunki atmosferyczne,Noc - droga nieoświetlona,"Skarpa, rów",EWK-99343861E,20,2015-11-21,Lekko,19*42'283,52*36'261,5205W,Obszar niezabudowany,,Droga powiatowa,Jednojezdniowa dwukierunkowa,N,POWIAT PŁOCKI,STARA BIAŁA - OBSZAR WIEJSKI
1,0,0,2015,Dobre warunki atmosferyczne,"Najechanie na słup, znak",Dobre warunki atmosferyczne,Noc - droga nieoświetlona,"Skarpa, rów",EWK-99343861E,20,2015-11-21,Nieokreślone (puste pole),19*42'283,52*36'261,5205W,Obszar niezabudowany,,Droga powiatowa,Jednojezdniowa dwukierunkowa,N,POWIAT PŁOCKI,STARA BIAŁA - OBSZAR WIEJSKI