Liczba wypadków,Liczba zabitych,Liczba rannych,Rok,Warunki atmosferyczne,Rodzaj zdarzenia,Warunki atmosferyczne,Oświetlenie,Charakterystyka miejsca zdarzenia,IDKSIP zdarzenia,Godzina,Dzień,Ranny,GPS x,GPS y,Numer drogi,Obszar,Geometria drogi,Kategoria drogi 1,Rodzaj drogi,Czy w zdarzeniu był sprawca nietrzeźwy,Powiat,Gmina
1,0,1,2015,Dobre warunki atmosferyczne,Zdarzenie z pasażerem,Dobre warunki atmosferyczne,Noc - droga nieoświetlona,Jezdnia,EWK-99102198Y,22,2015-08-16,Ciężko,21*30'300,52*37'374,S8W,Obszar niezabudowany,Odcinek prosty,Droga krajowa,Ekspresowa,N,POWIAT WYSZKOWSKI,BRAŃSZCZYK - OBSZAR WIEJSKI
1,0,0,2015,Dobre warunki atmosferyczne,Zdarzenie z pasażerem,Dobre warunki atmosferyczne,Noc - droga nieoświetlona,Jezdnia,EWK-99102198Y,22,2015-08-16,Nieokreślone (puste pole),21*30'300,52*37'374,S8W,Obszar niezabudowany,Odcinek prosty,Droga krajowa,Ekspresowa,N,POWIAT WYSZKOWSKI,BRAŃSZCZYK - OBSZAR WIEJSKI
1,0,1,2015,Dobre warunki atmosferyczne,Zdarzenie z pasażerem,Dobre warunki atmosferyczne,"Zmrok, świt",Jezdnia,EWK-98764628T,6,2015-02-13,Lekko,21*45'555,52*27'504,P4237W,Obszar zabudowany,,Droga powiatowa,Jednojezdniowa dwukierunkowa,N,POWIAT WĘGROWSKI,KORYTNICA - OBSZAR WIEJSKI
1,0,0,2015,Dobre warunki atmosferyczne,Zdarzenie z pasażerem,Dobre warunki atmosferyczne,"Zmrok, świt",Jezdnia,EWK-98764628T,6,2015-02-13,Nieokreślone (puste pole),21*45'555,52*27'504,P4237W,Obszar zabudowany,,Droga powiatowa,Jednojezdniowa dwukierunkowa,N,POWIAT WĘGROWSKI,KORYTNICA - OBSZAR WIEJSKI
1,0,3,2015,Dobre warunki atmosferyczne,Zdarzenie z pasażerem,Dobre warunki atmosferyczne,"Zmrok, świt",Jezdnia,EWK-99008386P,1,2015-07-03,Lekko,21*36'226,52*33'133,62,Obszar niezabudowany,Odcinek prosty,Droga krajowa,Jednojezdniowa dwukierunkowa,N,POWIAT WĘGROWSKI,ŁOCHÓW - OBSZAR WIEJSKI
1,0,1,2015,Dobre warunki atmosferyczne,Zdarzenie z pasażerem,Dobre warunki atmosferyczne,Światło dzienne,Jezdnia,EWK-98749517L,8,2015-02-03,Lekko,20*56'565,51*37'086,P1121W,Obszar zabudowany,Odcinek prosty,Droga powiatowa,Jednojezdniowa dwukierunkowa,N,POWIAT BIAŁOBRZESKI,BIAŁOBRZEGI - OBSZAR WIEJSKI
1,0,0,2015,Dobre warunki atmosferyczne,Zdarzenie z pasażerem,Dobre warunki atmosferyczne,Światło dzienne,Jezdnia,EWK-98749517L,8,2015-02-03,Nieokreślone (puste pole),20*56'565,51*37'086,P1121W,Obszar zabudowany,Odcinek prosty,Droga powiatowa,Jednojezdniowa dwukierunkowa,N,POWIAT BIAŁOBRZESKI,BIAŁOBRZEGI - OBSZAR WIEJSKI
1,0,1,2015,Dobre warunki atmosferyczne,Zdarzenie z pasażerem,Dobre warunki atmosferyczne,Światło dzienne,Jezdnia,EWK-98773018T,15,2015-02-20,Lekko,21*09'569,51*24'467,P5304W  ,Obszar zabudowany,,Droga powiatowa,Jednojezdniowa dwukierunkowa,N,POWIAT RADOM,RADOM - OBSZAR MIEJSKI
1,0,0,2015,Dobre warunki atmosferyczne,Zdarzenie z pasażerem,Dobre warunki atmosferyczne,Światło dzienne,Jezdnia,EWK-98773018T,15,2015-02-20,Nieokreślone (puste pole),21*09'569,51*24'467,P5304W  ,Obszar zabudowany,,Droga powiatowa,Jednojezdniowa dwukierunkowa,N,POWIAT RADOM,RADOM - OBSZAR MIEJSKI
1,0,1,2015,Dobre warunki atmosferyczne,Zdarzenie z pasażerem,Dobre warunki atmosferyczne,Światło dzienne,Jezdnia,EWK-98856925J,12,2015-04-21,Ciężko,21*09'036,51*24'203,P5302W,Obszar zabudowany,,Droga powiatowa,Jednojezdniowa dwukierunkowa,N,POWIAT RADOM,RADOM - OBSZAR MIEJSKI
1,0,1,2015,Dobre warunki atmosferyczne,Zdarzenie z pasażerem,Dobre warunki atmosferyczne,Światło dzienne,Jezdnia,EWK-98856925J,12,2015-04-21,Lekko,21*09'036,51*24'203,P5302W,Obszar zabudowany,,Droga powiatowa,Jednojezdniowa dwukierunkowa,N,POWIAT RADOM,RADOM - OBSZAR MIEJSKI
1,0,0,2015,Dobre warunki atmosferyczne,Zdarzenie z pasażerem,Dobre warunki atmosferyczne,Światło dzienne,Jezdnia,EWK-98856925J,12,2015-04-21,Nieokreślone (puste pole),21*09'036,51*24'203,P5302W,Obszar zabudowany,,Droga powiatowa,Jednojezdniowa dwukierunkowa,N,POWIAT RADOM,RADOM - OBSZAR MIEJSKI
1,0,1,2015,Dobre warunki atmosferyczne,Zdarzenie z pasażerem,Dobre warunki atmosferyczne,Światło dzienne,Jezdnia,EWK-98931622U,8,2015-05-30,Lekko,21*11'367,51*49'524,731,Obszar niezabudowany,Odcinek prosty,Droga wojewódzka,Jednojezdniowa dwukierunkowa,N,POWIAT GRÓJECKI,WARKA - OBSZAR WIEJSKI
1,0,0,2015,Dobre warunki atmosferyczne,Zdarzenie z pasażerem,Dobre warunki atmosferyczne,Światło dzienne,Jezdnia,EWK-98931622U,8,2015-05-30,Nieokreślone (puste pole),21*11'367,51*49'524,731,Obszar niezabudowany,Odcinek prosty,Droga wojewódzka,Jednojezdniowa dwukierunkowa,N,POWIAT GRÓJECKI,WARKA - OBSZAR WIEJSKI
1,0,1,2015,Dobre warunki atmosferyczne,Zdarzenie z pasażerem,Dobre warunki atmosferyczne,Światło dzienne,Jezdnia,EWK-98932110D,11,2015-05-30,Ciężko,21*15'430,53*06'225,G250107W,Obszar niezabudowany,Odcinek prosty,Droga gminna,Jednojezdniowa dwukierunkowa,N,POWIAT OSTROŁĘCKI,BARANOWO - OBSZAR WIEJSKI
1,0,0,2015,Dobre warunki atmosferyczne,Zdarzenie z pasażerem,Dobre warunki atmosferyczne,Światło dzienne,Jezdnia,EWK-98932110D,11,2015-05-30,Nieokreślone (puste pole),21*15'430,53*06'225,G250107W,Obszar niezabudowany,Odcinek prosty,Droga gminna,Jednojezdniowa dwukierunkowa,N,POWIAT OSTROŁĘCKI,BARANOWO - OBSZAR WIEJSKI
1,0,1,2015,Dobre warunki atmosferyczne,Zdarzenie z pasażerem,Dobre warunki atmosferyczne,Światło dzienne,Jezdnia,EWK-98955035H,20,2015-06-11,Ciężko,21*27'247,51*28'460,GMINNA,Obszar zabudowany,,Droga gminna,Jednojezdniowa dwukierunkowa,N,POWIAT RADOMSKI,PIONKI - OBSZAR MIEJSKI
1,1,0,2015,Dobre warunki atmosferyczne,Zdarzenie z pasażerem,Dobre warunki atmosferyczne,Światło dzienne,Jezdnia,EWK-98956111J,13,2015-06-11,Nieokreślone (puste pole),21*08'070,51*54'267,GMINNA,Obszar niezabudowany,Odcinek prosty,Droga gminna,Jednojezdniowa dwukierunkowa,N,POWIAT GRÓJECKI,CHYNÓW - OBSZAR WIEJSKI
1,0,1,2015,Dobre warunki atmosferyczne,Zdarzenie z pasażerem,Dobre warunki atmosferyczne,Światło dzienne,Jezdnia,EWK-99029579M,20,2015-07-12,Ciężko,20*50'564,51*52'132,GMINNA,Obszar niezabudowany,"Zakręt, łuk",Droga gminna,Jednojezdniowa dwukierunkowa,N,POWIAT GRÓJECKI,GRÓJEC - OBSZAR WIEJSKI
1,0,0,2015,Dobre warunki atmosferyczne,Zdarzenie z pasażerem,Dobre warunki atmosferyczne,Światło dzienne,Jezdnia,EWK-99029579M,20,2015-07-12,Nieokreślone (puste pole),20*50'564,51*52'132,GMINNA,Obszar niezabudowany,"Zakręt, łuk",Droga gminna,Jednojezdniowa dwukierunkowa,N,POWIAT GRÓJECKI,GRÓJEC - OBSZAR WIEJSKI
1,0,1,2015,Dobre warunki atmosferyczne,Zdarzenie z pasażerem,Dobre warunki atmosferyczne,Światło dzienne,Jezdnia,EWK-99058111F,18,2015-07-28,Lekko,19*44'386,52*29'097,575,Obszar zabudowany,Odcinek prosty,Droga wojewódzka,Jednojezdniowa dwukierunkowa,N,POWIAT PŁOCKI,GĄBIN - OBSZAR WIEJSKI
1,0,0,2015,Dobre warunki atmosferyczne,Zdarzenie z pasażerem,Dobre warunki atmosferyczne,Światło dzienne,Jezdnia,EWK-99058111F,18,2015-07-28,Nieokreślone (puste pole),19*44'386,52*29'097,575,Obszar zabudowany,Odcinek prosty,Droga wojewódzka,Jednojezdniowa dwukierunkowa,N,POWIAT PŁOCKI,GĄBIN - OBSZAR WIEJSKI
1,0,1,2015,Dobre warunki atmosferyczne,Zdarzenie z pasażerem,Dobre warunki atmosferyczne,Światło dzienne,Jezdnia,EWK-99114158C,17,2015-08-23,Lekko,21*24'567,52*37'337,4415W,Obszar zabudowany,Odcinek prosty,Droga powiatowa,Jednojezdniowa dwukierunkowa,N,POWIAT WYSZKOWSKI,WYSZKÓW - OBSZAR WIEJSKI
1,0,0,2015,Dobre warunki atmosferyczne,Zdarzenie z pasażerem,Dobre warunki atmosferyczne,Światło dzienne,Jezdnia,EWK-99114158C,17,2015-08-23,Nieokreślone (puste pole),21*24'567,52*37'337,4415W,Obszar zabudowany,Odcinek prosty,Droga powiatowa,Jednojezdniowa dwukierunkowa,N,POWIAT WYSZKOWSKI,WYSZKÓW - OBSZAR WIEJSKI
1,0,1,2015,Dobre warunki atmosferyczne,Zdarzenie z pasażerem,Dobre warunki atmosferyczne,Światło dzienne,Jezdnia,EWK-99179726H,13,2015-09-10,Lekko,19*41'532,52*32'346,P,Obszar zabudowany,,Droga powiatowa,Jednokierunkowa,N,POWIAT PŁOCK,PŁOCK - OBSZAR MIEJSKI
1,0,0,2015,Dobre warunki atmosferyczne,Zdarzenie z pasażerem,Dobre warunki atmosferyczne,Światło dzienne,Jezdnia,EWK-99179726H,13,2015-09-10,Nieokreślone (puste pole),19*41'532,52*32'346,P,Obszar zabudowany,,Droga powiatowa,Jednokierunkowa,N,POWIAT PŁOCK,PŁOCK - OBSZAR MIEJSKI
1,0,1,2015,Dobre warunki atmosferyczne,Zdarzenie z pasażerem,Dobre warunki atmosferyczne,Światło dzienne,Pobocze,EWK-98850824C,19,2015-04-17,Ciężko,22*20'098,52*25'057,36154W,Obszar zabudowany,"Zakręt, łuk",Droga powiatowa,Jednojezdniowa dwukierunkowa,N,POWIAT SOKOŁOWSKI,REPKI - OBSZAR WIEJSKI
1,0,1,2015,Dobre warunki atmosferyczne,Zdarzenie z pasażerem,Dobre warunki atmosferyczne,Światło dzienne,Pobocze,EWK-98850824C,19,2015-04-17,Lekko,22*20'098,52*25'057,36154W,Obszar zabudowany,"Zakręt, łuk",Droga powiatowa,Jednojezdniowa dwukierunkowa,N,POWIAT SOKOŁOWSKI,REPKI - OBSZAR WIEJSKI
1,0,1,2015,Dobre warunki atmosferyczne,Zdarzenie z pasażerem,Dobre warunki atmosferyczne,Światło dzienne,Pobocze,EWK-98988473H,4,2015-06-23,Lekko,22*50'420,52*08'345,GMINNA,Obszar zabudowany,Odcinek prosty,Droga gminna,Jednojezdniowa dwukierunkowa,N,POWIAT ŁOSICKI,HUSZLEW - OBSZAR WIEJSKI
1,0,0,2015,Dobre warunki atmosferyczne,Zdarzenie z pasażerem,Dobre warunki atmosferyczne,Światło dzienne,Pobocze,EWK-98988473H,4,2015-06-23,Nieokreślone (puste pole),22*50'420,52*08'345,GMINNA,Obszar zabudowany,Odcinek prosty,Droga gminna,Jednojezdniowa dwukierunkowa,N,POWIAT ŁOSICKI,HUSZLEW - OBSZAR WIEJSKI
1,0,1,2015,Dobre warunki atmosferyczne,Zdarzenie z pasażerem,Dobre warunki atmosferyczne,Światło dzienne,"Skarpa, rów",EWK-98768285E,8,2015-02-17,Lekko,20*32'382,51*23'419,12,Obszar niezabudowany,Odcinek prosty,Droga krajowa,Jednojezdniowa dwukierunkowa,N,POWIAT PRZYSUSKI,GIELNIÓW - OBSZAR WIEJSKI
1,0,0,2015,Dobre warunki atmosferyczne,Zdarzenie z pasażerem,Dobre warunki atmosferyczne,Światło dzienne,"Skarpa, rów",EWK-98768285E,8,2015-02-17,Nieokreślone (puste pole),20*32'382,51*23'419,12,Obszar niezabudowany,Odcinek prosty,Droga krajowa,Jednojezdniowa dwukierunkowa,N,POWIAT PRZYSUSKI,GIELNIÓW - OBSZAR WIEJSKI
1,0,2,2015,Dobre warunki atmosferyczne,Zderzenie pojazdów boczne,Dobre warunki atmosferyczne,Noc - droga nieoświetlona,Jezdnia,EWK-103572903A,17,2015-12-15,Lekko,22*23'320,52*06'208,2,Obszar niezabudowany,Odcinek prosty,Droga krajowa,Jednojezdniowa dwukierunkowa,N,POWIAT SIEDLECKI,ZBUCZYN - OBSZAR WIEJSKI
1,0,0,2015,Dobre warunki atmosferyczne,Zderzenie pojazdów boczne,Dobre warunki atmosferyczne,Noc - droga nieoświetlona,Jezdnia,EWK-103572903A,17,2015-12-15,Nieokreślone (puste pole),22*23'320,52*06'208,2,Obszar niezabudowany,Odcinek prosty,Droga krajowa,Jednojezdniowa dwukierunkowa,N,POWIAT SIEDLECKI,ZBUCZYN - OBSZAR WIEJSKI
1,0,1,2015,Dobre warunki atmosferyczne,Zderzenie pojazdów boczne,Dobre warunki atmosferyczne,Noc - droga nieoświetlona,Jezdnia,EWK-103592558G,18,2015-12-19,Lekko,20*23'439,53*07'583,7,Obszar niezabudowany,,Droga krajowa,Jednojezdniowa dwukierunkowa,N,POWIAT MŁAWSKI,MŁAWA - OBSZAR MIEJSKI
1,0,0,2015,Dobre warunki atmosferyczne,Zderzenie pojazdów boczne,Dobre warunki atmosferyczne,Noc - droga nieoświetlona,Jezdnia,EWK-103592558G,18,2015-12-19,Nieokreślone (puste pole),20*23'439,53*07'583,7,Obszar niezabudowany,,Droga krajowa,Jednojezdniowa dwukierunkowa,N,POWIAT MŁAWSKI,MŁAWA - OBSZAR MIEJSKI
1,0,2,2015,Dobre warunki atmosferyczne,Zderzenie pojazdów boczne,Dobre warunki atmosferyczne,Noc - droga nieoświetlona,Jezdnia,EWK-103664091Y,20,2015-12-24,Lekko,19*44'089,52*34'330,60,Obszar niezabudowany,,Droga krajowa,Jednojezdniowa dwukierunkowa,N,POWIAT PŁOCK,PŁOCK - OBSZAR MIEJSKI
1,0,0,2015,Dobre warunki atmosferyczne,Zderzenie pojazdów boczne,Dobre warunki atmosferyczne,Noc - droga nieoświetlona,Jezdnia,EWK-103664091Y,20,2015-12-24,Nieokreślone (puste pole),19*44'089,52*34'330,60,Obszar niezabudowany,,Droga krajowa,Jednojezdniowa dwukierunkowa,N,POWIAT PŁOCK,PŁOCK - OBSZAR MIEJSKI
1,0,2,2015,Dobre warunki atmosferyczne,Zderzenie pojazdów boczne,Dobre warunki atmosferyczne,Noc - droga nieoświetlona,Jezdnia,EWK-103665026U,3,2015-12-26,Lekko,22*09'298,52*42'130,694,Obszar niezabudowany,,Droga wojewódzka,Jednojezdniowa dwukierunkowa,N,POWIAT OSTROWSKI,ZARĘBY KOŚCIELNE - OBSZAR WIEJSKI
1,0,0,2015,Dobre warunki atmosferyczne,Zderzenie pojazdów boczne,Dobre warunki atmosferyczne,Noc - droga nieoświetlona,Jezdnia,EWK-103665026U,3,2015-12-26,Nieokreślone (puste pole),22*09'298,52*42'130,694,Obszar niezabudowany,,Droga wojewódzka,Jednojezdniowa dwukierunkowa,N,POWIAT OSTROWSKI,ZARĘBY KOŚCIELNE - OBSZAR WIEJSKI
1,0,1,2015,Dobre warunki atmosferyczne,Zderzenie pojazdów boczne,Dobre warunki atmosferyczne,Noc - droga nieoświetlona,Jezdnia,EWK-103672788Q,16,2015-12-29,Lekko,21*35'400,51*22'360,79,Obszar zabudowany,Odcinek prosty,Droga krajowa,Jednojezdniowa dwukierunkowa,N,POWIAT ZWOLEŃSKI,ZWOLEŃ - OBSZAR MIEJSKI
1,0,0,2015,Dobre warunki atmosferyczne,Zderzenie pojazdów boczne,Dobre warunki atmosferyczne,Noc - droga nieoświetlona,Jezdnia,EWK-103672788Q,16,2015-12-29,Nieokreślone (puste pole),21*35'400,51*22'360,79,Obszar zabudowany,Odcinek prosty,Droga krajowa,Jednojezdniowa dwukierunkowa,N,POWIAT ZWOLEŃSKI,ZWOLEŃ - OBSZAR MIEJSKI
1,0,2,2015,Dobre warunki atmosferyczne,Zderzenie pojazdów boczne,Dobre warunki atmosferyczne,Noc - droga nieoświetlona,Jezdnia,EWK-98752754W,19,2015-02-03,Ciężko,21*59'410,52*11'598,2,Obszar niezabudowany,Odcinek prosty,Droga krajowa,Jednojezdniowa dwukierunkowa,N,POWIAT SIEDLECKI,KOTUŃ - OBSZAR WIEJSKI
1,0,0,2015,Dobre warunki atmosferyczne,Zderzenie pojazdów boczne,Dobre warunki atmosferyczne,Noc - droga nieoświetlona,Jezdnia,EWK-98752754W,19,2015-02-03,Nieokreślone (puste pole),21*59'410,52*11'598,2,Obszar niezabudowany,Odcinek prosty,Droga krajowa,Jednojezdniowa dwukierunkowa,N,POWIAT SIEDLECKI,KOTUŃ - OBSZAR WIEJSKI
1,0,3,2015,Dobre warunki atmosferyczne,Zderzenie pojazdów boczne,Dobre warunki atmosferyczne,Noc - droga nieoświetlona,Jezdnia,EWK-98770339W,18,2015-02-04,Lekko,21*43'104,51*47'502,17,Obszar niezabudowany,,Droga krajowa,Jednojezdniowa dwukierunkowa,N,POWIAT GARWOLIŃSKI,SOBOLEW - OBSZAR WIEJSKI
1,0,0,2015,Dobre warunki atmosferyczne,Zderzenie pojazdów boczne,Dobre warunki atmosferyczne,Noc - droga nieoświetlona,Jezdnia,EWK-98770339W,18,2015-02-04,Nieokreślone (puste pole),21*43'104,51*47'502,17,Obszar niezabudowany,,Droga krajowa,Jednojezdniowa dwukierunkowa,N,POWIAT GARWOLIŃSKI,SOBOLEW - OBSZAR WIEJSKI
1,0,1,2015,Dobre warunki atmosferyczne,Zderzenie pojazdów boczne,Dobre warunki atmosferyczne,Noc - droga nieoświetlona,Jezdnia,EWK-98794037L,20,2015-03-10,Lekko,20*37'262,52*39'591,1247W,Obszar zabudowany,Odcinek prosty,Droga powiatowa,Jednojezdniowa dwukierunkowa,N,POWIAT PŁOŃSKI,NOWE MIASTO - OBSZAR WIEJSKI
1,0,0,2015,Dobre warunki atmosferyczne,Zderzenie pojazdów boczne,Dobre warunki atmosferyczne,Noc - droga nieoświetlona,Jezdnia,EWK-98794037L,20,2015-03-10,Nieokreślone (puste pole),20*37'262,52*39'591,1247W,Obszar zabudowany,Odcinek prosty,Droga powiatowa,Jednojezdniowa dwukierunkowa,N,POWIAT PŁOŃSKI,NOWE MIASTO - OBSZAR WIEJSKI
1,0,2,2015,Dobre warunki atmosferyczne,Zderzenie pojazdów boczne,Dobre warunki atmosferyczne,Noc - droga nieoświetlona,Jezdnia,EWK-98881884T,21,2015-05-08,Lekko,20*15'341,52*12'101,50,Obszar niezabudowany,Odcinek prosty,Droga krajowa,Jednojezdniowa dwukierunkowa,N,POWIAT SOCHACZEWSKI,SOCHACZEW - OBSZAR WIEJSKI
1,0,0,2015,Dobre warunki atmosferyczne,Zderzenie pojazdów boczne,Dobre warunki atmosferyczne,Noc - droga nieoświetlona,Jezdnia,EWK-98881884T,21,2015-05-08,Nieokreślone (puste pole),20*15'341,52*12'101,50,Obszar niezabudowany,Odcinek prosty,Droga krajowa,Jednojezdniowa dwukierunkowa,N,POWIAT SOCHACZEWSKI,SOCHACZEW - OBSZAR WIEJSKI
1,0,1,2015,Dobre warunki atmosferyczne,Zderzenie pojazdów boczne,Dobre warunki atmosferyczne,Noc - droga nieoświetlona,Jezdnia,EWK-99006109U,22,2015-06-20,Ciężko,21*49'026,51*47'531,807,Obszar niezabudowany,,Droga wojewódzka,Jednojezdniowa dwukierunkowa,N,POWIAT GARWOLIŃSKI,ŻELECHÓW - OBSZAR WIEJSKI
1,0,0,2015,Dobre warunki atmosferyczne,Zderzenie pojazdów boczne,Dobre warunki atmosferyczne,Noc - droga nieoświetlona,Jezdnia,EWK-99006109U,22,2015-06-20,Nieokreślone (puste pole),21*49'026,51*47'531,807,Obszar niezabudowany,,Droga wojewódzka,Jednojezdniowa dwukierunkowa,N,POWIAT GARWOLIŃSKI,ŻELECHÓW - OBSZAR WIEJSKI
1,0,2,2015,Dobre warunki atmosferyczne,Zderzenie pojazdów boczne,Dobre warunki atmosferyczne,Noc - droga nieoświetlona,Jezdnia,EWK-99012567A,0,2015-07-04,Ciężko,20*37'155,51*56'124,50,Obszar niezabudowany,Wzniesienie,Droga krajowa,Jednojezdniowa dwukierunkowa,N,POWIAT ŻYRARDOWSKI,MSZCZONÓW - OBSZAR WIEJSKI
1,0,1,2015,Dobre warunki atmosferyczne,Zderzenie pojazdów boczne,Dobre warunki atmosferyczne,Noc - droga nieoświetlona,Jezdnia,EWK-99012567A,0,2015-07-04,Lekko,20*37'155,51*56'124,50,Obszar niezabudowany,Wzniesienie,Droga krajowa,Jednojezdniowa dwukierunkowa,N,POWIAT ŻYRARDOWSKI,MSZCZONÓW - OBSZAR WIEJSKI
1,0,0,2015,Dobre warunki atmosferyczne,Zderzenie pojazdów boczne,Dobre warunki atmosferyczne,Noc - droga nieoświetlona,Jezdnia,EWK-99012567A,0,2015-07-04,Nieokreślone (puste pole),20*37'155,51*56'124,50,Obszar niezabudowany,Wzniesienie,Droga krajowa,Jednojezdniowa dwukierunkowa,N,POWIAT ŻYRARDOWSKI,MSZCZONÓW - OBSZAR WIEJSKI
1,0,1,2015,Dobre warunki atmosferyczne,Zderzenie pojazdów boczne,Dobre warunki atmosferyczne,Noc - droga nieoświetlona,Jezdnia,EWK-99040536K,21,2015-07-16,Lekko,21*39'581,53*05'336,2552W,Obszar niezabudowany,,Droga powiatowa,Jednojezdniowa dwukierunkowa,N,POWIAT OSTROŁĘCKI,RZEKUŃ - OBSZAR WIEJSKI
1,0,0,2015,Dobre warunki atmosferyczne,Zderzenie pojazdów boczne,Dobre warunki atmosferyczne,Noc - droga nieoświetlona,Jezdnia,EWK-99040536K,21,2015-07-16,Nieokreślone (puste pole),21*39'581,53*05'336,2552W,Obszar niezabudowany,,Droga powiatowa,Jednojezdniowa dwukierunkowa,N,POWIAT OSTROŁĘCKI,RZEKUŃ - OBSZAR WIEJSKI
1,0,3,2015,Dobre warunki atmosferyczne,Zderzenie pojazdów boczne,Dobre warunki atmosferyczne,Noc - droga nieoświetlona,Jezdnia,EWK-99051378Q,21,2015-07-26,Lekko,22*28'425,52*05'229,GMINNA,Obszar zabudowany,,Droga gminna,Jednojezdniowa dwukierunkowa,N,POWIAT SIEDLECKI,ZBUCZYN - OBSZAR WIEJSKI
1,0,1,2015,Dobre warunki atmosferyczne,Zderzenie pojazdów boczne,Dobre warunki atmosferyczne,Noc - droga nieoświetlona,Jezdnia,EWK-99074828P,22,2015-08-06,Lekko,21*23'392,51*43'379,79,Obszar niezabudowany,,Droga krajowa,Jednojezdniowa dwukierunkowa,N,POWIAT KOZIENICKI,MAGNUSZEW - OBSZAR WIEJSKI
1,0,0,2015,Dobre warunki atmosferyczne,Zderzenie pojazdów boczne,Dobre warunki atmosferyczne,Noc - droga nieoświetlona,Jezdnia,EWK-99074828P,22,2015-08-06,Nieokreślone (puste pole),21*23'392,51*43'379,79,Obszar niezabudowany,,Droga krajowa,Jednojezdniowa dwukierunkowa,N,POWIAT KOZIENICKI,MAGNUSZEW - OBSZAR WIEJSKI
1,0,2,2015,Dobre warunki atmosferyczne,Zderzenie pojazdów boczne,Dobre warunki atmosferyczne,Noc - droga nieoświetlona,Jezdnia,EWK-99092687P,22,2015-08-16,Ciężko,20*25'439,53*10'426,7,Obszar niezabudowany,Odcinek prosty,Droga krajowa,Jednojezdniowa dwukierunkowa,N,POWIAT MŁAWSKI,WIECZFNIA KOŚCIELNA - OBSZAR WIEJSKI
1,0,0,2015,Dobre warunki atmosferyczne,Zderzenie pojazdów boczne,Dobre warunki atmosferyczne,Noc - droga nieoświetlona,Jezdnia,EWK-99092687P,22,2015-08-16,Nieokreślone (puste pole),20*25'439,53*10'426,7,Obszar niezabudowany,Odcinek prosty,Droga krajowa,Jednojezdniowa dwukierunkowa,N,POWIAT MŁAWSKI,WIECZFNIA KOŚCIELNA - OBSZAR WIEJSKI
1,0,1,2015,Dobre warunki atmosferyczne,Zderzenie pojazdów boczne,Dobre warunki atmosferyczne,Noc - droga nieoświetlona,Jezdnia,EWK-99198674G,21,2015-09-26,Ciężko,20*21'326,52*41'096,7,Obszar niezabudowany,,Droga krajowa,Jednojezdniowa dwukierunkowa,N,POWIAT PŁOŃSKI,PŁOŃSK - OBSZAR WIEJSKI
1,0,0,2015,Dobre warunki atmosferyczne,Zderzenie pojazdów boczne,Dobre warunki atmosferyczne,Noc - droga nieoświetlona,Jezdnia,EWK-99198674G,21,2015-09-26,Nieokreślone (puste pole),20*21'326,52*41'096,7,Obszar niezabudowany,,Droga krajowa,Jednojezdniowa dwukierunkowa,N,POWIAT PŁOŃSKI,PŁOŃSK - OBSZAR WIEJSKI
1,0,1,2015,Dobre warunki atmosferyczne,Zderzenie pojazdów boczne,Dobre warunki atmosferyczne,Noc - droga nieoświetlona,Jezdnia,EWK-99211605A,20,2015-10-01,Lekko,20*25'369,51*37'073,P,Obszar niezabudowany,,Droga powiatowa,Jednojezdniowa dwukierunkowa,N,POWIAT GRÓJECKI,NOWE MIASTO NAD PILICĄ - OBSZAR WIEJSKI
1,0,0,2015,Dobre warunki atmosferyczne,Zderzenie pojazdów boczne,Dobre warunki atmosferyczne,Noc - droga nieoświetlona,Jezdnia,EWK-99211605A,20,2015-10-01,Nieokreślone (puste pole),20*25'369,51*37'073,P,Obszar niezabudowany,,Droga powiatowa,Jednojezdniowa dwukierunkowa,N,POWIAT GRÓJECKI,NOWE MIASTO NAD PILICĄ - OBSZAR WIEJSKI
1,0,1,2015,Dobre warunki atmosferyczne,Zderzenie pojazdów boczne,Dobre warunki atmosferyczne,Noc - droga nieoświetlona,Jezdnia,EWK-99278626P,18,2015-10-23,Ciężko,21*12'472,51*05'410,9,Obszar niezabudowany,Odcinek prosty,Droga krajowa,Jednojezdniowa dwukierunkowa,N,POWIAT RADOMSKI,IŁŻA - OBSZAR WIEJSKI
1,0,0,2015,Dobre warunki atmosferyczne,Zderzenie pojazdów boczne,Dobre warunki atmosferyczne,Noc - droga nieoświetlona,Jezdnia,EWK-99278626P,18,2015-10-23,Nieokreślone (puste pole),21*12'472,51*05'410,9,Obszar niezabudowany,Odcinek prosty,Droga krajowa,Jednojezdniowa dwukierunkowa,N,POWIAT RADOMSKI,IŁŻA - OBSZAR WIEJSKI
1,0,1,2015,Dobre warunki atmosferyczne,Zderzenie pojazdów boczne,Dobre warunki atmosferyczne,Noc - droga nieoświetlona,Jezdnia,EWK-99292980D,16,2015-10-27,Ciężko,21*34'496,51*56'394,17,Obszar niezabudowany,,Droga krajowa,Jednojezdniowa dwukierunkowa,N,POWIAT GARWOLIŃSKI,PILAWA - OBSZAR WIEJSKI
1,0,2,2015,Dobre warunki atmosferyczne,Zderzenie pojazdów boczne,Dobre warunki atmosferyczne,Noc - droga nieoświetlona,Jezdnia,EWK-99292980D,16,2015-10-27,Lekko,21*34'496,51*56'394,17,Obszar niezabudowany,,Droga krajowa,Jednojezdniowa dwukierunkowa,N,POWIAT GARWOLIŃSKI,PILAWA - OBSZAR WIEJSKI