Liczba wypadków,Liczba zabitych,Liczba rannych,Rok,Warunki atmosferyczne,Rodzaj zdarzenia,Warunki atmosferyczne,Oświetlenie,Charakterystyka miejsca zdarzenia,IDKSIP zdarzenia,Godzina,Dzień,Ranny,GPS x,GPS y,Numer drogi,Obszar,Geometria drogi,Kategoria drogi 1,Rodzaj drogi,Czy w zdarzeniu był sprawca nietrzeźwy,Powiat,Gmina
1,0,0,2015,Dobre warunki atmosferyczne,Zderzenie pojazdów boczne,Dobre warunki atmosferyczne,Światło dzienne,Jezdnia,EWK-99193979K,16,2015-09-24,Nieokreślone (puste pole),21*34'538,53*04'520,P5102W,Obszar zabudowany,,Droga powiatowa,Dwie jezdnie jednokierunkowe,N,POWIAT OSTROŁĘKA,OSTROŁĘKA - OBSZAR MIEJSKI
1,0,1,2015,Dobre warunki atmosferyczne,Zderzenie pojazdów boczne,Dobre warunki atmosferyczne,Światło dzienne,Jezdnia,EWK-99194348H,17,2015-09-21,Lekko,22*33'553,52*03'397,2,Obszar niezabudowany,Odcinek prosty,Droga krajowa,Jednojezdniowa dwukierunkowa,N,POWIAT SIEDLECKI,ZBUCZYN - OBSZAR WIEJSKI
1,0,0,2015,Dobre warunki atmosferyczne,Zderzenie pojazdów boczne,Dobre warunki atmosferyczne,Światło dzienne,Jezdnia,EWK-99194348H,17,2015-09-21,Nieokreślone (puste pole),22*33'553,52*03'397,2,Obszar niezabudowany,Odcinek prosty,Droga krajowa,Jednojezdniowa dwukierunkowa,N,POWIAT SIEDLECKI,ZBUCZYN - OBSZAR WIEJSKI
1,0,1,2015,Dobre warunki atmosferyczne,Zderzenie pojazdów boczne,Dobre warunki atmosferyczne,Światło dzienne,Jezdnia,EWK-99202288G,12,2015-09-26,Ciężko,20*29'396,52*40'460,P3041W,Obszar niezabudowany,Odcinek prosty,Droga powiatowa,Jednojezdniowa dwukierunkowa,T,POWIAT PŁOŃSKI,SOCHOCIN - OBSZAR WIEJSKI
1,0,0,2015,Dobre warunki atmosferyczne,Zderzenie pojazdów boczne,Dobre warunki atmosferyczne,Światło dzienne,Jezdnia,EWK-99202288G,12,2015-09-26,Nieokreślone (puste pole),20*29'396,52*40'460,P3041W,Obszar niezabudowany,Odcinek prosty,Droga powiatowa,Jednojezdniowa dwukierunkowa,T,POWIAT PŁOŃSKI,SOCHOCIN - OBSZAR WIEJSKI
1,0,1,2015,Dobre warunki atmosferyczne,Zderzenie pojazdów boczne,Dobre warunki atmosferyczne,Światło dzienne,Jezdnia,EWK-99205187C,13,2015-09-28,Lekko,22*17'495,52*09'177,W628,Obszar zabudowany,Odcinek prosty,Droga wojewódzka,Jednojezdniowa dwukierunkowa,N,POWIAT SIEDLCE,SIEDLCE - OBSZAR MIEJSKI
1,0,0,2015,Dobre warunki atmosferyczne,Zderzenie pojazdów boczne,Dobre warunki atmosferyczne,Światło dzienne,Jezdnia,EWK-99205187C,13,2015-09-28,Nieokreślone (puste pole),22*17'495,52*09'177,W628,Obszar zabudowany,Odcinek prosty,Droga wojewódzka,Jednojezdniowa dwukierunkowa,N,POWIAT SIEDLCE,SIEDLCE - OBSZAR MIEJSKI
1,0,1,2015,Dobre warunki atmosferyczne,Zderzenie pojazdów boczne,Dobre warunki atmosferyczne,Światło dzienne,Jezdnia,EWK-99205208N,14,2015-09-28,Lekko,22*10'546,52*02'247,3750E,Obszar zabudowany,,Droga powiatowa,Jednojezdniowa dwukierunkowa,N,POWIAT SIEDLECKI,DOMANICE - OBSZAR WIEJSKI
1,0,0,2015,Dobre warunki atmosferyczne,Zderzenie pojazdów boczne,Dobre warunki atmosferyczne,Światło dzienne,Jezdnia,EWK-99205208N,14,2015-09-28,Nieokreślone (puste pole),22*10'546,52*02'247,3750E,Obszar zabudowany,,Droga powiatowa,Jednojezdniowa dwukierunkowa,N,POWIAT SIEDLECKI,DOMANICE - OBSZAR WIEJSKI
1,0,1,2015,Dobre warunki atmosferyczne,Zderzenie pojazdów boczne,Dobre warunki atmosferyczne,Światło dzienne,Jezdnia,EWK-99208371D,11,2015-09-29,Lekko,20*07'012,52*47'284,P3014W,Obszar zabudowany,Odcinek prosty,Droga powiatowa,Jednojezdniowa dwukierunkowa,N,POWIAT PŁOŃSKI,RACIĄŻ - OBSZAR MIEJSKI
1,0,0,2015,Dobre warunki atmosferyczne,Zderzenie pojazdów boczne,Dobre warunki atmosferyczne,Światło dzienne,Jezdnia,EWK-99208371D,11,2015-09-29,Nieokreślone (puste pole),20*07'012,52*47'284,P3014W,Obszar zabudowany,Odcinek prosty,Droga powiatowa,Jednojezdniowa dwukierunkowa,N,POWIAT PŁOŃSKI,RACIĄŻ - OBSZAR MIEJSKI
1,1,0,2015,Dobre warunki atmosferyczne,Zderzenie pojazdów boczne,Dobre warunki atmosferyczne,Światło dzienne,Jezdnia,EWK-99209253D,16,2015-09-30,Nieokreślone (puste pole),20*31'142,52*50'496,60,Obszar niezabudowany,Odcinek prosty,Droga krajowa,Jednojezdniowa dwukierunkowa,N,POWIAT CIECHANOWSKI,CIECHANÓW - OBSZAR WIEJSKI
1,0,1,2015,Dobre warunki atmosferyczne,Zderzenie pojazdów boczne,Dobre warunki atmosferyczne,Światło dzienne,Jezdnia,EWK-99215832W,13,2015-09-18,Ciężko,21*34'223,53*05'064,P5107W,Obszar zabudowany,,Droga powiatowa,Dwie jezdnie jednokierunkowe,N,POWIAT OSTROŁĘKA,OSTROŁĘKA - OBSZAR MIEJSKI
1,0,0,2015,Dobre warunki atmosferyczne,Zderzenie pojazdów boczne,Dobre warunki atmosferyczne,Światło dzienne,Jezdnia,EWK-99215832W,13,2015-09-18,Nieokreślone (puste pole),21*34'223,53*05'064,P5107W,Obszar zabudowany,,Droga powiatowa,Dwie jezdnie jednokierunkowe,N,POWIAT OSTROŁĘKA,OSTROŁĘKA - OBSZAR MIEJSKI
1,0,1,2015,Dobre warunki atmosferyczne,Zderzenie pojazdów boczne,Dobre warunki atmosferyczne,Światło dzienne,Jezdnia,EWK-99217535T,16,2015-10-03,Lekko,21*02'107,52*43'068,618,Obszar zabudowany,,Droga wojewódzka,Jednojezdniowa dwukierunkowa,N,POWIAT PUŁTUSKI,PUŁTUSK - OBSZAR WIEJSKI
1,0,0,2015,Dobre warunki atmosferyczne,Zderzenie pojazdów boczne,Dobre warunki atmosferyczne,Światło dzienne,Jezdnia,EWK-99217535T,16,2015-10-03,Nieokreślone (puste pole),21*02'107,52*43'068,618,Obszar zabudowany,,Droga wojewódzka,Jednojezdniowa dwukierunkowa,N,POWIAT PUŁTUSKI,PUŁTUSK - OBSZAR WIEJSKI
1,1,0,2015,Dobre warunki atmosferyczne,Zderzenie pojazdów boczne,Dobre warunki atmosferyczne,Światło dzienne,Jezdnia,EWK-99218305P,9,2015-10-02,Nieokreślone (puste pole),21*10'500,51*24'367,P5312W,Obszar zabudowany,,Droga powiatowa,Dwie jezdnie jednokierunkowe,N,POWIAT RADOM,RADOM - OBSZAR MIEJSKI
1,0,1,2015,Dobre warunki atmosferyczne,Zderzenie pojazdów boczne,Dobre warunki atmosferyczne,Światło dzienne,Jezdnia,EWK-99219958Q,13,2015-10-03,Lekko,19*25'167,52*27'346,P1450W,Obszar niezabudowany,Odcinek prosty,Droga powiatowa,Jednojezdniowa dwukierunkowa,T,POWIAT GOSTYNIŃSKI,GOSTYNIN - OBSZAR WIEJSKI
1,0,0,2015,Dobre warunki atmosferyczne,Zderzenie pojazdów boczne,Dobre warunki atmosferyczne,Światło dzienne,Jezdnia,EWK-99219958Q,13,2015-10-03,Nieokreślone (puste pole),19*25'167,52*27'346,P1450W,Obszar niezabudowany,Odcinek prosty,Droga powiatowa,Jednojezdniowa dwukierunkowa,T,POWIAT GOSTYNIŃSKI,GOSTYNIN - OBSZAR WIEJSKI
1,0,1,2015,Dobre warunki atmosferyczne,Zderzenie pojazdów boczne,Dobre warunki atmosferyczne,Światło dzienne,Jezdnia,EWK-99220128L,8,2015-10-05,Ciężko,21*08'473,51*26'207,7,Obszar zabudowany,,Droga krajowa,Dwie jezdnie jednokierunkowe,N,POWIAT RADOM,RADOM - OBSZAR MIEJSKI
1,0,2,2015,Dobre warunki atmosferyczne,Zderzenie pojazdów boczne,Dobre warunki atmosferyczne,Światło dzienne,Jezdnia,EWK-99220128L,8,2015-10-05,Lekko,21*08'473,51*26'207,7,Obszar zabudowany,,Droga krajowa,Dwie jezdnie jednokierunkowe,N,POWIAT RADOM,RADOM - OBSZAR MIEJSKI
1,0,1,2015,Dobre warunki atmosferyczne,Zderzenie pojazdów boczne,Dobre warunki atmosferyczne,Światło dzienne,Jezdnia,EWK-99221508J,16,2015-10-03,Ciężko,21*28'363,51*05'176,P1919W,Obszar zabudowany,Odcinek prosty,Droga powiatowa,Jednojezdniowa dwukierunkowa,N,POWIAT LIPSKI,SIENNO - OBSZAR WIEJSKI
1,0,0,2015,Dobre warunki atmosferyczne,Zderzenie pojazdów boczne,Dobre warunki atmosferyczne,Światło dzienne,Jezdnia,EWK-99221508J,16,2015-10-03,Nieokreślone (puste pole),21*28'363,51*05'176,P1919W,Obszar zabudowany,Odcinek prosty,Droga powiatowa,Jednojezdniowa dwukierunkowa,N,POWIAT LIPSKI,SIENNO - OBSZAR WIEJSKI
1,0,1,2015,Dobre warunki atmosferyczne,Zderzenie pojazdów boczne,Dobre warunki atmosferyczne,Światło dzienne,Jezdnia,EWK-99227508C,14,2015-10-07,Lekko,21*25'476,52*32'051,S8,Obszar niezabudowany,Odcinek prosty,Droga krajowa,Ekspresowa,N,POWIAT WYSZKOWSKI,WYSZKÓW - OBSZAR WIEJSKI
1,0,0,2015,Dobre warunki atmosferyczne,Zderzenie pojazdów boczne,Dobre warunki atmosferyczne,Światło dzienne,Jezdnia,EWK-99227508C,14,2015-10-07,Nieokreślone (puste pole),21*25'476,52*32'051,S8,Obszar niezabudowany,Odcinek prosty,Droga krajowa,Ekspresowa,N,POWIAT WYSZKOWSKI,WYSZKÓW - OBSZAR WIEJSKI
1,0,1,2015,Dobre warunki atmosferyczne,Zderzenie pojazdów boczne,Dobre warunki atmosferyczne,Światło dzienne,Jezdnia,EWK-99245103A,9,2015-10-15,Lekko,19*42'088,52*33'319,P,Obszar zabudowany,Odcinek prosty,Droga powiatowa,Jednojezdniowa dwukierunkowa,N,POWIAT PŁOCK,PŁOCK - OBSZAR MIEJSKI
1,0,0,2015,Dobre warunki atmosferyczne,Zderzenie pojazdów boczne,Dobre warunki atmosferyczne,Światło dzienne,Jezdnia,EWK-99245103A,9,2015-10-15,Nieokreślone (puste pole),19*42'088,52*33'319,P,Obszar zabudowany,Odcinek prosty,Droga powiatowa,Jednojezdniowa dwukierunkowa,N,POWIAT PŁOCK,PŁOCK - OBSZAR MIEJSKI
1,0,1,2015,Dobre warunki atmosferyczne,Zderzenie pojazdów boczne,Dobre warunki atmosferyczne,Światło dzienne,Jezdnia,EWK-99245599D,14,2015-10-15,Lekko,20*55'190,53*02'403,3227W,Obszar zabudowany,Odcinek prosty,Droga powiatowa,Jednojezdniowa dwukierunkowa,N,POWIAT PRZASNYSKI,PRZASNYSZ - OBSZAR WIEJSKI
1,0,0,2015,Dobre warunki atmosferyczne,Zderzenie pojazdów boczne,Dobre warunki atmosferyczne,Światło dzienne,Jezdnia,EWK-99245599D,14,2015-10-15,Nieokreślone (puste pole),20*55'190,53*02'403,3227W,Obszar zabudowany,Odcinek prosty,Droga powiatowa,Jednojezdniowa dwukierunkowa,N,POWIAT PRZASNYSKI,PRZASNYSZ - OBSZAR WIEJSKI
1,0,1,2015,Dobre warunki atmosferyczne,Zderzenie pojazdów boczne,Dobre warunki atmosferyczne,Światło dzienne,Jezdnia,EWK-99248913H,12,2015-10-16,Lekko,20*14'567,52*14'164,705,Obszar zabudowany,,Droga wojewódzka,Jednojezdniowa dwukierunkowa,N,POWIAT SOCHACZEWSKI,SOCHACZEW - OBSZAR MIEJSKI
1,0,0,2015,Dobre warunki atmosferyczne,Zderzenie pojazdów boczne,Dobre warunki atmosferyczne,Światło dzienne,Jezdnia,EWK-99248913H,12,2015-10-16,Nieokreślone (puste pole),20*14'567,52*14'164,705,Obszar zabudowany,,Droga wojewódzka,Jednojezdniowa dwukierunkowa,N,POWIAT SOCHACZEWSKI,SOCHACZEW - OBSZAR MIEJSKI
1,0,1,2015,Dobre warunki atmosferyczne,Zderzenie pojazdów boczne,Dobre warunki atmosferyczne,Światło dzienne,Jezdnia,EWK-99251877J,11,2015-10-16,Lekko,20*52'042,51*51'432,P,Obszar zabudowany,,Droga powiatowa,Jednojezdniowa dwukierunkowa,N,POWIAT GRÓJECKI,GRÓJEC - OBSZAR MIEJSKI
1,0,0,2015,Dobre warunki atmosferyczne,Zderzenie pojazdów boczne,Dobre warunki atmosferyczne,Światło dzienne,Jezdnia,EWK-99251877J,11,2015-10-16,Nieokreślone (puste pole),20*52'042,51*51'432,P,Obszar zabudowany,,Droga powiatowa,Jednojezdniowa dwukierunkowa,N,POWIAT GRÓJECKI,GRÓJEC - OBSZAR MIEJSKI
1,0,2,2015,Dobre warunki atmosferyczne,Zderzenie pojazdów boczne,Dobre warunki atmosferyczne,Światło dzienne,Jezdnia,EWK-99254007C,13,2015-10-16,Lekko,21*09'575,51*26'101,P5301W,Obszar zabudowany,,Droga powiatowa,Dwie jezdnie jednokierunkowe,N,POWIAT RADOM,RADOM - OBSZAR MIEJSKI
1,0,1,2015,Dobre warunki atmosferyczne,Zderzenie pojazdów boczne,Dobre warunki atmosferyczne,Światło dzienne,Jezdnia,EWK-99255156P,16,2015-08-29,Lekko,21*26'537,53*13'284,G250533W,Obszar zabudowany,,Droga gminna,Jednojezdniowa dwukierunkowa,N,POWIAT OSTROŁĘCKI,KADZIDŁO - OBSZAR WIEJSKI
1,0,0,2015,Dobre warunki atmosferyczne,Zderzenie pojazdów boczne,Dobre warunki atmosferyczne,Światło dzienne,Jezdnia,EWK-99255156P,16,2015-08-29,Nieokreślone (puste pole),21*26'537,53*13'284,G250533W,Obszar zabudowany,,Droga gminna,Jednojezdniowa dwukierunkowa,N,POWIAT OSTROŁĘCKI,KADZIDŁO - OBSZAR WIEJSKI
1,0,1,2015,Dobre warunki atmosferyczne,Zderzenie pojazdów boczne,Dobre warunki atmosferyczne,Światło dzienne,Jezdnia,EWK-99261423W,7,2015-10-22,Lekko,20*14'228,52*13'566,3840W,Obszar zabudowany,Odcinek prosty,Droga powiatowa,Jednojezdniowa dwukierunkowa,N,POWIAT SOCHACZEWSKI,SOCHACZEW - OBSZAR MIEJSKI
1,0,0,2015,Dobre warunki atmosferyczne,Zderzenie pojazdów boczne,Dobre warunki atmosferyczne,Światło dzienne,Jezdnia,EWK-99261423W,7,2015-10-22,Nieokreślone (puste pole),20*14'228,52*13'566,3840W,Obszar zabudowany,Odcinek prosty,Droga powiatowa,Jednojezdniowa dwukierunkowa,N,POWIAT SOCHACZEWSKI,SOCHACZEW - OBSZAR MIEJSKI
1,0,1,2015,Dobre warunki atmosferyczne,Zderzenie pojazdów boczne,Dobre warunki atmosferyczne,Światło dzienne,Jezdnia,EWK-99263112K,14,2015-10-22,Lekko,21*06'038,52*52'102,57,Obszar zabudowany,Odcinek prosty,Droga krajowa,Jednojezdniowa dwukierunkowa,N,POWIAT MAKOWSKI,MAKÓW MAZOWIECKI - OBSZAR MIEJSKI
1,0,0,2015,Dobre warunki atmosferyczne,Zderzenie pojazdów boczne,Dobre warunki atmosferyczne,Światło dzienne,Jezdnia,EWK-99263112K,14,2015-10-22,Nieokreślone (puste pole),21*06'038,52*52'102,57,Obszar zabudowany,Odcinek prosty,Droga krajowa,Jednojezdniowa dwukierunkowa,N,POWIAT MAKOWSKI,MAKÓW MAZOWIECKI - OBSZAR MIEJSKI
1,0,1,2015,Dobre warunki atmosferyczne,Zderzenie pojazdów boczne,Dobre warunki atmosferyczne,Światło dzienne,Jezdnia,EWK-99270978P,14,2015-10-23,Lekko,19*43'432,52*32'198,P,Obszar zabudowany,Odcinek prosty,Droga powiatowa,Jednojezdniowa dwukierunkowa,N,POWIAT PŁOCK,PŁOCK - OBSZAR MIEJSKI
1,0,0,2015,Dobre warunki atmosferyczne,Zderzenie pojazdów boczne,Dobre warunki atmosferyczne,Światło dzienne,Jezdnia,EWK-99270978P,14,2015-10-23,Nieokreślone (puste pole),19*43'432,52*32'198,P,Obszar zabudowany,Odcinek prosty,Droga powiatowa,Jednojezdniowa dwukierunkowa,N,POWIAT PŁOCK,PŁOCK - OBSZAR MIEJSKI
1,0,1,2015,Dobre warunki atmosferyczne,Zderzenie pojazdów boczne,Dobre warunki atmosferyczne,Światło dzienne,Jezdnia,EWK-99275335H,15,2015-10-26,Lekko,21*41'583,51*24'383,P4508W,Obszar niezabudowany,,Droga powiatowa,Jednojezdniowa dwukierunkowa,N,POWIAT ZWOLEŃSKI,POLICZNA - OBSZAR WIEJSKI
1,0,0,2015,Dobre warunki atmosferyczne,Zderzenie pojazdów boczne,Dobre warunki atmosferyczne,Światło dzienne,Jezdnia,EWK-99275335H,15,2015-10-26,Nieokreślone (puste pole),21*41'583,51*24'383,P4508W,Obszar niezabudowany,,Droga powiatowa,Jednojezdniowa dwukierunkowa,N,POWIAT ZWOLEŃSKI,POLICZNA - OBSZAR WIEJSKI
1,0,1,2015,Dobre warunki atmosferyczne,Zderzenie pojazdów boczne,Dobre warunki atmosferyczne,Światło dzienne,Jezdnia,EWK-99279046Y,14,2015-10-28,Ciężko,20*53'134,51*49'389,730,Obszar niezabudowany,,Droga wojewódzka,Jednojezdniowa dwukierunkowa,N,POWIAT GRÓJECKI,GRÓJEC - OBSZAR WIEJSKI
1,1,0,2015,Dobre warunki atmosferyczne,Zderzenie pojazdów boczne,Dobre warunki atmosferyczne,Światło dzienne,Jezdnia,EWK-99279046Y,14,2015-10-28,Nieokreślone (puste pole),20*53'134,51*49'389,730,Obszar niezabudowany,,Droga wojewódzka,Jednojezdniowa dwukierunkowa,N,POWIAT GRÓJECKI,GRÓJEC - OBSZAR WIEJSKI
1,0,1,2015,Dobre warunki atmosferyczne,Zderzenie pojazdów boczne,Dobre warunki atmosferyczne,Światło dzienne,Jezdnia,EWK-99282201Q,15,2015-10-29,Lekko,20*27'011,52*13'527,GMINNA,Obszar niezabudowany,,Droga gminna,Jednojezdniowa dwukierunkowa,N,POWIAT SOCHACZEWSKI,TERESIN - OBSZAR WIEJSKI
1,0,0,2015,Dobre warunki atmosferyczne,Zderzenie pojazdów boczne,Dobre warunki atmosferyczne,Światło dzienne,Jezdnia,EWK-99282201Q,15,2015-10-29,Nieokreślone (puste pole),20*27'011,52*13'527,GMINNA,Obszar niezabudowany,,Droga gminna,Jednojezdniowa dwukierunkowa,N,POWIAT SOCHACZEWSKI,TERESIN - OBSZAR WIEJSKI
1,0,1,2015,Dobre warunki atmosferyczne,Zderzenie pojazdów boczne,Dobre warunki atmosferyczne,Światło dzienne,Jezdnia,EWK-99283452J,12,2015-10-27,Lekko,21*06'251,52*36'289,61,Obszar niezabudowany,Odcinek prosty,Droga krajowa,Jednojezdniowa dwukierunkowa,N,POWIAT PUŁTUSKI,POKRZYWNICA - OBSZAR WIEJSKI
1,0,0,2015,Dobre warunki atmosferyczne,Zderzenie pojazdów boczne,Dobre warunki atmosferyczne,Światło dzienne,Jezdnia,EWK-99283452J,12,2015-10-27,Nieokreślone (puste pole),21*06'251,52*36'289,61,Obszar niezabudowany,Odcinek prosty,Droga krajowa,Jednojezdniowa dwukierunkowa,N,POWIAT PUŁTUSKI,POKRZYWNICA - OBSZAR WIEJSKI
1,0,1,2015,Dobre warunki atmosferyczne,Zderzenie pojazdów boczne,Dobre warunki atmosferyczne,Światło dzienne,Jezdnia,EWK-99287605D,10,2015-10-30,Ciężko,20*49'552,51*52'480,GMINNA,Obszar niezabudowany,,Droga gminna,Jednojezdniowa dwukierunkowa,N,POWIAT GRÓJECKI,GRÓJEC - OBSZAR WIEJSKI
1,0,0,2015,Dobre warunki atmosferyczne,Zderzenie pojazdów boczne,Dobre warunki atmosferyczne,Światło dzienne,Jezdnia,EWK-99287605D,10,2015-10-30,Nieokreślone (puste pole),20*49'552,51*52'480,GMINNA,Obszar niezabudowany,,Droga gminna,Jednojezdniowa dwukierunkowa,N,POWIAT GRÓJECKI,GRÓJEC - OBSZAR WIEJSKI
1,0,2,2015,Dobre warunki atmosferyczne,Zderzenie pojazdów boczne,Dobre warunki atmosferyczne,Światło dzienne,Jezdnia,EWK-99287726F,11,2015-10-31,Lekko,20*47'030,51*47'336,728,Obszar niezabudowany,Odcinek prosty,Droga wojewódzka,Jednojezdniowa dwukierunkowa,N,POWIAT GRÓJECKI,BELSK DUŻY - OBSZAR WIEJSKI
1,0,0,2015,Dobre warunki atmosferyczne,Zderzenie pojazdów boczne,Dobre warunki atmosferyczne,Światło dzienne,Jezdnia,EWK-99287726F,11,2015-10-31,Nieokreślone (puste pole),20*47'030,51*47'336,728,Obszar niezabudowany,Odcinek prosty,Droga wojewódzka,Jednojezdniowa dwukierunkowa,N,POWIAT GRÓJECKI,BELSK DUŻY - OBSZAR WIEJSKI
1,0,1,2015,Dobre warunki atmosferyczne,Zderzenie pojazdów boczne,Dobre warunki atmosferyczne,Światło dzienne,Jezdnia,EWK-99288125Q,14,2015-10-31,Lekko,21*02'345,52*40'428,571,Obszar niezabudowany,,Droga wojewódzka,Jednojezdniowa dwukierunkowa,N,POWIAT PUŁTUSKI,PUŁTUSK - OBSZAR WIEJSKI
1,0,0,2015,Dobre warunki atmosferyczne,Zderzenie pojazdów boczne,Dobre warunki atmosferyczne,Światło dzienne,Jezdnia,EWK-99288125Q,14,2015-10-31,Nieokreślone (puste pole),21*02'345,52*40'428,571,Obszar niezabudowany,,Droga wojewódzka,Jednojezdniowa dwukierunkowa,N,POWIAT PUŁTUSKI,PUŁTUSK - OBSZAR WIEJSKI
1,0,1,2015,Dobre warunki atmosferyczne,Zderzenie pojazdów boczne,Dobre warunki atmosferyczne,Światło dzienne,Jezdnia,EWK-99288341R,12,2015-10-29,Ciężko,19*43'237,52*23'485,574,Obszar zabudowany,,Droga wojewódzka,Jednojezdniowa dwukierunkowa,N,POWIAT PŁOCKI,GĄBIN - OBSZAR MIEJSKI
1,0,1,2015,Dobre warunki atmosferyczne,Zderzenie pojazdów boczne,Dobre warunki atmosferyczne,Światło dzienne,Jezdnia,EWK-99288341R,12,2015-10-29,Lekko,19*43'237,52*23'485,574,Obszar zabudowany,,Droga wojewódzka,Jednojezdniowa dwukierunkowa,N,POWIAT PŁOCKI,GĄBIN - OBSZAR MIEJSKI
1,0,0,2015,Dobre warunki atmosferyczne,Zderzenie pojazdów boczne,Dobre warunki atmosferyczne,Światło dzienne,Jezdnia,EWK-99288341R,12,2015-10-29,Nieokreślone (puste pole),19*43'237,52*23'485,574,Obszar zabudowany,,Droga wojewódzka,Jednojezdniowa dwukierunkowa,N,POWIAT PŁOCKI,GĄBIN - OBSZAR MIEJSKI
1,0,1,2015,Dobre warunki atmosferyczne,Zderzenie pojazdów boczne,Dobre warunki atmosferyczne,Światło dzienne,Jezdnia,EWK-99288822T,10,2015-10-31,Lekko,20*59'046,51*18'527,P3562W,Obszar zabudowany,,Droga powiatowa,Jednojezdniowa dwukierunkowa,N,POWIAT SZYDŁOWIECKI,OROŃSKO - OBSZAR WIEJSKI
1,0,0,2015,Dobre warunki atmosferyczne,Zderzenie pojazdów boczne,Dobre warunki atmosferyczne,Światło dzienne,Jezdnia,EWK-99288822T,10,2015-10-31,Nieokreślone (puste pole),20*59'046,51*18'527,P3562W,Obszar zabudowany,,Droga powiatowa,Jednojezdniowa dwukierunkowa,N,POWIAT SZYDŁOWIECKI,OROŃSKO - OBSZAR WIEJSKI
1,0,1,2015,Dobre warunki atmosferyczne,Zderzenie pojazdów boczne,Dobre warunki atmosferyczne,Światło dzienne,Jezdnia,EWK-99290079P,10,2015-11-01,Ciężko,20*56'035,51*47'485,P,Obszar niezabudowany,,Droga powiatowa,Jednojezdniowa dwukierunkowa,N,POWIAT GRÓJECKI,JASIENIEC - OBSZAR WIEJSKI
1,0,0,2015,Dobre warunki atmosferyczne,Zderzenie pojazdów boczne,Dobre warunki atmosferyczne,Światło dzienne,Jezdnia,EWK-99290079P,10,2015-11-01,Nieokreślone (puste pole),20*56'035,51*47'485,P,Obszar niezabudowany,,Droga powiatowa,Jednojezdniowa dwukierunkowa,N,POWIAT GRÓJECKI,JASIENIEC - OBSZAR WIEJSKI
1,0,1,2015,Dobre warunki atmosferyczne,Zderzenie pojazdów boczne,Dobre warunki atmosferyczne,Światło dzienne,Jezdnia,EWK-99291253R,12,2015-10-22,Ciężko,21*23'029,51*51'238,801,Obszar niezabudowany,,Droga wojewódzka,Jednojezdniowa dwukierunkowa,N,POWIAT GARWOLIŃSKI,WILGA - OBSZAR WIEJSKI
1,0,2,2015,Dobre warunki atmosferyczne,Zderzenie pojazdów boczne,Dobre warunki atmosferyczne,Światło dzienne,Jezdnia,EWK-99291253R,12,2015-10-22,Lekko,21*23'029,51*51'238,801,Obszar niezabudowany,,Droga wojewódzka,Jednojezdniowa dwukierunkowa,N,POWIAT GARWOLIŃSKI,WILGA - OBSZAR WIEJSKI
1,0,0,2015,Dobre warunki atmosferyczne,Zderzenie pojazdów boczne,Dobre warunki atmosferyczne,Światło dzienne,Jezdnia,EWK-99291253R,12,2015-10-22,Nieokreślone (puste pole),21*23'029,51*51'238,801,Obszar niezabudowany,,Droga wojewódzka,Jednojezdniowa dwukierunkowa,N,POWIAT GARWOLIŃSKI,WILGA - OBSZAR WIEJSKI
1,0,1,2015,Dobre warunki atmosferyczne,Zderzenie pojazdów boczne,Dobre warunki atmosferyczne,Światło dzienne,Jezdnia,EWK-99291553T,9,2015-10-30,Lekko,21*19'082,52*39'010,P4410W,Obszar zabudowany,,Droga powiatowa,Jednojezdniowa dwukierunkowa,N,POWIAT WYSZKOWSKI,RZĄŚNIK - OBSZAR WIEJSKI
1,0,0,2015,Dobre warunki atmosferyczne,Zderzenie pojazdów boczne,Dobre warunki atmosferyczne,Światło dzienne,Jezdnia,EWK-99291553T,9,2015-10-30,Nieokreślone (puste pole),21*19'082,52*39'010,P4410W,Obszar zabudowany,,Droga powiatowa,Jednojezdniowa dwukierunkowa,N,POWIAT WYSZKOWSKI,RZĄŚNIK - OBSZAR WIEJSKI
1,0,1,2015,Dobre warunki atmosferyczne,Zderzenie pojazdów boczne,Dobre warunki atmosferyczne,Światło dzienne,Jezdnia,EWK-99291627N,9,2015-11-02,Lekko,19*27'302,52*25'277,G140140W,Obszar zabudowany,,Droga gminna,Jednojezdniowa dwukierunkowa,N,POWIAT GOSTYNIŃSKI,GOSTYNIN - OBSZAR MIEJSKI
1,0,0,2015,Dobre warunki atmosferyczne,Zderzenie pojazdów boczne,Dobre warunki atmosferyczne,Światło dzienne,Jezdnia,EWK-99291627N,9,2015-11-02,Nieokreślone (puste pole),19*27'302,52*25'277,G140140W,Obszar zabudowany,,Droga gminna,Jednojezdniowa dwukierunkowa,N,POWIAT GOSTYNIŃSKI,GOSTYNIN - OBSZAR MIEJSKI
1,0,5,2015,Dobre warunki atmosferyczne,Zderzenie pojazdów boczne,Dobre warunki atmosferyczne,Światło dzienne,Jezdnia,EWK-99292900C,11,2015-10-11,Lekko,21*40'213,51*52'128,31328W,Obszar zabudowany,"Zakręt, łuk",Droga powiatowa,Jednojezdniowa dwukierunkowa,N,POWIAT GARWOLIŃSKI,GÓRZNO - OBSZAR WIEJSKI