Liczba wypadków,Liczba zabitych,Liczba rannych,Rok,Warunki atmosferyczne,Rodzaj zdarzenia,Warunki atmosferyczne,Oświetlenie,Charakterystyka miejsca zdarzenia,IDKSIP zdarzenia,Godzina,Dzień,Ranny,GPS x,GPS y,Numer drogi,Obszar,Geometria drogi,Kategoria drogi 1,Rodzaj drogi,Czy w zdarzeniu był sprawca nietrzeźwy,Powiat,Gmina
1,0,1,2015,Dobre warunki atmosferyczne,Zderzenie pojazdów boczne,Dobre warunki atmosferyczne,Światło dzienne,Jezdnia,EWK-99293650N,11,2015-11-03,Lekko,21*09'457,51*25'183,P5301W,Obszar zabudowany,,Droga powiatowa,Dwie jezdnie jednokierunkowe,N,POWIAT RADOM,RADOM - OBSZAR MIEJSKI
1,0,0,2015,Dobre warunki atmosferyczne,Zderzenie pojazdów boczne,Dobre warunki atmosferyczne,Światło dzienne,Jezdnia,EWK-99293650N,11,2015-11-03,Nieokreślone (puste pole),21*09'457,51*25'183,P5301W,Obszar zabudowany,,Droga powiatowa,Dwie jezdnie jednokierunkowe,N,POWIAT RADOM,RADOM - OBSZAR MIEJSKI
1,0,1,2015,Dobre warunki atmosferyczne,Zderzenie pojazdów boczne,Dobre warunki atmosferyczne,Światło dzienne,Jezdnia,EWK-99294123Q,12,2015-11-04,Lekko,22*26'182,52*22'204,P3931W,Obszar niezabudowany,"Zakręt, łuk",Droga powiatowa,Jednojezdniowa dwukierunkowa,N,POWIAT SOKOŁOWSKI,REPKI - OBSZAR WIEJSKI
1,0,0,2015,Dobre warunki atmosferyczne,Zderzenie pojazdów boczne,Dobre warunki atmosferyczne,Światło dzienne,Jezdnia,EWK-99294123Q,12,2015-11-04,Nieokreślone (puste pole),22*26'182,52*22'204,P3931W,Obszar niezabudowany,"Zakręt, łuk",Droga powiatowa,Jednojezdniowa dwukierunkowa,N,POWIAT SOKOŁOWSKI,REPKI - OBSZAR WIEJSKI
1,0,1,2015,Dobre warunki atmosferyczne,Zderzenie pojazdów boczne,Dobre warunki atmosferyczne,Światło dzienne,Jezdnia,EWK-99312241A,15,2015-11-06,Ciężko,20*53'134,51*49'389,730,Obszar niezabudowany,,Droga wojewódzka,Jednojezdniowa dwukierunkowa,N,POWIAT GRÓJECKI,GRÓJEC - OBSZAR WIEJSKI
1,0,0,2015,Dobre warunki atmosferyczne,Zderzenie pojazdów boczne,Dobre warunki atmosferyczne,Światło dzienne,Jezdnia,EWK-99312241A,15,2015-11-06,Nieokreślone (puste pole),20*53'134,51*49'389,730,Obszar niezabudowany,,Droga wojewódzka,Jednojezdniowa dwukierunkowa,N,POWIAT GRÓJECKI,GRÓJEC - OBSZAR WIEJSKI
1,0,1,2015,Dobre warunki atmosferyczne,Zderzenie pojazdów boczne,Dobre warunki atmosferyczne,Światło dzienne,Jezdnia,EWK-99333219R,14,2015-11-16,Lekko,21*45'108,51*07'537,747,Obszar zabudowany,,Droga wojewódzka,Jednojezdniowa dwukierunkowa,N,POWIAT LIPSKI,SOLEC NAD WISŁĄ - OBSZAR WIEJSKI
1,0,0,2015,Dobre warunki atmosferyczne,Zderzenie pojazdów boczne,Dobre warunki atmosferyczne,Światło dzienne,Jezdnia,EWK-99333219R,14,2015-11-16,Nieokreślone (puste pole),21*45'108,51*07'537,747,Obszar zabudowany,,Droga wojewódzka,Jednojezdniowa dwukierunkowa,N,POWIAT LIPSKI,SOLEC NAD WISŁĄ - OBSZAR WIEJSKI
1,0,1,2015,Dobre warunki atmosferyczne,Zderzenie pojazdów boczne,Dobre warunki atmosferyczne,Światło dzienne,Jezdnia,EWK-99342654M,11,2015-11-19,Lekko,21*10'461,51*23'354,G530068W,Obszar zabudowany,,Droga gminna,Jednojezdniowa dwukierunkowa,N,POWIAT RADOM,RADOM - OBSZAR MIEJSKI
1,0,0,2015,Dobre warunki atmosferyczne,Zderzenie pojazdów boczne,Dobre warunki atmosferyczne,Światło dzienne,Jezdnia,EWK-99342654M,11,2015-11-19,Nieokreślone (puste pole),21*10'461,51*23'354,G530068W,Obszar zabudowany,,Droga gminna,Jednojezdniowa dwukierunkowa,N,POWIAT RADOM,RADOM - OBSZAR MIEJSKI
1,0,1,2015,Dobre warunki atmosferyczne,Zderzenie pojazdów boczne,Dobre warunki atmosferyczne,Światło dzienne,Jezdnia,EWK-99342730E,8,2015-11-19,Lekko,21*06'451,51*17'326,GMINNA,Obszar zabudowany,Odcinek prosty,Droga gminna,Jednojezdniowa dwukierunkowa,N,POWIAT RADOMSKI,WIERZBICA - OBSZAR WIEJSKI
1,0,0,2015,Dobre warunki atmosferyczne,Zderzenie pojazdów boczne,Dobre warunki atmosferyczne,Światło dzienne,Jezdnia,EWK-99342730E,8,2015-11-19,Nieokreślone (puste pole),21*06'451,51*17'326,GMINNA,Obszar zabudowany,Odcinek prosty,Droga gminna,Jednojezdniowa dwukierunkowa,N,POWIAT RADOMSKI,WIERZBICA - OBSZAR WIEJSKI
1,0,1,2015,Dobre warunki atmosferyczne,Zderzenie pojazdów boczne,Dobre warunki atmosferyczne,Światło dzienne,Jezdnia,EWK-99366214D,8,2015-11-30,Lekko,20*26'214,52*03'491,GMINNA,Obszar zabudowany,Odcinek prosty,Droga gminna,Jednojezdniowa dwukierunkowa,N,POWIAT ŻYRARDOWSKI,ŻYRARDÓW - OBSZAR MIEJSKI
1,0,0,2015,Dobre warunki atmosferyczne,Zderzenie pojazdów boczne,Dobre warunki atmosferyczne,Światło dzienne,Jezdnia,EWK-99366214D,8,2015-11-30,Nieokreślone (puste pole),20*26'214,52*03'491,GMINNA,Obszar zabudowany,Odcinek prosty,Droga gminna,Jednojezdniowa dwukierunkowa,N,POWIAT ŻYRARDOWSKI,ŻYRARDÓW - OBSZAR MIEJSKI
1,0,1,2015,Dobre warunki atmosferyczne,Zderzenie pojazdów boczne,Dobre warunki atmosferyczne,Światło dzienne,Jezdnia,EWK-99378324W,8,2015-12-03,Ciężko,20*56'004,52*49'596,60,Obszar niezabudowany,Odcinek prosty,Droga krajowa,Jednojezdniowa dwukierunkowa,N,POWIAT MAKOWSKI,KARNIEWO - OBSZAR WIEJSKI
1,0,0,2015,Dobre warunki atmosferyczne,Zderzenie pojazdów boczne,Dobre warunki atmosferyczne,Światło dzienne,Jezdnia,EWK-99378324W,8,2015-12-03,Nieokreślone (puste pole),20*56'004,52*49'596,60,Obszar niezabudowany,Odcinek prosty,Droga krajowa,Jednojezdniowa dwukierunkowa,N,POWIAT MAKOWSKI,KARNIEWO - OBSZAR WIEJSKI
1,0,1,2015,Dobre warunki atmosferyczne,Zderzenie pojazdów boczne,Dobre warunki atmosferyczne,Światło dzienne,"Parking, plac",EWK-98879072N,12,2015-05-08,Lekko,20*58'069,52*55'194,GMINNA,Obszar zabudowany,Odcinek prosty,Droga gminna,Jednojezdniowa dwukierunkowa,N,POWIAT PRZASNYSKI,KRASNE - OBSZAR WIEJSKI
1,0,0,2015,Dobre warunki atmosferyczne,Zderzenie pojazdów boczne,Dobre warunki atmosferyczne,Światło dzienne,"Parking, plac",EWK-98879072N,12,2015-05-08,Nieokreślone (puste pole),20*58'069,52*55'194,GMINNA,Obszar zabudowany,Odcinek prosty,Droga gminna,Jednojezdniowa dwukierunkowa,N,POWIAT PRZASNYSKI,KRASNE - OBSZAR WIEJSKI
1,0,1,2015,Dobre warunki atmosferyczne,Zderzenie pojazdów boczne,Dobre warunki atmosferyczne,Światło dzienne,"Parking, plac",EWK-98988486L,10,2015-06-20,Ciężko,21*32'336,51*35'268,I2,Obszar zabudowany,Odcinek prosty,Inna,Jednojezdniowa dwukierunkowa,N,POWIAT KOZIENICKI,KOZIENICE - OBSZAR MIEJSKI
1,0,0,2015,Dobre warunki atmosferyczne,Zderzenie pojazdów boczne,Dobre warunki atmosferyczne,Światło dzienne,"Parking, plac",EWK-98988486L,10,2015-06-20,Nieokreślone (puste pole),21*32'336,51*35'268,I2,Obszar zabudowany,Odcinek prosty,Inna,Jednojezdniowa dwukierunkowa,N,POWIAT KOZIENICKI,KOZIENICE - OBSZAR MIEJSKI
1,0,1,2015,Dobre warunki atmosferyczne,Zderzenie pojazdów boczne,Dobre warunki atmosferyczne,Światło dzienne,Przejście dla pieszych,EWK-98829139D,7,2015-04-13,Lekko,21*34'298,53*04'300,4403W,Obszar zabudowany,,Droga powiatowa,Jednokierunkowa,N,POWIAT OSTROŁĘKA,OSTROŁĘKA - OBSZAR MIEJSKI
1,0,0,2015,Dobre warunki atmosferyczne,Zderzenie pojazdów boczne,Dobre warunki atmosferyczne,Światło dzienne,Przejście dla pieszych,EWK-98829139D,7,2015-04-13,Nieokreślone (puste pole),21*34'298,53*04'300,4403W,Obszar zabudowany,,Droga powiatowa,Jednokierunkowa,N,POWIAT OSTROŁĘKA,OSTROŁĘKA - OBSZAR MIEJSKI
1,0,1,2015,Dobre warunki atmosferyczne,Zderzenie pojazdów boczne,Dobre warunki atmosferyczne,Światło dzienne,Przejście dla pieszych,EWK-98947363R,13,2015-06-05,Lekko,21*08'035,51*23'466,G530028W,Obszar zabudowany,Odcinek prosty,Droga gminna,Jednokierunkowa,N,POWIAT RADOM,RADOM - OBSZAR MIEJSKI
1,0,0,2015,Dobre warunki atmosferyczne,Zderzenie pojazdów boczne,Dobre warunki atmosferyczne,Światło dzienne,Przejście dla pieszych,EWK-98947363R,13,2015-06-05,Nieokreślone (puste pole),21*08'035,51*23'466,G530028W,Obszar zabudowany,Odcinek prosty,Droga gminna,Jednokierunkowa,N,POWIAT RADOM,RADOM - OBSZAR MIEJSKI
1,0,1,2015,Dobre warunki atmosferyczne,Zderzenie pojazdów boczne,Dobre warunki atmosferyczne,Światło dzienne,Przejście dla pieszych,EWK-99059069P,8,2015-07-29,Lekko,21*13'113,51*25'269,737,Obszar zabudowany,,Droga wojewódzka,Jednojezdniowa dwukierunkowa,N,POWIAT RADOM,RADOM - OBSZAR MIEJSKI
1,0,0,2015,Dobre warunki atmosferyczne,Zderzenie pojazdów boczne,Dobre warunki atmosferyczne,Światło dzienne,Przejście dla pieszych,EWK-99059069P,8,2015-07-29,Nieokreślone (puste pole),21*13'113,51*25'269,737,Obszar zabudowany,,Droga wojewódzka,Jednojezdniowa dwukierunkowa,N,POWIAT RADOM,RADOM - OBSZAR MIEJSKI
1,0,1,2015,Dobre warunki atmosferyczne,Zderzenie pojazdów boczne,Dobre warunki atmosferyczne,Światło dzienne,Przejście dla pieszych,EWK-99160102W,17,2015-09-11,Lekko,20*53'233,53*00'382,3238W,Obszar zabudowany,Odcinek prosty,Droga powiatowa,Jednojezdniowa dwukierunkowa,N,POWIAT PRZASNYSKI,PRZASNYSZ - OBSZAR MIEJSKI
1,0,0,2015,Dobre warunki atmosferyczne,Zderzenie pojazdów boczne,Dobre warunki atmosferyczne,Światło dzienne,Przejście dla pieszych,EWK-99160102W,17,2015-09-11,Nieokreślone (puste pole),20*53'233,53*00'382,3238W,Obszar zabudowany,Odcinek prosty,Droga powiatowa,Jednojezdniowa dwukierunkowa,N,POWIAT PRZASNYSKI,PRZASNYSZ - OBSZAR MIEJSKI
1,0,1,2015,Dobre warunki atmosferyczne,Zderzenie pojazdów boczne,Dobre warunki atmosferyczne,Światło dzienne,Przejście dla pieszych,EWK-99218388X,15,2015-10-02,Ciężko,21*32'401,51*35'093,48,Obszar zabudowany,Odcinek prosty,Droga krajowa,Jednojezdniowa dwukierunkowa,N,POWIAT KOZIENICKI,KOZIENICE - OBSZAR MIEJSKI
1,0,0,2015,Dobre warunki atmosferyczne,Zderzenie pojazdów boczne,Dobre warunki atmosferyczne,Światło dzienne,Przejście dla pieszych,EWK-99218388X,15,2015-10-02,Nieokreślone (puste pole),21*32'401,51*35'093,48,Obszar zabudowany,Odcinek prosty,Droga krajowa,Jednojezdniowa dwukierunkowa,N,POWIAT KOZIENICKI,KOZIENICE - OBSZAR MIEJSKI
1,0,1,2015,Dobre warunki atmosferyczne,Zderzenie pojazdów boczne,Dobre warunki atmosferyczne,Światło dzienne,Przejście dla pieszych,EWK-99227196P,7,2015-10-08,Lekko,20*53'290,51*51'464,P,Obszar zabudowany,,Droga powiatowa,Jednojezdniowa dwukierunkowa,N,POWIAT GRÓJECKI,GRÓJEC - OBSZAR MIEJSKI
1,0,0,2015,Dobre warunki atmosferyczne,Zderzenie pojazdów boczne,Dobre warunki atmosferyczne,Światło dzienne,Przejście dla pieszych,EWK-99227196P,7,2015-10-08,Nieokreślone (puste pole),20*53'290,51*51'464,P,Obszar zabudowany,,Droga powiatowa,Jednojezdniowa dwukierunkowa,N,POWIAT GRÓJECKI,GRÓJEC - OBSZAR MIEJSKI
1,0,1,2015,Dobre warunki atmosferyczne,Zderzenie pojazdów boczne,Dobre warunki atmosferyczne,Światło dzienne,Przejście dla pieszych,EWK-99254175G,14,2015-10-19,Ciężko,19*42'382,52*32'448,567,Obszar zabudowany,Odcinek prosty,Droga wojewódzka,Jednojezdniowa dwukierunkowa,N,POWIAT PŁOCK,PŁOCK - OBSZAR MIEJSKI
1,0,0,2015,Dobre warunki atmosferyczne,Zderzenie pojazdów boczne,Dobre warunki atmosferyczne,Światło dzienne,Przejście dla pieszych,EWK-99254175G,14,2015-10-19,Nieokreślone (puste pole),19*42'382,52*32'448,567,Obszar zabudowany,Odcinek prosty,Droga wojewódzka,Jednojezdniowa dwukierunkowa,N,POWIAT PŁOCK,PŁOCK - OBSZAR MIEJSKI
1,0,1,2015,Dobre warunki atmosferyczne,Zderzenie pojazdów boczne,Dobre warunki atmosferyczne,Światło dzienne,Przejście dla pieszych,EWK-99341263J,13,2015-11-19,Ciężko,21*33'009,51*35'058,48,Obszar zabudowany,Odcinek prosty,Droga krajowa,Jednojezdniowa dwukierunkowa,T,POWIAT KOZIENICKI,KOZIENICE - OBSZAR MIEJSKI
1,0,0,2015,Dobre warunki atmosferyczne,Zderzenie pojazdów boczne,Dobre warunki atmosferyczne,Światło dzienne,Przejście dla pieszych,EWK-99341263J,13,2015-11-19,Nieokreślone (puste pole),21*33'009,51*35'058,48,Obszar zabudowany,Odcinek prosty,Droga krajowa,Jednojezdniowa dwukierunkowa,T,POWIAT KOZIENICKI,KOZIENICE - OBSZAR MIEJSKI
1,0,1,2015,Dobre warunki atmosferyczne,Zderzenie pojazdów boczne,Dobre warunki atmosferyczne,Światło dzienne,"Wjazd, wyjazd z posesji, pola",EWK-103571132N,9,2015-12-15,Lekko,20*15'105,52*14'101,GMINNA,Obszar zabudowany,Odcinek prosty,Droga gminna,Jednojezdniowa dwukierunkowa,N,POWIAT SOCHACZEWSKI,SOCHACZEW - OBSZAR MIEJSKI
1,0,0,2015,Dobre warunki atmosferyczne,Zderzenie pojazdów boczne,Dobre warunki atmosferyczne,Światło dzienne,"Wjazd, wyjazd z posesji, pola",EWK-103571132N,9,2015-12-15,Nieokreślone (puste pole),20*15'105,52*14'101,GMINNA,Obszar zabudowany,Odcinek prosty,Droga gminna,Jednojezdniowa dwukierunkowa,N,POWIAT SOCHACZEWSKI,SOCHACZEW - OBSZAR MIEJSKI
1,0,1,2015,Dobre warunki atmosferyczne,Zderzenie pojazdów boczne,Dobre warunki atmosferyczne,Światło dzienne,"Wjazd, wyjazd z posesji, pola",EWK-98793156M,13,2015-03-12,Lekko,19*39'354,52*33'497,559,Obszar zabudowany,Odcinek prosty,Droga wojewódzka,Jednojezdniowa dwukierunkowa,N,POWIAT PŁOCK,PŁOCK - OBSZAR MIEJSKI
1,0,0,2015,Dobre warunki atmosferyczne,Zderzenie pojazdów boczne,Dobre warunki atmosferyczne,Światło dzienne,"Wjazd, wyjazd z posesji, pola",EWK-98793156M,13,2015-03-12,Nieokreślone (puste pole),19*39'354,52*33'497,559,Obszar zabudowany,Odcinek prosty,Droga wojewódzka,Jednojezdniowa dwukierunkowa,N,POWIAT PŁOCK,PŁOCK - OBSZAR MIEJSKI
1,0,1,2015,Dobre warunki atmosferyczne,Zderzenie pojazdów boczne,Dobre warunki atmosferyczne,Światło dzienne,"Wjazd, wyjazd z posesji, pola",EWK-98803081G,9,2015-03-20,Lekko,19*51'510,52*41'180,60,Obszar niezabudowany,Odcinek prosty,Droga krajowa,Jednojezdniowa dwukierunkowa,N,POWIAT PŁOCKI,BIELSK - OBSZAR WIEJSKI
1,1,0,2015,Dobre warunki atmosferyczne,Zderzenie pojazdów boczne,Dobre warunki atmosferyczne,Światło dzienne,"Wjazd, wyjazd z posesji, pola",EWK-98803081G,9,2015-03-20,Nieokreślone (puste pole),19*51'510,52*41'180,60,Obszar niezabudowany,Odcinek prosty,Droga krajowa,Jednojezdniowa dwukierunkowa,N,POWIAT PŁOCKI,BIELSK - OBSZAR WIEJSKI
1,0,2,2015,Dobre warunki atmosferyczne,Zderzenie pojazdów boczne,Dobre warunki atmosferyczne,Światło dzienne,"Wjazd, wyjazd z posesji, pola",EWK-99000141L,14,2015-06-26,Lekko,19*37'174,52*27'390,577,Obszar zabudowany,Odcinek prosty,Droga wojewódzka,Jednojezdniowa dwukierunkowa,N,POWIAT PŁOCKI,ŁĄCK - OBSZAR WIEJSKI
1,0,1,2015,Dobre warunki atmosferyczne,Zderzenie pojazdów boczne,Dobre warunki atmosferyczne,Światło dzienne,"Wjazd, wyjazd z posesji, pola",EWK-99012440D,19,2015-07-06,Lekko,19*43'543,52*33'065,GMINNA,Obszar zabudowany,Odcinek prosty,Droga gminna,Jednojezdniowa dwukierunkowa,N,POWIAT PŁOCK,PŁOCK - OBSZAR MIEJSKI
1,0,0,2015,Dobre warunki atmosferyczne,Zderzenie pojazdów boczne,Dobre warunki atmosferyczne,Światło dzienne,"Wjazd, wyjazd z posesji, pola",EWK-99012440D,19,2015-07-06,Nieokreślone (puste pole),19*43'543,52*33'065,GMINNA,Obszar zabudowany,Odcinek prosty,Droga gminna,Jednojezdniowa dwukierunkowa,N,POWIAT PŁOCK,PŁOCK - OBSZAR MIEJSKI
1,0,1,2015,Dobre warunki atmosferyczne,Zderzenie pojazdów boczne,Dobre warunki atmosferyczne,Światło dzienne,"Wjazd, wyjazd z posesji, pola",EWK-99014038A,19,2015-07-06,Ciężko,19*39'472,52*50'596,541,Obszar zabudowany,Odcinek prosty,Droga wojewódzka,Jednojezdniowa dwukierunkowa,N,POWIAT SIERPECKI,SIERPC - OBSZAR MIEJSKI
1,0,0,2015,Dobre warunki atmosferyczne,Zderzenie pojazdów boczne,Dobre warunki atmosferyczne,Światło dzienne,"Wjazd, wyjazd z posesji, pola",EWK-99014038A,19,2015-07-06,Nieokreślone (puste pole),19*39'472,52*50'596,541,Obszar zabudowany,Odcinek prosty,Droga wojewódzka,Jednojezdniowa dwukierunkowa,N,POWIAT SIERPECKI,SIERPC - OBSZAR MIEJSKI
1,0,1,2015,Dobre warunki atmosferyczne,Zderzenie pojazdów boczne,Dobre warunki atmosferyczne,Światło dzienne,"Wjazd, wyjazd z posesji, pola",EWK-99070676N,16,2015-08-04,Lekko,19*41'340,52*32'472,I2,Obszar zabudowany,,Inna,Jednojezdniowa dwukierunkowa,N,POWIAT PŁOCK,PŁOCK - OBSZAR MIEJSKI
1,0,0,2015,Dobre warunki atmosferyczne,Zderzenie pojazdów boczne,Dobre warunki atmosferyczne,Światło dzienne,"Wjazd, wyjazd z posesji, pola",EWK-99070676N,16,2015-08-04,Nieokreślone (puste pole),19*41'340,52*32'472,I2,Obszar zabudowany,,Inna,Jednojezdniowa dwukierunkowa,N,POWIAT PŁOCK,PŁOCK - OBSZAR MIEJSKI
1,0,1,2015,Dobre warunki atmosferyczne,Zderzenie pojazdów boczne,Dobre warunki atmosferyczne,Światło dzienne,"Wjazd, wyjazd z posesji, pola",EWK-99073188D,19,2015-08-02,Ciężko,21*11'312,51*06'260,P3552W,Obszar zabudowany,Odcinek prosty,Droga powiatowa,Jednojezdniowa dwukierunkowa,N,POWIAT RADOMSKI,IŁŻA - OBSZAR WIEJSKI
1,0,0,2015,Dobre warunki atmosferyczne,Zderzenie pojazdów boczne,Dobre warunki atmosferyczne,Światło dzienne,"Wjazd, wyjazd z posesji, pola",EWK-99073188D,19,2015-08-02,Nieokreślone (puste pole),21*11'312,51*06'260,P3552W,Obszar zabudowany,Odcinek prosty,Droga powiatowa,Jednojezdniowa dwukierunkowa,N,POWIAT RADOMSKI,IŁŻA - OBSZAR WIEJSKI
1,0,1,2015,Dobre warunki atmosferyczne,Zderzenie pojazdów boczne,Dobre warunki atmosferyczne,Światło dzienne,"Wjazd, wyjazd z posesji, pola",EWK-99125147C,12,2015-08-29,Lekko,19*40'320,52*32'044,62,Obszar zabudowany,Odcinek prosty,Droga krajowa,Jednojezdniowa dwukierunkowa,N,POWIAT PŁOCK,PŁOCK - OBSZAR MIEJSKI
1,0,0,2015,Dobre warunki atmosferyczne,Zderzenie pojazdów boczne,Dobre warunki atmosferyczne,Światło dzienne,"Wjazd, wyjazd z posesji, pola",EWK-99125147C,12,2015-08-29,Nieokreślone (puste pole),19*40'320,52*32'044,62,Obszar zabudowany,Odcinek prosty,Droga krajowa,Jednojezdniowa dwukierunkowa,N,POWIAT PŁOCK,PŁOCK - OBSZAR MIEJSKI
1,0,1,2015,Dobre warunki atmosferyczne,Zderzenie pojazdów boczne,Dobre warunki atmosferyczne,Światło dzienne,"Wjazd, wyjazd z posesji, pola",EWK-99169040C,18,2015-09-16,Lekko,21*09'566,51*25'540,P5301W,Obszar zabudowany,Odcinek prosty,Droga powiatowa,Jednojezdniowa dwukierunkowa,N,POWIAT RADOM,RADOM - OBSZAR MIEJSKI
1,0,0,2015,Dobre warunki atmosferyczne,Zderzenie pojazdów boczne,Dobre warunki atmosferyczne,Światło dzienne,"Wjazd, wyjazd z posesji, pola",EWK-99169040C,18,2015-09-16,Nieokreślone (puste pole),21*09'566,51*25'540,P5301W,Obszar zabudowany,Odcinek prosty,Droga powiatowa,Jednojezdniowa dwukierunkowa,N,POWIAT RADOM,RADOM - OBSZAR MIEJSKI
1,0,1,2015,Dobre warunki atmosferyczne,Zderzenie pojazdów boczne,Dobre warunki atmosferyczne,Światło dzienne,"Wjazd, wyjazd z posesji, pola",EWK-99218984Y,11,2015-10-04,Lekko,19*58'487,52*37'528,567,Obszar zabudowany,Odcinek prosty,Droga wojewódzka,Jednojezdniowa dwukierunkowa,N,POWIAT PŁOCKI,STAROŹREBY - OBSZAR WIEJSKI
1,0,0,2015,Dobre warunki atmosferyczne,Zderzenie pojazdów boczne,Dobre warunki atmosferyczne,Światło dzienne,"Wjazd, wyjazd z posesji, pola",EWK-99218984Y,11,2015-10-04,Nieokreślone (puste pole),19*58'487,52*37'528,567,Obszar zabudowany,Odcinek prosty,Droga wojewódzka,Jednojezdniowa dwukierunkowa,N,POWIAT PŁOCKI,STAROŹREBY - OBSZAR WIEJSKI
1,0,1,2015,Dobre warunki atmosferyczne,Zderzenie pojazdów czołowe,Dobre warunki atmosferyczne,Noc - droga nieoświetlona,Jezdnia,EWK-103593166A,16,2015-12-20,Lekko,21*52'095,52*50'339,677,Obszar niezabudowany,"Zakręt, łuk",Droga wojewódzka,Jednojezdniowa dwukierunkowa,T,POWIAT OSTROWSKI,OSTRÓW MAZOWIECKA - OBSZAR WIEJSKI
1,0,0,2015,Dobre warunki atmosferyczne,Zderzenie pojazdów czołowe,Dobre warunki atmosferyczne,Noc - droga nieoświetlona,Jezdnia,EWK-103593166A,16,2015-12-20,Nieokreślone (puste pole),21*52'095,52*50'339,677,Obszar niezabudowany,"Zakręt, łuk",Droga wojewódzka,Jednojezdniowa dwukierunkowa,T,POWIAT OSTROWSKI,OSTRÓW MAZOWIECKA - OBSZAR WIEJSKI
1,0,2,2015,Dobre warunki atmosferyczne,Zderzenie pojazdów czołowe,Dobre warunki atmosferyczne,Noc - droga nieoświetlona,Jezdnia,EWK-103625915R,20,2015-12-23,Ciężko,19*38'398,52*29'071,60,Obszar niezabudowany,Odcinek prosty,Droga krajowa,Jednojezdniowa dwukierunkowa,N,POWIAT PŁOCKI,ŁĄCK - OBSZAR WIEJSKI
1,0,2,2015,Dobre warunki atmosferyczne,Zderzenie pojazdów czołowe,Dobre warunki atmosferyczne,Noc - droga nieoświetlona,Jezdnia,EWK-103674442T,19,2015-12-12,Lekko,21*33'570,52*39'143,8,Obszar niezabudowany,Odcinek prosty,Droga krajowa,Jednojezdniowa dwukierunkowa,N,POWIAT WYSZKOWSKI,BRAŃSZCZYK - OBSZAR WIEJSKI
1,0,0,2015,Dobre warunki atmosferyczne,Zderzenie pojazdów czołowe,Dobre warunki atmosferyczne,Noc - droga nieoświetlona,Jezdnia,EWK-103674442T,19,2015-12-12,Nieokreślone (puste pole),21*33'570,52*39'143,8,Obszar niezabudowany,Odcinek prosty,Droga krajowa,Jednojezdniowa dwukierunkowa,N,POWIAT WYSZKOWSKI,BRAŃSZCZYK - OBSZAR WIEJSKI
1,0,3,2015,Dobre warunki atmosferyczne,Zderzenie pojazdów czołowe,Dobre warunki atmosferyczne,Noc - droga nieoświetlona,Jezdnia,EWK-103699905R,6,2015-12-02,Lekko,21*20'263,51*53'352,801,Obszar niezabudowany,Odcinek prosty,Droga wojewódzka,Jednojezdniowa dwukierunkowa,N,POWIAT GARWOLIŃSKI,WILGA - OBSZAR WIEJSKI
1,0,0,2015,Dobre warunki atmosferyczne,Zderzenie pojazdów czołowe,Dobre warunki atmosferyczne,Noc - droga nieoświetlona,Jezdnia,EWK-103699905R,6,2015-12-02,Nieokreślone (puste pole),21*20'263,51*53'352,801,Obszar niezabudowany,Odcinek prosty,Droga wojewódzka,Jednojezdniowa dwukierunkowa,N,POWIAT GARWOLIŃSKI,WILGA - OBSZAR WIEJSKI
1,0,1,2015,Dobre warunki atmosferyczne,Zderzenie pojazdów czołowe,Dobre warunki atmosferyczne,Noc - droga nieoświetlona,Jezdnia,EWK-98762548R,17,2015-02-15,Ciężko,21*24'144,51*22'337,12,Obszar niezabudowany,Odcinek prosty,Droga krajowa,Jednojezdniowa dwukierunkowa,T,POWIAT RADOMSKI,GÓZD - OBSZAR WIEJSKI
1,0,0,2015,Dobre warunki atmosferyczne,Zderzenie pojazdów czołowe,Dobre warunki atmosferyczne,Noc - droga nieoświetlona,Jezdnia,EWK-98762548R,17,2015-02-15,Nieokreślone (puste pole),21*24'144,51*22'337,12,Obszar niezabudowany,Odcinek prosty,Droga krajowa,Jednojezdniowa dwukierunkowa,T,POWIAT RADOMSKI,GÓZD - OBSZAR WIEJSKI
1,0,1,2015,Dobre warunki atmosferyczne,Zderzenie pojazdów czołowe,Dobre warunki atmosferyczne,Noc - droga nieoświetlona,Jezdnia,EWK-98779513N,19,2015-02-24,Lekko,21*34'024,52*48'498,4403W,Obszar zabudowany,Odcinek prosty,Droga powiatowa,Jednojezdniowa dwukierunkowa,T,POWIAT WYSZKOWSKI,DŁUGOSIODŁO - OBSZAR WIEJSKI
1,0,0,2015,Dobre warunki atmosferyczne,Zderzenie pojazdów czołowe,Dobre warunki atmosferyczne,Noc - droga nieoświetlona,Jezdnia,EWK-98779513N,19,2015-02-24,Nieokreślone (puste pole),21*34'024,52*48'498,4403W,Obszar zabudowany,Odcinek prosty,Droga powiatowa,Jednojezdniowa dwukierunkowa,T,POWIAT WYSZKOWSKI,DŁUGOSIODŁO - OBSZAR WIEJSKI