Liczba wypadków,Liczba zabitych,Liczba rannych,Rok,Warunki atmosferyczne,Rodzaj zdarzenia,Warunki atmosferyczne,Oświetlenie,Charakterystyka miejsca zdarzenia,IDKSIP zdarzenia,Godzina,Dzień,Ranny,GPS x,GPS y,Numer drogi,Obszar,Geometria drogi,Kategoria drogi 1,Rodzaj drogi,Czy w zdarzeniu był sprawca nietrzeźwy,Powiat,Gmina
1,0,0,2015,Dobre warunki atmosferyczne,Zderzenie pojazdów czołowe,Dobre warunki atmosferyczne,Światło dzienne,Jezdnia,EWK-98870049E,8,2015-05-01,Nieokreślone (puste pole),20*28'018,53*00'065,615,Obszar niezabudowany,,Droga wojewódzka,Jednojezdniowa dwukierunkowa,N,POWIAT MŁAWSKI,STUPSK - OBSZAR WIEJSKI
1,0,1,2015,Dobre warunki atmosferyczne,Zderzenie pojazdów czołowe,Dobre warunki atmosferyczne,Światło dzienne,Jezdnia,EWK-98871809U,11,2015-04-29,Ciężko,21*56'413,52*20'020,W637,Obszar niezabudowany,,Droga wojewódzka,Jednojezdniowa dwukierunkowa,N,POWIAT WĘGROWSKI,LIW - OBSZAR WIEJSKI
1,0,1,2015,Dobre warunki atmosferyczne,Zderzenie pojazdów czołowe,Dobre warunki atmosferyczne,Światło dzienne,Jezdnia,EWK-98871809U,11,2015-04-29,Lekko,21*56'413,52*20'020,W637,Obszar niezabudowany,,Droga wojewódzka,Jednojezdniowa dwukierunkowa,N,POWIAT WĘGROWSKI,LIW - OBSZAR WIEJSKI
1,0,0,2015,Dobre warunki atmosferyczne,Zderzenie pojazdów czołowe,Dobre warunki atmosferyczne,Światło dzienne,Jezdnia,EWK-98871809U,11,2015-04-29,Nieokreślone (puste pole),21*56'413,52*20'020,W637,Obszar niezabudowany,,Droga wojewódzka,Jednojezdniowa dwukierunkowa,N,POWIAT WĘGROWSKI,LIW - OBSZAR WIEJSKI
1,0,1,2015,Dobre warunki atmosferyczne,Zderzenie pojazdów czołowe,Dobre warunki atmosferyczne,Światło dzienne,Jezdnia,EWK-98878751F,17,2015-05-07,Ciężko,20*15'574,52*43'429,P3020W,Obszar zabudowany,Odcinek prosty,Droga powiatowa,Jednojezdniowa dwukierunkowa,N,POWIAT PŁOŃSKI,BABOSZEWO - OBSZAR WIEJSKI
1,0,0,2015,Dobre warunki atmosferyczne,Zderzenie pojazdów czołowe,Dobre warunki atmosferyczne,Światło dzienne,Jezdnia,EWK-98878751F,17,2015-05-07,Nieokreślone (puste pole),20*15'574,52*43'429,P3020W,Obszar zabudowany,Odcinek prosty,Droga powiatowa,Jednojezdniowa dwukierunkowa,N,POWIAT PŁOŃSKI,BABOSZEWO - OBSZAR WIEJSKI
1,0,4,2015,Dobre warunki atmosferyczne,Zderzenie pojazdów czołowe,Dobre warunki atmosferyczne,Światło dzienne,Jezdnia,EWK-98879876Y,11,2015-05-08,Ciężko,20*54'481,53*17'244,57,Obszar niezabudowany,Odcinek prosty,Droga krajowa,Jednojezdniowa dwukierunkowa,N,POWIAT PRZASNYSKI,CHORZELE - OBSZAR WIEJSKI
1,0,2,2015,Dobre warunki atmosferyczne,Zderzenie pojazdów czołowe,Dobre warunki atmosferyczne,Światło dzienne,Jezdnia,EWK-98883078E,14,2015-05-08,Ciężko,21*11'575,51*46'190,730,Obszar niezabudowany,,Droga wojewódzka,Jednojezdniowa dwukierunkowa,N,POWIAT GRÓJECKI,WARKA - OBSZAR MIEJSKI
1,0,0,2015,Dobre warunki atmosferyczne,Zderzenie pojazdów czołowe,Dobre warunki atmosferyczne,Światło dzienne,Jezdnia,EWK-98883078E,14,2015-05-08,Nieokreślone (puste pole),21*11'575,51*46'190,730,Obszar niezabudowany,,Droga wojewódzka,Jednojezdniowa dwukierunkowa,N,POWIAT GRÓJECKI,WARKA - OBSZAR MIEJSKI
1,0,1,2015,Dobre warunki atmosferyczne,Zderzenie pojazdów czołowe,Dobre warunki atmosferyczne,Światło dzienne,Jezdnia,EWK-98903873F,9,2015-05-16,Lekko,20*21'224,53*07'000,G231148W,Obszar zabudowany,,Droga gminna,Jednojezdniowa dwukierunkowa,N,POWIAT MŁAWSKI,MŁAWA - OBSZAR MIEJSKI
1,0,0,2015,Dobre warunki atmosferyczne,Zderzenie pojazdów czołowe,Dobre warunki atmosferyczne,Światło dzienne,Jezdnia,EWK-98903873F,9,2015-05-16,Nieokreślone (puste pole),20*21'224,53*07'000,G231148W,Obszar zabudowany,,Droga gminna,Jednojezdniowa dwukierunkowa,N,POWIAT MŁAWSKI,MŁAWA - OBSZAR MIEJSKI
1,0,1,2015,Dobre warunki atmosferyczne,Zderzenie pojazdów czołowe,Dobre warunki atmosferyczne,Światło dzienne,Jezdnia,EWK-98905075T,18,2015-05-14,Ciężko,19*42'599,52*33'578,60,Obszar zabudowany,Odcinek prosty,Droga krajowa,Jednojezdniowa dwukierunkowa,N,POWIAT PŁOCK,PŁOCK - OBSZAR MIEJSKI
1,0,0,2015,Dobre warunki atmosferyczne,Zderzenie pojazdów czołowe,Dobre warunki atmosferyczne,Światło dzienne,Jezdnia,EWK-98905075T,18,2015-05-14,Nieokreślone (puste pole),19*42'599,52*33'578,60,Obszar zabudowany,Odcinek prosty,Droga krajowa,Jednojezdniowa dwukierunkowa,N,POWIAT PŁOCK,PŁOCK - OBSZAR MIEJSKI
1,0,1,2015,Dobre warunki atmosferyczne,Zderzenie pojazdów czołowe,Dobre warunki atmosferyczne,Światło dzienne,Jezdnia,EWK-98915127W,7,2015-05-22,Lekko,20*13'433,52*13'491,GMINNA,Obszar zabudowany,,Droga gminna,Jednojezdniowa dwukierunkowa,N,POWIAT SOCHACZEWSKI,SOCHACZEW - OBSZAR MIEJSKI
1,0,0,2015,Dobre warunki atmosferyczne,Zderzenie pojazdów czołowe,Dobre warunki atmosferyczne,Światło dzienne,Jezdnia,EWK-98915127W,7,2015-05-22,Nieokreślone (puste pole),20*13'433,52*13'491,GMINNA,Obszar zabudowany,,Droga gminna,Jednojezdniowa dwukierunkowa,N,POWIAT SOCHACZEWSKI,SOCHACZEW - OBSZAR MIEJSKI
1,0,1,2015,Dobre warunki atmosferyczne,Zderzenie pojazdów czołowe,Dobre warunki atmosferyczne,Światło dzienne,Jezdnia,EWK-98919246E,11,2015-05-07,Lekko,21*35'149,52*37'409,4405W,Obszar zabudowany,Odcinek prosty,Droga powiatowa,Jednojezdniowa dwukierunkowa,N,POWIAT WYSZKOWSKI,BRAŃSZCZYK - OBSZAR WIEJSKI
1,0,0,2015,Dobre warunki atmosferyczne,Zderzenie pojazdów czołowe,Dobre warunki atmosferyczne,Światło dzienne,Jezdnia,EWK-98919246E,11,2015-05-07,Nieokreślone (puste pole),21*35'149,52*37'409,4405W,Obszar zabudowany,Odcinek prosty,Droga powiatowa,Jednojezdniowa dwukierunkowa,N,POWIAT WYSZKOWSKI,BRAŃSZCZYK - OBSZAR WIEJSKI
1,0,1,2015,Dobre warunki atmosferyczne,Zderzenie pojazdów czołowe,Dobre warunki atmosferyczne,Światło dzienne,Jezdnia,EWK-98922701D,17,2015-05-28,Ciężko,19*46'541,52*51'590,P3737W,Obszar niezabudowany,Odcinek prosty,Droga powiatowa,Jednojezdniowa dwukierunkowa,T,POWIAT SIERPECKI,ROŚCISZEWO - OBSZAR WIEJSKI
1,0,0,2015,Dobre warunki atmosferyczne,Zderzenie pojazdów czołowe,Dobre warunki atmosferyczne,Światło dzienne,Jezdnia,EWK-98922701D,17,2015-05-28,Nieokreślone (puste pole),19*46'541,52*51'590,P3737W,Obszar niezabudowany,Odcinek prosty,Droga powiatowa,Jednojezdniowa dwukierunkowa,T,POWIAT SIERPECKI,ROŚCISZEWO - OBSZAR WIEJSKI
1,0,1,2015,Dobre warunki atmosferyczne,Zderzenie pojazdów czołowe,Dobre warunki atmosferyczne,Światło dzienne,Jezdnia,EWK-98946394Q,13,2015-06-03,Lekko,22*14'286,52*24'274,P3945W,Obszar zabudowany,Odcinek prosty,Droga powiatowa,Jednojezdniowa dwukierunkowa,N,POWIAT SOKOŁOWSKI,SOKOŁÓW PODLASKI - OBSZAR MIEJSKI
1,0,0,2015,Dobre warunki atmosferyczne,Zderzenie pojazdów czołowe,Dobre warunki atmosferyczne,Światło dzienne,Jezdnia,EWK-98946394Q,13,2015-06-03,Nieokreślone (puste pole),22*14'286,52*24'274,P3945W,Obszar zabudowany,Odcinek prosty,Droga powiatowa,Jednojezdniowa dwukierunkowa,N,POWIAT SOKOŁOWSKI,SOKOŁÓW PODLASKI - OBSZAR MIEJSKI
1,0,1,2015,Dobre warunki atmosferyczne,Zderzenie pojazdów czołowe,Dobre warunki atmosferyczne,Światło dzienne,Jezdnia,EWK-98946855L,16,2015-06-07,Lekko,20*16'213,51*56'459,70,Obszar niezabudowany,"Zakręt, łuk; Spadek",Droga krajowa,Jednojezdniowa dwukierunkowa,N,POWIAT ŻYRARDOWSKI,PUSZCZA MARIAŃSKA - OBSZAR WIEJSKI
1,1,0,2015,Dobre warunki atmosferyczne,Zderzenie pojazdów czołowe,Dobre warunki atmosferyczne,Światło dzienne,Jezdnia,EWK-98946855L,16,2015-06-07,Nieokreślone (puste pole),20*16'213,51*56'459,70,Obszar niezabudowany,"Zakręt, łuk; Spadek",Droga krajowa,Jednojezdniowa dwukierunkowa,N,POWIAT ŻYRARDOWSKI,PUSZCZA MARIAŃSKA - OBSZAR WIEJSKI
1,0,1,2015,Dobre warunki atmosferyczne,Zderzenie pojazdów czołowe,Dobre warunki atmosferyczne,Światło dzienne,Jezdnia,EWK-98946931J,13,2015-06-04,Lekko,21*08'342,51*24'327,P5302W,Obszar zabudowany,,Droga powiatowa,Dwie jezdnie jednokierunkowe,N,POWIAT RADOM,RADOM - OBSZAR MIEJSKI
1,0,0,2015,Dobre warunki atmosferyczne,Zderzenie pojazdów czołowe,Dobre warunki atmosferyczne,Światło dzienne,Jezdnia,EWK-98946931J,13,2015-06-04,Nieokreślone (puste pole),21*08'342,51*24'327,P5302W,Obszar zabudowany,,Droga powiatowa,Dwie jezdnie jednokierunkowe,N,POWIAT RADOM,RADOM - OBSZAR MIEJSKI
1,1,0,2015,Dobre warunki atmosferyczne,Zderzenie pojazdów czołowe,Dobre warunki atmosferyczne,Światło dzienne,Jezdnia,EWK-98952362J,17,2015-06-10,Nieokreślone (puste pole),20*11'242,53*01'177,P2333W,Obszar niezabudowany,"Zakręt, łuk",Droga powiatowa,Jednojezdniowa dwukierunkowa,N,POWIAT MŁAWSKI,SZREŃSK - OBSZAR WIEJSKI
1,0,1,2015,Dobre warunki atmosferyczne,Zderzenie pojazdów czołowe,Dobre warunki atmosferyczne,Światło dzienne,Jezdnia,EWK-98952399U,17,2015-06-09,Ciężko,20*45'008,51*43'433,728,Obszar niezabudowany,Odcinek prosty,Droga wojewódzka,Jednojezdniowa dwukierunkowa,N,POWIAT GRÓJECKI,MOGIELNICA - OBSZAR WIEJSKI
1,0,0,2015,Dobre warunki atmosferyczne,Zderzenie pojazdów czołowe,Dobre warunki atmosferyczne,Światło dzienne,Jezdnia,EWK-98952399U,17,2015-06-09,Nieokreślone (puste pole),20*45'008,51*43'433,728,Obszar niezabudowany,Odcinek prosty,Droga wojewódzka,Jednojezdniowa dwukierunkowa,N,POWIAT GRÓJECKI,MOGIELNICA - OBSZAR WIEJSKI
1,0,2,2015,Dobre warunki atmosferyczne,Zderzenie pojazdów czołowe,Dobre warunki atmosferyczne,Światło dzienne,Jezdnia,EWK-98964301C,16,2015-06-12,Ciężko,19*45'219,52*35'173,60,Obszar niezabudowany,Odcinek prosty,Droga krajowa,Jednojezdniowa dwukierunkowa,N,POWIAT PŁOCKI,RADZANOWO - OBSZAR WIEJSKI
1,0,0,2015,Dobre warunki atmosferyczne,Zderzenie pojazdów czołowe,Dobre warunki atmosferyczne,Światło dzienne,Jezdnia,EWK-98964301C,16,2015-06-12,Nieokreślone (puste pole),19*45'219,52*35'173,60,Obszar niezabudowany,Odcinek prosty,Droga krajowa,Jednojezdniowa dwukierunkowa,N,POWIAT PŁOCKI,RADZANOWO - OBSZAR WIEJSKI
1,0,6,2015,Dobre warunki atmosferyczne,Zderzenie pojazdów czołowe,Dobre warunki atmosferyczne,Światło dzienne,Jezdnia,EWK-98970272Q,12,2015-06-14,Lekko,21*22'415,52*42'337,P4407W,Obszar zabudowany,"Zakręt, łuk",Droga powiatowa,Jednojezdniowa dwukierunkowa,N,POWIAT WYSZKOWSKI,RZĄŚNIK - OBSZAR WIEJSKI
1,1,0,2015,Dobre warunki atmosferyczne,Zderzenie pojazdów czołowe,Dobre warunki atmosferyczne,Światło dzienne,Jezdnia,EWK-98975042C,19,2015-06-17,Nieokreślone (puste pole),21*13'106,52*33'172,62,Obszar niezabudowany,Odcinek prosty,Droga krajowa,Jednojezdniowa dwukierunkowa,N,POWIAT WYSZKOWSKI,SOMIANKA - OBSZAR WIEJSKI
1,0,2,2015,Dobre warunki atmosferyczne,Zderzenie pojazdów czołowe,Dobre warunki atmosferyczne,Światło dzienne,Jezdnia,EWK-98975164U,13,2015-06-16,Lekko,21*58'508,52*26'276,62,Obszar niezabudowany,Odcinek prosty,Droga krajowa,Jednojezdniowa dwukierunkowa,N,POWIAT WĘGROWSKI,LIW - OBSZAR WIEJSKI
1,0,0,2015,Dobre warunki atmosferyczne,Zderzenie pojazdów czołowe,Dobre warunki atmosferyczne,Światło dzienne,Jezdnia,EWK-98975164U,13,2015-06-16,Nieokreślone (puste pole),21*58'508,52*26'276,62,Obszar niezabudowany,Odcinek prosty,Droga krajowa,Jednojezdniowa dwukierunkowa,N,POWIAT WĘGROWSKI,LIW - OBSZAR WIEJSKI
1,0,2,2015,Dobre warunki atmosferyczne,Zderzenie pojazdów czołowe,Dobre warunki atmosferyczne,Światło dzienne,Jezdnia,EWK-98975909Q,15,2015-06-18,Lekko,20*46'482,53*09'239,616,Obszar niezabudowany,Odcinek prosty,Droga wojewódzka,Jednojezdniowa dwukierunkowa,T,POWIAT PRZASNYSKI,KRZYNOWŁOGA MAŁA - OBSZAR WIEJSKI
1,0,0,2015,Dobre warunki atmosferyczne,Zderzenie pojazdów czołowe,Dobre warunki atmosferyczne,Światło dzienne,Jezdnia,EWK-98975909Q,15,2015-06-18,Nieokreślone (puste pole),20*46'482,53*09'239,616,Obszar niezabudowany,Odcinek prosty,Droga wojewódzka,Jednojezdniowa dwukierunkowa,T,POWIAT PRZASNYSKI,KRZYNOWŁOGA MAŁA - OBSZAR WIEJSKI
1,0,1,2015,Dobre warunki atmosferyczne,Zderzenie pojazdów czołowe,Dobre warunki atmosferyczne,Światło dzienne,Jezdnia,EWK-98982097H,13,2015-06-20,Ciężko,21*06'351,51*16'532,744,Obszar zabudowany,,Droga wojewódzka,Jednojezdniowa dwukierunkowa,N,POWIAT RADOMSKI,WIERZBICA - OBSZAR WIEJSKI
1,0,1,2015,Dobre warunki atmosferyczne,Zderzenie pojazdów czołowe,Dobre warunki atmosferyczne,Światło dzienne,Jezdnia,EWK-98982097H,13,2015-06-20,Lekko,21*06'351,51*16'532,744,Obszar zabudowany,,Droga wojewódzka,Jednojezdniowa dwukierunkowa,N,POWIAT RADOMSKI,WIERZBICA - OBSZAR WIEJSKI
1,1,0,2015,Dobre warunki atmosferyczne,Zderzenie pojazdów czołowe,Dobre warunki atmosferyczne,Światło dzienne,Jezdnia,EWK-98982097H,13,2015-06-20,Nieokreślone (puste pole),21*06'351,51*16'532,744,Obszar zabudowany,,Droga wojewódzka,Jednojezdniowa dwukierunkowa,N,POWIAT RADOMSKI,WIERZBICA - OBSZAR WIEJSKI
1,0,2,2015,Dobre warunki atmosferyczne,Zderzenie pojazdów czołowe,Dobre warunki atmosferyczne,Światło dzienne,Jezdnia,EWK-98987761D,16,2015-06-20,Lekko,19*37'257,52*51'242,P3726W,Obszar niezabudowany,"Zakręt, łuk",Droga powiatowa,Jednojezdniowa dwukierunkowa,N,POWIAT SIERPECKI,SIERPC - OBSZAR WIEJSKI
1,0,0,2015,Dobre warunki atmosferyczne,Zderzenie pojazdów czołowe,Dobre warunki atmosferyczne,Światło dzienne,Jezdnia,EWK-98987761D,16,2015-06-20,Nieokreślone (puste pole),19*37'257,52*51'242,P3726W,Obszar niezabudowany,"Zakręt, łuk",Droga powiatowa,Jednojezdniowa dwukierunkowa,N,POWIAT SIERPECKI,SIERPC - OBSZAR WIEJSKI
1,0,1,2015,Dobre warunki atmosferyczne,Zderzenie pojazdów czołowe,Dobre warunki atmosferyczne,Światło dzienne,Jezdnia,EWK-98988301Y,13,2015-06-22,Lekko,19*54'230,52*58'238,541,Obszar niezabudowany,Odcinek prosty,Droga wojewódzka,Jednojezdniowa dwukierunkowa,N,POWIAT ŻUROMIŃSKI,BIEŻUŃ - OBSZAR WIEJSKI
1,0,0,2015,Dobre warunki atmosferyczne,Zderzenie pojazdów czołowe,Dobre warunki atmosferyczne,Światło dzienne,Jezdnia,EWK-98988301Y,13,2015-06-22,Nieokreślone (puste pole),19*54'230,52*58'238,541,Obszar niezabudowany,Odcinek prosty,Droga wojewódzka,Jednojezdniowa dwukierunkowa,N,POWIAT ŻUROMIŃSKI,BIEŻUŃ - OBSZAR WIEJSKI
1,0,1,2015,Dobre warunki atmosferyczne,Zderzenie pojazdów czołowe,Dobre warunki atmosferyczne,Światło dzienne,Jezdnia,EWK-98989288R,15,2015-06-23,Ciężko,19*31'426,52*27'011,G140209W,Obszar niezabudowany,"Zakręt, łuk",Droga gminna,Jednojezdniowa dwukierunkowa,N,POWIAT GOSTYNIŃSKI,GOSTYNIN - OBSZAR WIEJSKI
1,0,1,2015,Dobre warunki atmosferyczne,Zderzenie pojazdów czołowe,Dobre warunki atmosferyczne,Światło dzienne,Jezdnia,EWK-98989288R,15,2015-06-23,Lekko,19*31'426,52*27'011,G140209W,Obszar niezabudowany,"Zakręt, łuk",Droga gminna,Jednojezdniowa dwukierunkowa,N,POWIAT GOSTYNIŃSKI,GOSTYNIN - OBSZAR WIEJSKI
1,0,0,2015,Dobre warunki atmosferyczne,Zderzenie pojazdów czołowe,Dobre warunki atmosferyczne,Światło dzienne,Jezdnia,EWK-98989288R,15,2015-06-23,Nieokreślone (puste pole),19*31'426,52*27'011,G140209W,Obszar niezabudowany,"Zakręt, łuk",Droga gminna,Jednojezdniowa dwukierunkowa,N,POWIAT GOSTYNIŃSKI,GOSTYNIN - OBSZAR WIEJSKI
1,0,1,2015,Dobre warunki atmosferyczne,Zderzenie pojazdów czołowe,Dobre warunki atmosferyczne,Światło dzienne,Jezdnia,EWK-98989891D,17,2015-06-23,Lekko,20*53'376,51*37'562,48,Obszar niezabudowany,,Droga krajowa,Jednojezdniowa dwukierunkowa,N,POWIAT BIAŁOBRZESKI,WYŚMIERZYCE - OBSZAR WIEJSKI
1,1,0,2015,Dobre warunki atmosferyczne,Zderzenie pojazdów czołowe,Dobre warunki atmosferyczne,Światło dzienne,Jezdnia,EWK-98989891D,17,2015-06-23,Nieokreślone (puste pole),20*53'376,51*37'562,48,Obszar niezabudowany,,Droga krajowa,Jednojezdniowa dwukierunkowa,N,POWIAT BIAŁOBRZESKI,WYŚMIERZYCE - OBSZAR WIEJSKI
1,0,3,2015,Dobre warunki atmosferyczne,Zderzenie pojazdów czołowe,Dobre warunki atmosferyczne,Światło dzienne,Jezdnia,EWK-98992949H,11,2015-06-21,Lekko,19*50'507,52*29'543,62,Obszar zabudowany,"Zakręt, łuk; Spadek",Droga krajowa,Jednojezdniowa dwukierunkowa,N,POWIAT PŁOCKI,SŁUPNO - OBSZAR WIEJSKI
1,0,2,2015,Dobre warunki atmosferyczne,Zderzenie pojazdów czołowe,Dobre warunki atmosferyczne,Światło dzienne,Jezdnia,EWK-98999466P,15,2015-06-26,Lekko,20*40'479,51*29'033,727,Obszar niezabudowany,"Zakręt, łuk",Droga wojewódzka,Jednojezdniowa dwukierunkowa,N,POWIAT PRZYSUSKI,KLWÓW - OBSZAR WIEJSKI
1,0,1,2015,Dobre warunki atmosferyczne,Zderzenie pojazdów czołowe,Dobre warunki atmosferyczne,Światło dzienne,Jezdnia,EWK-99000458E,17,2015-06-25,Lekko,21*01'547,51*14'346,727,Obszar niezabudowany,Odcinek prosty,Droga wojewódzka,Jednojezdniowa dwukierunkowa,N,POWIAT RADOMSKI,WIERZBICA - OBSZAR WIEJSKI
1,0,0,2015,Dobre warunki atmosferyczne,Zderzenie pojazdów czołowe,Dobre warunki atmosferyczne,Światło dzienne,Jezdnia,EWK-99000458E,17,2015-06-25,Nieokreślone (puste pole),21*01'547,51*14'346,727,Obszar niezabudowany,Odcinek prosty,Droga wojewódzka,Jednojezdniowa dwukierunkowa,N,POWIAT RADOMSKI,WIERZBICA - OBSZAR WIEJSKI
1,0,1,2015,Dobre warunki atmosferyczne,Zderzenie pojazdów czołowe,Dobre warunki atmosferyczne,Światło dzienne,Jezdnia,EWK-99006100F,15,2015-06-02,Lekko,21*51'082,51*41'002,17,Obszar niezabudowany,Odcinek prosty,Droga krajowa,Jednojezdniowa dwukierunkowa,N,POWIAT GARWOLIŃSKI,TROJANÓW - OBSZAR WIEJSKI
1,0,0,2015,Dobre warunki atmosferyczne,Zderzenie pojazdów czołowe,Dobre warunki atmosferyczne,Światło dzienne,Jezdnia,EWK-99006100F,15,2015-06-02,Nieokreślone (puste pole),21*51'082,51*41'002,17,Obszar niezabudowany,Odcinek prosty,Droga krajowa,Jednojezdniowa dwukierunkowa,N,POWIAT GARWOLIŃSKI,TROJANÓW - OBSZAR WIEJSKI
1,0,2,2015,Dobre warunki atmosferyczne,Zderzenie pojazdów czołowe,Dobre warunki atmosferyczne,Światło dzienne,Jezdnia,EWK-99013998T,11,2015-07-03,Ciężko,21*09'498,51*24'097,P5304W  ,Obszar zabudowany,,Droga powiatowa,Jednojezdniowa dwukierunkowa,N,POWIAT RADOM,RADOM - OBSZAR MIEJSKI
1,0,1,2015,Dobre warunki atmosferyczne,Zderzenie pojazdów czołowe,Dobre warunki atmosferyczne,Światło dzienne,Jezdnia,EWK-99017086M,19,2015-07-07,Lekko,21*01'266,51*27'399,P3507W,Obszar niezabudowany,"Zakręt, łuk",Droga powiatowa,Jednojezdniowa dwukierunkowa,N,POWIAT RADOMSKI,ZAKRZEW - OBSZAR WIEJSKI
1,0,0,2015,Dobre warunki atmosferyczne,Zderzenie pojazdów czołowe,Dobre warunki atmosferyczne,Światło dzienne,Jezdnia,EWK-99017086M,19,2015-07-07,Nieokreślone (puste pole),21*01'266,51*27'399,P3507W,Obszar niezabudowany,"Zakręt, łuk",Droga powiatowa,Jednojezdniowa dwukierunkowa,N,POWIAT RADOMSKI,ZAKRZEW - OBSZAR WIEJSKI
1,0,1,2015,Dobre warunki atmosferyczne,Zderzenie pojazdów czołowe,Dobre warunki atmosferyczne,Światło dzienne,Jezdnia,EWK-99025909L,16,2015-07-12,Lekko,20*52'188,53*02'361,57,Obszar niezabudowany,"Zakręt, łuk",Droga krajowa,Jednojezdniowa dwukierunkowa,N,POWIAT PRZASNYSKI,PRZASNYSZ - OBSZAR WIEJSKI
1,0,0,2015,Dobre warunki atmosferyczne,Zderzenie pojazdów czołowe,Dobre warunki atmosferyczne,Światło dzienne,Jezdnia,EWK-99025909L,16,2015-07-12,Nieokreślone (puste pole),20*52'188,53*02'361,57,Obszar niezabudowany,"Zakręt, łuk",Droga krajowa,Jednojezdniowa dwukierunkowa,N,POWIAT PRZASNYSKI,PRZASNYSZ - OBSZAR WIEJSKI
1,0,2,2015,Dobre warunki atmosferyczne,Zderzenie pojazdów czołowe,Dobre warunki atmosferyczne,Światło dzienne,Jezdnia,EWK-99045028J,13,2015-07-23,Ciężko,20*50'118,51*52'267,50,Obszar niezabudowany,Odcinek prosty,Droga krajowa,Jednojezdniowa dwukierunkowa,N,POWIAT GRÓJECKI,GRÓJEC - OBSZAR WIEJSKI
1,0,1,2015,Dobre warunki atmosferyczne,Zderzenie pojazdów czołowe,Dobre warunki atmosferyczne,Światło dzienne,Jezdnia,EWK-99045028J,13,2015-07-23,Lekko,20*50'118,51*52'267,50,Obszar niezabudowany,Odcinek prosty,Droga krajowa,Jednojezdniowa dwukierunkowa,N,POWIAT GRÓJECKI,GRÓJEC - OBSZAR WIEJSKI
1,1,0,2015,Dobre warunki atmosferyczne,Zderzenie pojazdów czołowe,Dobre warunki atmosferyczne,Światło dzienne,Jezdnia,EWK-99045028J,13,2015-07-23,Nieokreślone (puste pole),20*50'118,51*52'267,50,Obszar niezabudowany,Odcinek prosty,Droga krajowa,Jednojezdniowa dwukierunkowa,N,POWIAT GRÓJECKI,GRÓJEC - OBSZAR WIEJSKI
1,0,1,2015,Dobre warunki atmosferyczne,Zderzenie pojazdów czołowe,Dobre warunki atmosferyczne,Światło dzienne,Jezdnia,EWK-99045936T,13,2015-07-22,Lekko,21*10'396,51*43'567,P1130W,Obszar niezabudowany,Odcinek prosty,Droga powiatowa,Jednojezdniowa dwukierunkowa,N,POWIAT KOZIENICKI,GRABÓW NAD PILICĄ - OBSZAR WIEJSKI
1,0,0,2015,Dobre warunki atmosferyczne,Zderzenie pojazdów czołowe,Dobre warunki atmosferyczne,Światło dzienne,Jezdnia,EWK-99045936T,13,2015-07-22,Nieokreślone (puste pole),21*10'396,51*43'567,P1130W,Obszar niezabudowany,Odcinek prosty,Droga powiatowa,Jednojezdniowa dwukierunkowa,N,POWIAT KOZIENICKI,GRABÓW NAD PILICĄ - OBSZAR WIEJSKI
1,0,1,2015,Dobre warunki atmosferyczne,Zderzenie pojazdów czołowe,Dobre warunki atmosferyczne,Światło dzienne,Jezdnia,EWK-99049289M,15,2015-07-26,Lekko,21*32'300,51*18'273,34513W,Obszar niezabudowany,Odcinek prosty,Droga powiatowa,Jednojezdniowa dwukierunkowa,N,POWIAT ZWOLEŃSKI,ZWOLEŃ - OBSZAR WIEJSKI
1,0,0,2015,Dobre warunki atmosferyczne,Zderzenie pojazdów czołowe,Dobre warunki atmosferyczne,Światło dzienne,Jezdnia,EWK-99049289M,15,2015-07-26,Nieokreślone (puste pole),21*32'300,51*18'273,34513W,Obszar niezabudowany,Odcinek prosty,Droga powiatowa,Jednojezdniowa dwukierunkowa,N,POWIAT ZWOLEŃSKI,ZWOLEŃ - OBSZAR WIEJSKI
1,1,0,2015,Dobre warunki atmosferyczne,Zderzenie pojazdów czołowe,Dobre warunki atmosferyczne,Światło dzienne,Jezdnia,EWK-99049466U,19,2015-07-24,Nieokreślone (puste pole),20*30'344,51*38'411,707,Obszar niezabudowany,Odcinek prosty,Droga wojewódzka,Jednojezdniowa dwukierunkowa,N,POWIAT GRÓJECKI,NOWE MIASTO NAD PILICĄ - OBSZAR WIEJSKI
1,0,1,2015,Dobre warunki atmosferyczne,Zderzenie pojazdów czołowe,Dobre warunki atmosferyczne,Światło dzienne,Jezdnia,EWK-99052033R,11,2015-07-25,Lekko,20*11'536,53*06'325,615,Obszar niezabudowany,,Droga wojewódzka,Jednojezdniowa dwukierunkowa,N,POWIAT MŁAWSKI,STUPSK - OBSZAR WIEJSKI
1,0,0,2015,Dobre warunki atmosferyczne,Zderzenie pojazdów czołowe,Dobre warunki atmosferyczne,Światło dzienne,Jezdnia,EWK-99052033R,11,2015-07-25,Nieokreślone (puste pole),20*11'536,53*06'325,615,Obszar niezabudowany,,Droga wojewódzka,Jednojezdniowa dwukierunkowa,N,POWIAT MŁAWSKI,STUPSK - OBSZAR WIEJSKI
1,0,1,2015,Dobre warunki atmosferyczne,Zderzenie pojazdów czołowe,Dobre warunki atmosferyczne,Światło dzienne,Jezdnia,EWK-99056455D,19,2015-07-28,Lekko,20*48'170,51*53'129,50,Obszar niezabudowany,Odcinek prosty,Droga krajowa,Jednojezdniowa dwukierunkowa,N,POWIAT GRÓJECKI,GRÓJEC - OBSZAR WIEJSKI