Liczba wypadków,Liczba zabitych,Liczba rannych,Rok,Warunki atmosferyczne,Rodzaj zdarzenia,Warunki atmosferyczne,Oświetlenie,Charakterystyka miejsca zdarzenia,IDKSIP zdarzenia,Godzina,Dzień,Ranny,GPS x,GPS y,Numer drogi,Obszar,Geometria drogi,Kategoria drogi 1,Rodzaj drogi,Czy w zdarzeniu był sprawca nietrzeźwy,Powiat,Gmina
1,0,0,2015,Dobre warunki atmosferyczne,Zderzenie pojazdów tylne,Dobre warunki atmosferyczne,Światło dzienne,Jezdnia,EWK-99270013G,10,2015-10-15,Nieokreślone (puste pole),22*17'083,52*09'140,W628,Obszar zabudowany,,Droga wojewódzka,Jednojezdniowa dwukierunkowa,N,POWIAT SIEDLCE,SIEDLCE - OBSZAR MIEJSKI
1,0,1,2015,Dobre warunki atmosferyczne,Zderzenie pojazdów tylne,Dobre warunki atmosferyczne,Światło dzienne,Jezdnia,EWK-99274488W,12,2015-10-26,Ciężko,21*09'412,51*27'512,GMINNA,Obszar zabudowany,Odcinek prosty,Droga gminna,Jednojezdniowa dwukierunkowa,N,POWIAT RADOM,RADOM - OBSZAR MIEJSKI
1,0,1,2015,Dobre warunki atmosferyczne,Zderzenie pojazdów tylne,Dobre warunki atmosferyczne,Światło dzienne,Jezdnia,EWK-99274488W,12,2015-10-26,Lekko,21*09'412,51*27'512,GMINNA,Obszar zabudowany,Odcinek prosty,Droga gminna,Jednojezdniowa dwukierunkowa,N,POWIAT RADOM,RADOM - OBSZAR MIEJSKI
1,0,1,2015,Dobre warunki atmosferyczne,Zderzenie pojazdów tylne,Dobre warunki atmosferyczne,Światło dzienne,Jezdnia,EWK-99278235Y,15,2015-10-27,Ciężko,20*52'235,51*21'571,P3562W,Obszar zabudowany,Odcinek prosty,Droga powiatowa,Jednojezdniowa dwukierunkowa,N,POWIAT RADOMSKI,WOLANÓW - OBSZAR WIEJSKI
1,0,0,2015,Dobre warunki atmosferyczne,Zderzenie pojazdów tylne,Dobre warunki atmosferyczne,Światło dzienne,Jezdnia,EWK-99278235Y,15,2015-10-27,Nieokreślone (puste pole),20*52'235,51*21'571,P3562W,Obszar zabudowany,Odcinek prosty,Droga powiatowa,Jednojezdniowa dwukierunkowa,N,POWIAT RADOMSKI,WOLANÓW - OBSZAR WIEJSKI
1,0,1,2015,Dobre warunki atmosferyczne,Zderzenie pojazdów tylne,Dobre warunki atmosferyczne,Światło dzienne,Jezdnia,EWK-99281903D,15,2015-10-27,Lekko,20*28'151,52*41'081,50,Obszar zabudowany,"Zakręt, łuk",Droga krajowa,Jednojezdniowa dwukierunkowa,N,POWIAT PŁOŃSKI,SOCHOCIN - OBSZAR WIEJSKI
1,0,0,2015,Dobre warunki atmosferyczne,Zderzenie pojazdów tylne,Dobre warunki atmosferyczne,Światło dzienne,Jezdnia,EWK-99281903D,15,2015-10-27,Nieokreślone (puste pole),20*28'151,52*41'081,50,Obszar zabudowany,"Zakręt, łuk",Droga krajowa,Jednojezdniowa dwukierunkowa,N,POWIAT PŁOŃSKI,SOCHOCIN - OBSZAR WIEJSKI
1,0,1,2015,Dobre warunki atmosferyczne,Zderzenie pojazdów tylne,Dobre warunki atmosferyczne,Światło dzienne,Jezdnia,EWK-99282698W,9,2015-10-30,Lekko,22*15'322,52*26'494,63,Obszar zabudowany,Odcinek prosty,Droga krajowa,Jednojezdniowa dwukierunkowa,N,POWIAT SOKOŁOWSKI,SABNIE - OBSZAR WIEJSKI
1,0,0,2015,Dobre warunki atmosferyczne,Zderzenie pojazdów tylne,Dobre warunki atmosferyczne,Światło dzienne,Jezdnia,EWK-99282698W,9,2015-10-30,Nieokreślone (puste pole),22*15'322,52*26'494,63,Obszar zabudowany,Odcinek prosty,Droga krajowa,Jednojezdniowa dwukierunkowa,N,POWIAT SOKOŁOWSKI,SABNIE - OBSZAR WIEJSKI
1,0,1,2015,Dobre warunki atmosferyczne,Zderzenie pojazdów tylne,Dobre warunki atmosferyczne,Światło dzienne,Jezdnia,EWK-99282832W,16,2015-10-29,Lekko,20*44'024,51*30'260,740,Obszar niezabudowany,Odcinek prosty,Droga wojewódzka,Jednojezdniowa dwukierunkowa,N,POWIAT PRZYSUSKI,POTWORÓW - OBSZAR WIEJSKI
1,0,0,2015,Dobre warunki atmosferyczne,Zderzenie pojazdów tylne,Dobre warunki atmosferyczne,Światło dzienne,Jezdnia,EWK-99282832W,16,2015-10-29,Nieokreślone (puste pole),20*44'024,51*30'260,740,Obszar niezabudowany,Odcinek prosty,Droga wojewódzka,Jednojezdniowa dwukierunkowa,N,POWIAT PRZYSUSKI,POTWORÓW - OBSZAR WIEJSKI
1,0,1,2015,Dobre warunki atmosferyczne,Zderzenie pojazdów tylne,Dobre warunki atmosferyczne,Światło dzienne,Jezdnia,EWK-99287671Q,9,2015-10-31,Lekko,20*57'154,51*22'336,12,Obszar zabudowany,Odcinek prosty,Droga krajowa,Jednojezdniowa dwukierunkowa,N,POWIAT RADOMSKI,WOLANÓW - OBSZAR WIEJSKI
1,0,0,2015,Dobre warunki atmosferyczne,Zderzenie pojazdów tylne,Dobre warunki atmosferyczne,Światło dzienne,Jezdnia,EWK-99287671Q,9,2015-10-31,Nieokreślone (puste pole),20*57'154,51*22'336,12,Obszar zabudowany,Odcinek prosty,Droga krajowa,Jednojezdniowa dwukierunkowa,N,POWIAT RADOMSKI,WOLANÓW - OBSZAR WIEJSKI
1,0,1,2015,Dobre warunki atmosferyczne,Zderzenie pojazdów tylne,Dobre warunki atmosferyczne,Światło dzienne,Jezdnia,EWK-99288033U,6,2015-10-30,Lekko,20*10'394,52*14'428,50,Obszar niezabudowany,Odcinek prosty,Droga krajowa,Jednojezdniowa dwukierunkowa,N,POWIAT SOCHACZEWSKI,SOCHACZEW - OBSZAR WIEJSKI
1,0,0,2015,Dobre warunki atmosferyczne,Zderzenie pojazdów tylne,Dobre warunki atmosferyczne,Światło dzienne,Jezdnia,EWK-99288033U,6,2015-10-30,Nieokreślone (puste pole),20*10'394,52*14'428,50,Obszar niezabudowany,Odcinek prosty,Droga krajowa,Jednojezdniowa dwukierunkowa,N,POWIAT SOCHACZEWSKI,SOCHACZEW - OBSZAR WIEJSKI
1,0,1,2015,Dobre warunki atmosferyczne,Zderzenie pojazdów tylne,Dobre warunki atmosferyczne,Światło dzienne,Jezdnia,EWK-99292848P,16,2015-10-01,Lekko,21*36'044,51*54'427,GMINNA,Obszar zabudowany,Odcinek prosty,Droga gminna,Jednojezdniowa dwukierunkowa,N,POWIAT GARWOLIŃSKI,GARWOLIN - OBSZAR MIEJSKI
1,0,0,2015,Dobre warunki atmosferyczne,Zderzenie pojazdów tylne,Dobre warunki atmosferyczne,Światło dzienne,Jezdnia,EWK-99292848P,16,2015-10-01,Nieokreślone (puste pole),21*36'044,51*54'427,GMINNA,Obszar zabudowany,Odcinek prosty,Droga gminna,Jednojezdniowa dwukierunkowa,N,POWIAT GARWOLIŃSKI,GARWOLIN - OBSZAR MIEJSKI
1,0,1,2015,Dobre warunki atmosferyczne,Zderzenie pojazdów tylne,Dobre warunki atmosferyczne,Światło dzienne,Jezdnia,EWK-99293636F,9,2015-11-03,Lekko,21*10'412,51*23'550,P3528W,Obszar zabudowany,Odcinek prosty,Droga powiatowa,Jednojezdniowa dwukierunkowa,N,POWIAT RADOM,RADOM - OBSZAR MIEJSKI
1,0,0,2015,Dobre warunki atmosferyczne,Zderzenie pojazdów tylne,Dobre warunki atmosferyczne,Światło dzienne,Jezdnia,EWK-99293636F,9,2015-11-03,Nieokreślone (puste pole),21*10'412,51*23'550,P3528W,Obszar zabudowany,Odcinek prosty,Droga powiatowa,Jednojezdniowa dwukierunkowa,N,POWIAT RADOM,RADOM - OBSZAR MIEJSKI
1,0,1,2015,Dobre warunki atmosferyczne,Zderzenie pojazdów tylne,Dobre warunki atmosferyczne,Światło dzienne,Jezdnia,EWK-99327873D,8,2015-11-12,Lekko,21*57'152,52*12'136,2,Obszar zabudowany,Odcinek prosty,Droga krajowa,Jednojezdniowa dwukierunkowa,N,POWIAT SIEDLECKI,KOTUŃ - OBSZAR WIEJSKI
1,0,0,2015,Dobre warunki atmosferyczne,Zderzenie pojazdów tylne,Dobre warunki atmosferyczne,Światło dzienne,Jezdnia,EWK-99327873D,8,2015-11-12,Nieokreślone (puste pole),21*57'152,52*12'136,2,Obszar zabudowany,Odcinek prosty,Droga krajowa,Jednojezdniowa dwukierunkowa,N,POWIAT SIEDLECKI,KOTUŃ - OBSZAR WIEJSKI
1,0,1,2015,Dobre warunki atmosferyczne,Zderzenie pojazdów tylne,Dobre warunki atmosferyczne,Światło dzienne,Jezdnia,EWK-99342585J,11,2015-11-19,Lekko,21*08'353,51*24'347,P5305W,Obszar zabudowany,Odcinek prosty,Droga powiatowa,Dwie jezdnie jednokierunkowe,N,POWIAT RADOM,RADOM - OBSZAR MIEJSKI
1,0,0,2015,Dobre warunki atmosferyczne,Zderzenie pojazdów tylne,Dobre warunki atmosferyczne,Światło dzienne,Jezdnia,EWK-99342585J,11,2015-11-19,Nieokreślone (puste pole),21*08'353,51*24'347,P5305W,Obszar zabudowany,Odcinek prosty,Droga powiatowa,Dwie jezdnie jednokierunkowe,N,POWIAT RADOM,RADOM - OBSZAR MIEJSKI
1,0,1,2015,Dobre warunki atmosferyczne,Zderzenie pojazdów tylne,Dobre warunki atmosferyczne,Światło dzienne,Jezdnia,EWK-99346312K,11,2015-11-23,Ciężko,19*59'043,52*18'060,577,Obszar zabudowany,Odcinek prosty,Droga wojewódzka,Jednojezdniowa dwukierunkowa,N,POWIAT SOCHACZEWSKI,IŁÓW - OBSZAR WIEJSKI
1,0,0,2015,Dobre warunki atmosferyczne,Zderzenie pojazdów tylne,Dobre warunki atmosferyczne,Światło dzienne,Jezdnia,EWK-99346312K,11,2015-11-23,Nieokreślone (puste pole),19*59'043,52*18'060,577,Obszar zabudowany,Odcinek prosty,Droga wojewódzka,Jednojezdniowa dwukierunkowa,N,POWIAT SOCHACZEWSKI,IŁÓW - OBSZAR WIEJSKI
1,0,2,2015,Dobre warunki atmosferyczne,Zderzenie pojazdów tylne,Dobre warunki atmosferyczne,Światło dzienne,Jezdnia,EWK-99362938M,9,2015-11-29,Lekko,20*19'580,52*13'149,92,Obszar niezabudowany,Odcinek prosty,Droga krajowa,Jednojezdniowa dwukierunkowa,N,POWIAT SOCHACZEWSKI,SOCHACZEW - OBSZAR WIEJSKI
1,0,0,2015,Dobre warunki atmosferyczne,Zderzenie pojazdów tylne,Dobre warunki atmosferyczne,Światło dzienne,Jezdnia,EWK-99362938M,9,2015-11-29,Nieokreślone (puste pole),20*19'580,52*13'149,92,Obszar niezabudowany,Odcinek prosty,Droga krajowa,Jednojezdniowa dwukierunkowa,N,POWIAT SOCHACZEWSKI,SOCHACZEW - OBSZAR WIEJSKI
1,0,1,2015,Dobre warunki atmosferyczne,Zderzenie pojazdów tylne,Dobre warunki atmosferyczne,Światło dzienne,"Skarpa, rów",EWK-99287191K,9,2015-10-27,Lekko,22*15'192,52*23'244,63,Obszar zabudowany,Odcinek prosty,Droga krajowa,Jednojezdniowa dwukierunkowa,N,POWIAT SOKOŁOWSKI,SOKOŁÓW PODLASKI - OBSZAR WIEJSKI
1,0,0,2015,Dobre warunki atmosferyczne,Zderzenie pojazdów tylne,Dobre warunki atmosferyczne,Światło dzienne,"Skarpa, rów",EWK-99287191K,9,2015-10-27,Nieokreślone (puste pole),22*15'192,52*23'244,63,Obszar zabudowany,Odcinek prosty,Droga krajowa,Jednojezdniowa dwukierunkowa,N,POWIAT SOKOŁOWSKI,SOKOŁÓW PODLASKI - OBSZAR WIEJSKI
1,1,0,2015,Dobre warunki atmosferyczne,Zderzenie pojazdów tylne,Dobre warunki atmosferyczne,Światło dzienne,"Wjazd, wyjazd z posesji, pola",EWK-98987397J,12,2015-06-22,Nieokreślone (puste pole),19*58'543,52*37'293,P2928W,Obszar niezabudowany,Odcinek prosty,Droga powiatowa,Jednojezdniowa dwukierunkowa,N,POWIAT PŁOCKI,STAROŹREBY - OBSZAR WIEJSKI
1,0,1,2015,"Mgła, dym",Inne,"Mgła, dym",Noc - droga nieoświetlona,"Skarpa, rów",EWK-98732702Q,5,2015-01-19,Lekko,20*32'222,52*00'354,P4713W,Obszar zabudowany,"Zakręt, łuk",Droga powiatowa,Jednojezdniowa dwukierunkowa,N,POWIAT ŻYRARDOWSKI,RADZIEJOWICE - OBSZAR WIEJSKI
1,0,0,2015,"Mgła, dym",Inne,"Mgła, dym",Noc - droga nieoświetlona,"Skarpa, rów",EWK-98732702Q,5,2015-01-19,Nieokreślone (puste pole),20*32'222,52*00'354,P4713W,Obszar zabudowany,"Zakręt, łuk",Droga powiatowa,Jednojezdniowa dwukierunkowa,N,POWIAT ŻYRARDOWSKI,RADZIEJOWICE - OBSZAR WIEJSKI
1,0,1,2015,"Mgła, dym",Inne,"Mgła, dym",Noc - droga oświetlona,Jezdnia,EWK-98730962D,23,2015-01-18,Ciężko,20*23'168,53*06'383,P2363W,Obszar zabudowany,"Zakręt, łuk",Droga powiatowa,Jednojezdniowa dwukierunkowa,N,POWIAT MŁAWSKI,MŁAWA - OBSZAR MIEJSKI
1,1,0,2015,"Mgła, dym",Inne,"Mgła, dym",Noc - droga oświetlona,Jezdnia,EWK-98730962D,23,2015-01-18,Nieokreślone (puste pole),20*23'168,53*06'383,P2363W,Obszar zabudowany,"Zakręt, łuk",Droga powiatowa,Jednojezdniowa dwukierunkowa,N,POWIAT MŁAWSKI,MŁAWA - OBSZAR MIEJSKI
1,0,1,2015,"Mgła, dym",Inne,"Mgła, dym",Noc - droga oświetlona,Pobocze,EWK-98813655F,5,2015-03-29,Lekko,19*42'285,52*36'254,5205W,Obszar zabudowany,,Droga powiatowa,Jednojezdniowa dwukierunkowa,N,POWIAT PŁOCKI,STARA BIAŁA - OBSZAR WIEJSKI
1,0,1,2015,"Mgła, dym",Najechanie na barierę ochronną,"Mgła, dym",Noc - droga oświetlona,Jezdnia,EWK-98749466Y,19,2015-02-03,Lekko,22*01'034,52*23'373,W637,Obszar zabudowany,"Zakręt, łuk",Droga wojewódzka,Jednojezdniowa dwukierunkowa,N,POWIAT WĘGROWSKI,WĘGRÓW - OBSZAR MIEJSKI
1,0,0,2015,"Mgła, dym",Najechanie na barierę ochronną,"Mgła, dym",Noc - droga oświetlona,Jezdnia,EWK-98749466Y,19,2015-02-03,Nieokreślone (puste pole),22*01'034,52*23'373,W637,Obszar zabudowany,"Zakręt, łuk",Droga wojewódzka,Jednojezdniowa dwukierunkowa,N,POWIAT WĘGROWSKI,WĘGRÓW - OBSZAR MIEJSKI
1,0,1,2015,"Mgła, dym",Najechanie na drzewo,"Mgła, dym",Noc - droga nieoświetlona,"Skarpa, rów",EWK-99126152N,4,2015-08-29,Lekko,20*44'566,53*13'085,P3216W,Obszar niezabudowany,Odcinek prosty,Droga powiatowa,Jednojezdniowa dwukierunkowa,N,POWIAT PRZASNYSKI,KRZYNOWŁOGA MAŁA - OBSZAR WIEJSKI
1,0,3,2015,"Mgła, dym",Najechanie na drzewo,"Mgła, dym",Noc - droga oświetlona,"Skarpa, rów",EWK-98739030M,2,2015-01-24,Lekko,20*44'414,51*21'114,34307W,Obszar zabudowany,"Zakręt, łuk",Droga powiatowa,Jednojezdniowa dwukierunkowa,T,POWIAT PRZYSUSKI,WIENIAWA - OBSZAR WIEJSKI
1,0,1,2015,"Mgła, dym",Najechanie na drzewo,"Mgła, dym","Zmrok, świt",Jezdnia,EWK-99349239Q,6,2015-11-22,Ciężko,22*27'152,52*14'009,P3480D,Obszar niezabudowany,Odcinek prosty,Droga powiatowa,Jednojezdniowa dwukierunkowa,N,POWIAT SIEDLECKI,MORDY - OBSZAR WIEJSKI
1,0,1,2015,"Mgła, dym",Najechanie na pieszego,"Mgła, dym",Noc - droga nieoświetlona,Jezdnia,EWK-99310527U,16,2015-11-07,Ciężko,22*35'224,52*09'505,02313W,Obszar zabudowany,Odcinek prosty,Droga powiatowa,Jednojezdniowa dwukierunkowa,N,POWIAT ŁOSICKI,OLSZANKA - OBSZAR WIEJSKI
1,0,8,2015,"Mgła, dym",Najechanie na pieszego,"Mgła, dym",Noc - droga nieoświetlona,Jezdnia,EWK-99310527U,16,2015-11-07,Lekko,22*35'224,52*09'505,02313W,Obszar zabudowany,Odcinek prosty,Droga powiatowa,Jednojezdniowa dwukierunkowa,N,POWIAT ŁOSICKI,OLSZANKA - OBSZAR WIEJSKI
1,0,0,2015,"Mgła, dym",Najechanie na pieszego,"Mgła, dym",Noc - droga nieoświetlona,Jezdnia,EWK-99310527U,16,2015-11-07,Nieokreślone (puste pole),22*35'224,52*09'505,02313W,Obszar zabudowany,Odcinek prosty,Droga powiatowa,Jednojezdniowa dwukierunkowa,N,POWIAT ŁOSICKI,OLSZANKA - OBSZAR WIEJSKI
1,1,0,2015,"Mgła, dym",Najechanie na pieszego,"Mgła, dym","Zmrok, świt",Jezdnia,EWK-103401901Q,18,2015-12-07,Nieokreślone (puste pole),20*06'389,52*15'261,GMINNA,Obszar niezabudowany,Odcinek prosty,Droga gminna,Jednojezdniowa dwukierunkowa,N,POWIAT SOCHACZEWSKI,RYBNO - OBSZAR WIEJSKI
1,0,1,2015,"Mgła, dym",Najechanie na pieszego,"Mgła, dym","Zmrok, świt",Przejście dla pieszych,EWK-99323294E,6,2015-11-13,Lekko,20*26'045,52*03'219,GMINNA,Obszar zabudowany,Odcinek prosty,Droga gminna,Jednojezdniowa dwukierunkowa,N,POWIAT ŻYRARDOWSKI,ŻYRARDÓW - OBSZAR MIEJSKI
1,0,0,2015,"Mgła, dym",Najechanie na pieszego,"Mgła, dym","Zmrok, świt",Przejście dla pieszych,EWK-99323294E,6,2015-11-13,Nieokreślone (puste pole),20*26'045,52*03'219,GMINNA,Obszar zabudowany,Odcinek prosty,Droga gminna,Jednojezdniowa dwukierunkowa,N,POWIAT ŻYRARDOWSKI,ŻYRARDÓW - OBSZAR MIEJSKI
1,1,0,2015,"Mgła, dym",Najechanie na pieszego,"Mgła, dym",Światło dzienne,"Roboty drogowe, oznakowanie tymczasowe",EWK-103476907R,12,2015-12-08,Nieokreślone (puste pole),20*56'283,52*45'221,618,Obszar niezabudowany,Odcinek prosty,Droga wojewódzka,Jednojezdniowa dwukierunkowa,N,POWIAT PUŁTUSKI,GZY - OBSZAR WIEJSKI
1,0,2,2015,"Mgła, dym","Najechanie na słup, znak","Mgła, dym",Światło dzienne,Jezdnia,EWK-98858331Q,5,2015-04-27,Lekko,21*37'438,51*05'257,79,Obszar zabudowany,,Droga krajowa,Jednojezdniowa dwukierunkowa,N,POWIAT LIPSKI,LIPSKO - OBSZAR WIEJSKI
1,0,0,2015,"Mgła, dym","Najechanie na słup, znak","Mgła, dym",Światło dzienne,Jezdnia,EWK-98858331Q,5,2015-04-27,Nieokreślone (puste pole),21*37'438,51*05'257,79,Obszar zabudowany,,Droga krajowa,Jednojezdniowa dwukierunkowa,N,POWIAT LIPSKI,LIPSKO - OBSZAR WIEJSKI
1,0,1,2015,"Mgła, dym",Najechanie na zwierzę,"Mgła, dym",Noc - droga nieoświetlona,Jezdnia,EWK-103492951Y,21,2015-12-07,Ciężko,19*35'315,52*37'215,559,Obszar niezabudowany,Odcinek prosty,Droga wojewódzka,Jednojezdniowa dwukierunkowa,N,POWIAT PŁOCKI,STARA BIAŁA - OBSZAR WIEJSKI
1,0,1,2015,"Mgła, dym",Najechanie na zwierzę,"Mgła, dym","Zmrok, świt",Jezdnia,EWK-99323328D,6,2015-11-13,Lekko,20*29'284,52*01'048,GMINNA,Obszar niezabudowany,Odcinek prosty,Droga gminna,Jednojezdniowa dwukierunkowa,N,POWIAT ŻYRARDOWSKI,RADZIEJOWICE - OBSZAR WIEJSKI
1,1,0,2015,"Mgła, dym",Najechanie na zwierzę,"Mgła, dym",Światło dzienne,Jezdnia,EWK-99330082A,7,2015-11-16,Nieokreślone (puste pole),20*57'157,53*04'150,2514W,Obszar niezabudowany,Odcinek prosty,Droga powiatowa,Jednojezdniowa dwukierunkowa,N,POWIAT PRZASNYSKI,PRZASNYSZ - OBSZAR WIEJSKI
1,0,1,2015,"Mgła, dym",Wywrócenie się pojazdu,"Mgła, dym",Noc - droga nieoświetlona,Jezdnia,EWK-99243412N,22,2015-10-13,Lekko,20*52'194,51*14'315,P4022W,Obszar niezabudowany,Odcinek prosty,Droga powiatowa,Jednojezdniowa dwukierunkowa,N,POWIAT SZYDŁOWIECKI,SZYDŁOWIEC - OBSZAR MIEJSKI
1,0,0,2015,"Mgła, dym",Wywrócenie się pojazdu,"Mgła, dym",Noc - droga nieoświetlona,Jezdnia,EWK-99243412N,22,2015-10-13,Nieokreślone (puste pole),20*52'194,51*14'315,P4022W,Obszar niezabudowany,Odcinek prosty,Droga powiatowa,Jednojezdniowa dwukierunkowa,N,POWIAT SZYDŁOWIECKI,SZYDŁOWIEC - OBSZAR MIEJSKI
1,0,1,2015,"Mgła, dym",Wywrócenie się pojazdu,"Mgła, dym","Zmrok, świt",Jezdnia,EWK-99288683Y,3,2015-10-31,Ciężko,20*34'354,52*54'071,615,Obszar zabudowany,Odcinek prosty,Droga wojewódzka,Jednojezdniowa dwukierunkowa,N,POWIAT CIECHANOWSKI,CIECHANÓW - OBSZAR WIEJSKI
1,0,0,2015,"Mgła, dym",Wywrócenie się pojazdu,"Mgła, dym","Zmrok, świt",Jezdnia,EWK-99288683Y,3,2015-10-31,Nieokreślone (puste pole),20*34'354,52*54'071,615,Obszar zabudowany,Odcinek prosty,Droga wojewódzka,Jednojezdniowa dwukierunkowa,N,POWIAT CIECHANOWSKI,CIECHANÓW - OBSZAR WIEJSKI
1,0,1,2015,"Mgła, dym",Zdarzenie z pasażerem,"Mgła, dym",Noc - droga nieoświetlona,Jezdnia,EWK-99314064W,21,2015-11-07,Lekko,20*05'577,52*43'153,P3022W,Obszar niezabudowany,,Droga powiatowa,Jednojezdniowa dwukierunkowa,N,POWIAT PŁOŃSKI,RACIĄŻ - OBSZAR WIEJSKI
1,0,0,2015,"Mgła, dym",Zdarzenie z pasażerem,"Mgła, dym",Noc - droga nieoświetlona,Jezdnia,EWK-99314064W,21,2015-11-07,Nieokreślone (puste pole),20*05'577,52*43'153,P3022W,Obszar niezabudowany,,Droga powiatowa,Jednojezdniowa dwukierunkowa,N,POWIAT PŁOŃSKI,RACIĄŻ - OBSZAR WIEJSKI
1,0,1,2015,"Mgła, dym",Zderzenie pojazdów boczne,"Mgła, dym",Noc - droga oświetlona,Jezdnia,EWK-103493109M,18,2015-12-08,Ciężko,21*05'163,51*54'153,GMINNA,Obszar zabudowany,Odcinek prosty,Droga gminna,Jednojezdniowa dwukierunkowa,N,POWIAT GRÓJECKI,CHYNÓW - OBSZAR WIEJSKI
1,0,0,2015,"Mgła, dym",Zderzenie pojazdów boczne,"Mgła, dym",Noc - droga oświetlona,Jezdnia,EWK-103493109M,18,2015-12-08,Nieokreślone (puste pole),21*05'163,51*54'153,GMINNA,Obszar zabudowany,Odcinek prosty,Droga gminna,Jednojezdniowa dwukierunkowa,N,POWIAT GRÓJECKI,CHYNÓW - OBSZAR WIEJSKI
1,0,1,2015,"Mgła, dym",Zderzenie pojazdów boczne,"Mgła, dym",Światło dzienne,Jezdnia,EWK-98739547D,8,2015-01-26,Lekko,19*42'323,52*33'066,P,Obszar zabudowany,,Droga powiatowa,Jednojezdniowa dwukierunkowa,N,POWIAT PŁOCK,PŁOCK - OBSZAR MIEJSKI
1,0,0,2015,"Mgła, dym",Zderzenie pojazdów boczne,"Mgła, dym",Światło dzienne,Jezdnia,EWK-98739547D,8,2015-01-26,Nieokreślone (puste pole),19*42'323,52*33'066,P,Obszar zabudowany,,Droga powiatowa,Jednojezdniowa dwukierunkowa,N,POWIAT PŁOCK,PŁOCK - OBSZAR MIEJSKI
1,0,2,2015,"Mgła, dym",Zderzenie pojazdów czołowe,"Mgła, dym",Noc - droga nieoświetlona,Jezdnia,EWK-103431013L,1,2015-12-08,Ciężko,22*07'310,52*11'105,2,Obszar zabudowany,Odcinek prosty,Droga krajowa,Jednojezdniowa dwukierunkowa,T,POWIAT SIEDLECKI,KOTUŃ - OBSZAR WIEJSKI
1,0,1,2015,"Mgła, dym",Zderzenie pojazdów czołowe,"Mgła, dym",Noc - droga nieoświetlona,Jezdnia,EWK-103431013L,1,2015-12-08,Lekko,22*07'310,52*11'105,2,Obszar zabudowany,Odcinek prosty,Droga krajowa,Jednojezdniowa dwukierunkowa,T,POWIAT SIEDLECKI,KOTUŃ - OBSZAR WIEJSKI
1,0,3,2015,"Mgła, dym",Zderzenie pojazdów czołowe,"Mgła, dym","Zmrok, świt",Jezdnia,EWK-99254671T,6,2015-10-19,Lekko,20*52'306,51*22'106,12,Obszar zabudowany,Odcinek prosty,Droga krajowa,Jednojezdniowa dwukierunkowa,N,POWIAT RADOMSKI,WOLANÓW - OBSZAR WIEJSKI
1,0,1,2015,"Mgła, dym",Zderzenie pojazdów czołowe,"Mgła, dym","Zmrok, świt",Jezdnia,EWK-99366031U,15,2015-11-27,Ciężko,20*21'510,52*36'418,10,Obszar zabudowany,Odcinek prosty,Droga krajowa,Jednojezdniowa dwukierunkowa,N,POWIAT PŁOŃSKI,PŁOŃSK - OBSZAR WIEJSKI
1,0,0,2015,"Mgła, dym",Zderzenie pojazdów czołowe,"Mgła, dym","Zmrok, świt",Jezdnia,EWK-99366031U,15,2015-11-27,Nieokreślone (puste pole),20*21'510,52*36'418,10,Obszar zabudowany,Odcinek prosty,Droga krajowa,Jednojezdniowa dwukierunkowa,N,POWIAT PŁOŃSKI,PŁOŃSK - OBSZAR WIEJSKI
1,0,1,2015,"Mgła, dym",Zderzenie pojazdów czołowe,"Mgła, dym",Światło dzienne,Jezdnia,EWK-103450841Q,9,2015-12-08,Lekko,19*44'550,52*34'236,5203W,Obszar zabudowany,"Zakręt, łuk",Droga powiatowa,Jednojezdniowa dwukierunkowa,N,POWIAT PŁOCKI,RADZANOWO - OBSZAR WIEJSKI
1,0,0,2015,"Mgła, dym",Zderzenie pojazdów czołowe,"Mgła, dym",Światło dzienne,Jezdnia,EWK-103450841Q,9,2015-12-08,Nieokreślone (puste pole),19*44'550,52*34'236,5203W,Obszar zabudowany,"Zakręt, łuk",Droga powiatowa,Jednojezdniowa dwukierunkowa,N,POWIAT PŁOCKI,RADZANOWO - OBSZAR WIEJSKI
1,0,2,2015,"Mgła, dym",Zderzenie pojazdów czołowe,"Mgła, dym",Światło dzienne,Jezdnia,EWK-98730987F,11,2015-01-18,Lekko,20*20'148,53*01'477,7,Obszar niezabudowany,Odcinek prosty,Droga krajowa,Jednojezdniowa dwukierunkowa,N,POWIAT MŁAWSKI,WIŚNIEWO - OBSZAR WIEJSKI
1,0,0,2015,"Mgła, dym",Zderzenie pojazdów czołowe,"Mgła, dym",Światło dzienne,Jezdnia,EWK-98730987F,11,2015-01-18,Nieokreślone (puste pole),20*20'148,53*01'477,7,Obszar niezabudowany,Odcinek prosty,Droga krajowa,Jednojezdniowa dwukierunkowa,N,POWIAT MŁAWSKI,WIŚNIEWO - OBSZAR WIEJSKI
1,0,1,2015,"Mgła, dym",Zderzenie pojazdów czołowe,"Mgła, dym",Światło dzienne,Jezdnia,EWK-98785911K,8,2015-03-06,Lekko,19*36'454,52*40'163,P2903W,Obszar niezabudowany,Odcinek prosty,Droga powiatowa,Jednojezdniowa dwukierunkowa,N,POWIAT PŁOCKI,BRUDZEŃ DUŻY - OBSZAR WIEJSKI
1,1,0,2015,"Mgła, dym",Zderzenie pojazdów czołowe,"Mgła, dym",Światło dzienne,Jezdnia,EWK-98785911K,8,2015-03-06,Nieokreślone (puste pole),19*36'454,52*40'163,P2903W,Obszar niezabudowany,Odcinek prosty,Droga powiatowa,Jednojezdniowa dwukierunkowa,N,POWIAT PŁOCKI,BRUDZEŃ DUŻY - OBSZAR WIEJSKI
1,0,1,2015,"Mgła, dym",Zderzenie pojazdów czołowe,"Mgła, dym",Światło dzienne,Jezdnia,EWK-99301073P,7,2015-11-04,Lekko,20*53'434,53*01'354,G320796W,Obszar niezabudowany,Odcinek prosty,Droga gminna,Jednojezdniowa dwukierunkowa,N,POWIAT PRZASNYSKI,PRZASNYSZ - OBSZAR MIEJSKI
1,0,0,2015,"Mgła, dym",Zderzenie pojazdów czołowe,"Mgła, dym",Światło dzienne,Jezdnia,EWK-99301073P,7,2015-11-04,Nieokreślone (puste pole),20*53'434,53*01'354,G320796W,Obszar niezabudowany,Odcinek prosty,Droga gminna,Jednojezdniowa dwukierunkowa,N,POWIAT PRZASNYSKI,PRZASNYSZ - OBSZAR MIEJSKI