Liczba wypadków,Liczba zabitych,Liczba rannych,Rok,Warunki atmosferyczne,Rodzaj zdarzenia,Warunki atmosferyczne,Oświetlenie,Charakterystyka miejsca zdarzenia,IDKSIP zdarzenia,Godzina,Dzień,Ranny,GPS x,GPS y,Numer drogi,Obszar,Geometria drogi,Kategoria drogi 1,Rodzaj drogi,Czy w zdarzeniu był sprawca nietrzeźwy,Powiat,Gmina
1,0,2,2015,"Mgła, dym",Zderzenie pojazdów tylne,"Mgła, dym",Noc - droga nieoświetlona,"Wjazd, wyjazd z posesji, pola",EWK-99363914G,18,2015-11-27,Lekko,20*24'490,53*09'508,7,Obszar niezabudowany,Odcinek prosty,Droga krajowa,Jednojezdniowa dwukierunkowa,N,POWIAT MŁAWSKI,WIECZFNIA KOŚCIELNA - OBSZAR WIEJSKI
1,0,0,2015,"Mgła, dym",Zderzenie pojazdów tylne,"Mgła, dym",Noc - droga nieoświetlona,"Wjazd, wyjazd z posesji, pola",EWK-99363914G,18,2015-11-27,Nieokreślone (puste pole),20*24'490,53*09'508,7,Obszar niezabudowany,Odcinek prosty,Droga krajowa,Jednojezdniowa dwukierunkowa,N,POWIAT MŁAWSKI,WIECZFNIA KOŚCIELNA - OBSZAR WIEJSKI
1,0,2,2015,"Mgła, dym",Zderzenie pojazdów tylne,"Mgła, dym",Noc - droga oświetlona,Jezdnia,EWK-103450862P,15,2015-12-08,Lekko,19*42'061,52*32'301,P,Obszar zabudowany,,Droga powiatowa,Jednokierunkowa,N,POWIAT PŁOCK,PŁOCK - OBSZAR MIEJSKI
1,0,1,2015,"Mgła, dym",Zderzenie pojazdów tylne,"Mgła, dym","Zmrok, świt",Jezdnia,EWK-103607024W,7,2015-12-17,Ciężko,19*56'112,52*42'208,60,Obszar niezabudowany,Odcinek prosty,Droga krajowa,Jednojezdniowa dwukierunkowa,N,POWIAT PŁOCKI,DROBIN - OBSZAR WIEJSKI
1,0,0,2015,"Mgła, dym",Zderzenie pojazdów tylne,"Mgła, dym","Zmrok, świt",Jezdnia,EWK-103607024W,7,2015-12-17,Nieokreślone (puste pole),19*56'112,52*42'208,60,Obszar niezabudowany,Odcinek prosty,Droga krajowa,Jednojezdniowa dwukierunkowa,N,POWIAT PŁOCKI,DROBIN - OBSZAR WIEJSKI
1,0,1,2015,"Mgła, dym",Zderzenie pojazdów tylne,"Mgła, dym","Zmrok, świt",Jezdnia,EWK-98904992P,4,2015-05-16,Lekko,21*06'593,51*55'547,50,Obszar niezabudowany,Odcinek prosty,Droga krajowa,Jednojezdniowa dwukierunkowa,N,POWIAT GRÓJECKI,CHYNÓW - OBSZAR WIEJSKI
1,0,0,2015,"Mgła, dym",Zderzenie pojazdów tylne,"Mgła, dym","Zmrok, świt",Jezdnia,EWK-98904992P,4,2015-05-16,Nieokreślone (puste pole),21*06'593,51*55'547,50,Obszar niezabudowany,Odcinek prosty,Droga krajowa,Jednojezdniowa dwukierunkowa,N,POWIAT GRÓJECKI,CHYNÓW - OBSZAR WIEJSKI
1,0,1,2015,Opady deszczu,Inne,Opady deszczu,Noc - droga nieoświetlona,Jezdnia,EWK-98709373Q,15,2015-01-01,Lekko,21*12'152,51*18'561,34447W,Obszar zabudowany,Odcinek prosty,Droga powiatowa,Jednojezdniowa dwukierunkowa,T,POWIAT RADOMSKI,SKARYSZEW - OBSZAR WIEJSKI
1,0,1,2015,Opady deszczu,Inne,Opady deszczu,Noc - droga nieoświetlona,Jezdnia,EWK-99197243E,19,2015-09-26,Ciężko,21*01'494,51*49'532,P,Obszar niezabudowany,Odcinek prosty,Droga powiatowa,Jednojezdniowa dwukierunkowa,N,POWIAT GRÓJECKI,JASIENIEC - OBSZAR WIEJSKI
1,0,0,2015,Opady deszczu,Inne,Opady deszczu,Noc - droga nieoświetlona,Jezdnia,EWK-99197243E,19,2015-09-26,Nieokreślone (puste pole),21*01'494,51*49'532,P,Obszar niezabudowany,Odcinek prosty,Droga powiatowa,Jednojezdniowa dwukierunkowa,N,POWIAT GRÓJECKI,JASIENIEC - OBSZAR WIEJSKI
1,0,1,2015,Opady deszczu,Inne,Opady deszczu,Noc - droga oświetlona,Jezdnia,EWK-99346261A,20,2015-11-23,Lekko,21*09'457,51*24'104,P5302W,Obszar zabudowany,Odcinek prosty,Droga powiatowa,Jednojezdniowa dwukierunkowa,N,POWIAT RADOM,RADOM - OBSZAR MIEJSKI
1,0,0,2015,Opady deszczu,Inne,Opady deszczu,Noc - droga oświetlona,Jezdnia,EWK-99346261A,20,2015-11-23,Nieokreślone (puste pole),21*09'457,51*24'104,P5302W,Obszar zabudowany,Odcinek prosty,Droga powiatowa,Jednojezdniowa dwukierunkowa,N,POWIAT RADOM,RADOM - OBSZAR MIEJSKI
1,0,1,2015,Opady deszczu,Inne,Opady deszczu,Noc - droga oświetlona,"Skarpa, rów",EWK-98747593Q,3,2015-01-31,Ciężko,21*12'339,52*57'148,626,Obszar zabudowany,"Zakręt, łuk",Droga wojewódzka,Jednojezdniowa dwukierunkowa,N,POWIAT MAKOWSKI,SYPNIEWO - OBSZAR WIEJSKI
1,0,0,2015,Opady deszczu,Inne,Opady deszczu,Noc - droga oświetlona,"Skarpa, rów",EWK-98747593Q,3,2015-01-31,Nieokreślone (puste pole),21*12'339,52*57'148,626,Obszar zabudowany,"Zakręt, łuk",Droga wojewódzka,Jednojezdniowa dwukierunkowa,N,POWIAT MAKOWSKI,SYPNIEWO - OBSZAR WIEJSKI
1,0,1,2015,Opady deszczu,Inne,Opady deszczu,Światło dzienne,Jezdnia,EWK-98819676G,15,2015-04-01,Lekko,19*41'479,52*33'131,60,Obszar zabudowany,,Droga krajowa,Jednojezdniowa dwukierunkowa,N,POWIAT PŁOCK,PŁOCK - OBSZAR MIEJSKI
1,0,0,2015,Opady deszczu,Inne,Opady deszczu,Światło dzienne,Jezdnia,EWK-98819676G,15,2015-04-01,Nieokreślone (puste pole),19*41'479,52*33'131,60,Obszar zabudowany,,Droga krajowa,Jednojezdniowa dwukierunkowa,N,POWIAT PŁOCK,PŁOCK - OBSZAR MIEJSKI
1,0,1,2015,Opady deszczu,Inne,Opady deszczu,Światło dzienne,Jezdnia,EWK-99291563X,17,2015-10-20,Lekko,21*51'390,51*40'416,17,Obszar niezabudowany,Odcinek prosty,Droga krajowa,Jednojezdniowa dwukierunkowa,N,POWIAT GARWOLIŃSKI,TROJANÓW - OBSZAR WIEJSKI
1,0,2,2015,Opady deszczu,Inne,Opady deszczu,Światło dzienne,"Skarpa, rów",EWK-99038551F,17,2015-07-19,Ciężko,19*51'241,52*36'192,568,Obszar niezabudowany,Odcinek prosty,Droga wojewódzka,Jednojezdniowa dwukierunkowa,T,POWIAT PŁOCKI,RADZANOWO - OBSZAR WIEJSKI
1,2,0,2015,Opady deszczu,Inne,Opady deszczu,Światło dzienne,"Skarpa, rów",EWK-99038551F,17,2015-07-19,Nieokreślone (puste pole),19*51'241,52*36'192,568,Obszar niezabudowany,Odcinek prosty,Droga wojewódzka,Jednojezdniowa dwukierunkowa,T,POWIAT PŁOCKI,RADZANOWO - OBSZAR WIEJSKI
1,0,1,2015,Opady deszczu,Inne,Opady deszczu,Światło dzienne,"Skarpa, rów",EWK-99336460T,10,2015-11-18,Lekko,20*03'105,52*33'178,P2935W,Obszar niezabudowany,Odcinek prosty,Droga powiatowa,Jednojezdniowa dwukierunkowa,N,POWIAT PŁOCKI,BULKOWO - OBSZAR WIEJSKI
1,0,1,2015,Opady deszczu,Najechanie na barierę ochronną,Opady deszczu,Noc - droga oświetlona,Jezdnia,EWK-98724024D,17,2015-01-10,Lekko,20*58'171,51*37'304,S7D,Obszar niezabudowany,Odcinek prosty,Droga krajowa,Ekspresowa,N,POWIAT BIAŁOBRZESKI,BIAŁOBRZEGI - OBSZAR WIEJSKI
1,2,0,2015,Opady deszczu,Najechanie na drzewo,Opady deszczu,Noc - droga nieoświetlona,Jezdnia,EWK-99312207C,5,2015-11-08,Nieokreślone (puste pole),22*13'313,52*51'250,P2602W,Obszar niezabudowany,"Zakręt, łuk",Droga powiatowa,Jednojezdniowa dwukierunkowa,N,POWIAT OSTROWSKI,ANDRZEJEWO - OBSZAR WIEJSKI
1,0,2,2015,Opady deszczu,Najechanie na drzewo,Opady deszczu,Noc - droga nieoświetlona,Pobocze,EWK-98918303F,21,2015-05-23,Lekko,20*24'166,51*57'358,P4722W,Obszar niezabudowany,Odcinek prosty,Droga powiatowa,Jednojezdniowa dwukierunkowa,N,POWIAT ŻYRARDOWSKI,PUSZCZA MARIAŃSKA - OBSZAR WIEJSKI
1,0,1,2015,Opady deszczu,Najechanie na drzewo,Opady deszczu,Noc - droga nieoświetlona,Pobocze,EWK-99150419P,19,2015-09-07,Lekko,19*31'465,52*25'358,P1452W,Obszar niezabudowany,Odcinek prosty,Droga powiatowa,Jednojezdniowa dwukierunkowa,N,POWIAT GOSTYNIŃSKI,GOSTYNIN - OBSZAR WIEJSKI
1,0,0,2015,Opady deszczu,Najechanie na drzewo,Opady deszczu,Noc - droga nieoświetlona,Pobocze,EWK-99150419P,19,2015-09-07,Nieokreślone (puste pole),19*31'465,52*25'358,P1452W,Obszar niezabudowany,Odcinek prosty,Droga powiatowa,Jednojezdniowa dwukierunkowa,N,POWIAT GOSTYNIŃSKI,GOSTYNIN - OBSZAR WIEJSKI
1,0,1,2015,Opady deszczu,Najechanie na drzewo,Opady deszczu,Noc - droga nieoświetlona,Pobocze,EWK-99201404C,0,2015-09-26,Ciężko,21*32'405,51*33'116,79,Obszar niezabudowany,"Zakręt, łuk",Droga krajowa,Jednojezdniowa dwukierunkowa,N,POWIAT KOZIENICKI,KOZIENICE - OBSZAR WIEJSKI
1,0,1,2015,Opady deszczu,Najechanie na drzewo,Opady deszczu,Noc - droga nieoświetlona,Pobocze,EWK-99258629W,17,2015-10-21,Ciężko,21*32'405,51*33'116,79,Obszar niezabudowany,Odcinek prosty,Droga krajowa,Jednojezdniowa dwukierunkowa,T,POWIAT KOZIENICKI,KOZIENICE - OBSZAR WIEJSKI
1,0,1,2015,Opady deszczu,Najechanie na drzewo,Opady deszczu,Noc - droga nieoświetlona,Pobocze,EWK-99322010T,19,2015-11-11,Lekko,21*11'003,51*38'187,48,Obszar niezabudowany,"Zakręt, łuk",Droga krajowa,Jednojezdniowa dwukierunkowa,N,POWIAT BIAŁOBRZESKI,STROMIEC - OBSZAR WIEJSKI
1,1,0,2015,Opady deszczu,Najechanie na drzewo,Opady deszczu,Noc - droga nieoświetlona,"Skarpa, rów",EWK-103668228U,20,2015-12-28,Nieokreślone (puste pole),19*36'484,52*32'280,62,Obszar niezabudowany,"Zakręt, łuk",Droga krajowa,Jednojezdniowa dwukierunkowa,T,POWIAT PŁOCKI,NOWY DUNINÓW - OBSZAR WIEJSKI
1,0,1,2015,Opady deszczu,Najechanie na drzewo,Opady deszczu,Noc - droga nieoświetlona,"Skarpa, rów",EWK-98794631Y,19,2015-03-13,Lekko,19*44'180,52*41'467,P3769W,Obszar niezabudowany,Odcinek prosty,Droga powiatowa,Jednojezdniowa dwukierunkowa,T,POWIAT PŁOCKI,BIELSK - OBSZAR WIEJSKI
1,0,1,2015,Opady deszczu,Najechanie na drzewo,Opady deszczu,Noc - droga nieoświetlona,"Skarpa, rów",EWK-99310273N,4,2015-11-07,Lekko,19*50'128,52*40'410,60,Obszar niezabudowany,Odcinek prosty,Droga krajowa,Jednojezdniowa dwukierunkowa,N,POWIAT PŁOCKI,BIELSK - OBSZAR WIEJSKI
1,0,2,2015,Opady deszczu,Najechanie na drzewo,Opady deszczu,Noc - droga oświetlona,Jezdnia,EWK-99193968M,1,2015-09-26,Lekko,21*23'547,53*05'171,544,Obszar zabudowany,Odcinek prosty,Droga wojewódzka,Jednojezdniowa dwukierunkowa,N,POWIAT OSTROŁĘCKI,OLSZEWO-BORKI - OBSZAR WIEJSKI
1,1,0,2015,Opady deszczu,Najechanie na drzewo,Opady deszczu,Noc - droga oświetlona,Jezdnia,EWK-99193968M,1,2015-09-26,Nieokreślone (puste pole),21*23'547,53*05'171,544,Obszar zabudowany,Odcinek prosty,Droga wojewódzka,Jednojezdniowa dwukierunkowa,N,POWIAT OSTROŁĘCKI,OLSZEWO-BORKI - OBSZAR WIEJSKI
1,0,1,2015,Opady deszczu,Najechanie na drzewo,Opady deszczu,"Zmrok, świt","Skarpa, rów",EWK-99029582Y,4,2015-07-13,Ciężko,19*25'135,52*21'439,60,Obszar zabudowany,"Zakręt, łuk",Droga krajowa,Jednojezdniowa dwukierunkowa,N,POWIAT GOSTYNIŃSKI,GOSTYNIN - OBSZAR WIEJSKI
1,0,3,2015,Opady deszczu,Najechanie na drzewo,Opady deszczu,Światło dzienne,Jezdnia,EWK-99019236E,16,2015-07-08,Lekko,21*04'035,51*52'505,P,Obszar niezabudowany,Odcinek prosty,Droga powiatowa,Jednojezdniowa dwukierunkowa,N,POWIAT GRÓJECKI,CHYNÓW - OBSZAR WIEJSKI
1,0,1,2015,Opady deszczu,Najechanie na drzewo,Opady deszczu,Światło dzienne,Jezdnia,EWK-99165881X,10,2015-09-12,Ciężko,20*24'109,52*29'591,P3069W,Obszar niezabudowany,Odcinek prosty,Droga powiatowa,Jednojezdniowa dwukierunkowa,N,POWIAT PŁOŃSKI,NARUSZEWO - OBSZAR WIEJSKI
1,0,1,2015,Opady deszczu,Najechanie na drzewo,Opady deszczu,Światło dzienne,Jezdnia,EWK-99165881X,10,2015-09-12,Lekko,20*24'109,52*29'591,P3069W,Obszar niezabudowany,Odcinek prosty,Droga powiatowa,Jednojezdniowa dwukierunkowa,N,POWIAT PŁOŃSKI,NARUSZEWO - OBSZAR WIEJSKI
1,0,1,2015,Opady deszczu,Najechanie na drzewo,Opady deszczu,Światło dzienne,Jezdnia,EWK-99238370D,16,2015-10-12,Lekko,21*19'506,51*26'570,737,Obszar niezabudowany,Odcinek prosty,Droga wojewódzka,Jednojezdniowa dwukierunkowa,N,POWIAT RADOMSKI,PIONKI - OBSZAR WIEJSKI
1,0,0,2015,Opady deszczu,Najechanie na drzewo,Opady deszczu,Światło dzienne,Jezdnia,EWK-99238370D,16,2015-10-12,Nieokreślone (puste pole),21*19'506,51*26'570,737,Obszar niezabudowany,Odcinek prosty,Droga wojewódzka,Jednojezdniowa dwukierunkowa,N,POWIAT RADOMSKI,PIONKI - OBSZAR WIEJSKI
1,0,1,2015,Opady deszczu,Najechanie na drzewo,Opady deszczu,Światło dzienne,Jezdnia,EWK-99252094Q,10,2015-10-16,Lekko,19*52'098,52*48'388,561,Obszar niezabudowany,"Zakręt, łuk",Droga wojewódzka,Jednojezdniowa dwukierunkowa,N,POWIAT SIERPECKI,ZAWIDZ - OBSZAR WIEJSKI
1,0,1,2015,Opady deszczu,Najechanie na drzewo,Opady deszczu,Światło dzienne,Jezdnia,EWK-99255789Q,15,2015-10-15,Lekko,21*33'554,51*14'134,P1909W,Obszar niezabudowany,Odcinek prosty,Droga powiatowa,Jednojezdniowa dwukierunkowa,N,POWIAT LIPSKI,CIEPIELÓW - OBSZAR WIEJSKI
1,0,2,2015,Opady deszczu,Najechanie na drzewo,Opady deszczu,Światło dzienne,Pobocze,EWK-98844659Y,8,2015-04-19,Ciężko,20*20'304,52*24'083,62,Obszar niezabudowany,"Zakręt, łuk",Droga krajowa,Jednojezdniowa dwukierunkowa,N,POWIAT PŁOŃSKI,CZERWIŃSK NAD WISŁĄ - OBSZAR WIEJSKI
1,1,0,2015,Opady deszczu,Najechanie na drzewo,Opady deszczu,Światło dzienne,Pobocze,EWK-98844659Y,8,2015-04-19,Nieokreślone (puste pole),20*20'304,52*24'083,62,Obszar niezabudowany,"Zakręt, łuk",Droga krajowa,Jednojezdniowa dwukierunkowa,N,POWIAT PŁOŃSKI,CZERWIŃSK NAD WISŁĄ - OBSZAR WIEJSKI
1,0,1,2015,Opady deszczu,Najechanie na drzewo,Opady deszczu,Światło dzienne,Pobocze,EWK-98988887P,16,2015-06-23,Lekko,19*46'165,52*35'371,60,Obszar niezabudowany,Odcinek prosty,Droga krajowa,Jednojezdniowa dwukierunkowa,N,POWIAT PŁOCKI,RADZANOWO - OBSZAR WIEJSKI
1,1,0,2015,Opady deszczu,Najechanie na drzewo,Opady deszczu,Światło dzienne,Pobocze,EWK-99038813U,6,2015-07-19,Nieokreślone (puste pole),21*51'250,53*03'205,G251111W,Obszar niezabudowany,Odcinek prosty,Droga gminna,Jednojezdniowa dwukierunkowa,N,POWIAT OSTROŁĘCKI,TROSZYN - OBSZAR WIEJSKI
1,0,1,2015,Opady deszczu,Najechanie na drzewo,Opady deszczu,Światło dzienne,"Skarpa, rów",EWK-98919200U,16,2015-05-25,Ciężko,21*32'323,52*34'166,62,Obszar niezabudowany,Odcinek prosty,Droga krajowa,Jednojezdniowa dwukierunkowa,N,POWIAT WYSZKOWSKI,WYSZKÓW - OBSZAR WIEJSKI
1,0,1,2015,Opady deszczu,Najechanie na drzewo,Opady deszczu,Światło dzienne,"Skarpa, rów",EWK-99253799T,12,2015-10-17,Lekko,20*14'542,51*56'390,70,Obszar niezabudowany,Odcinek prosty,Droga krajowa,Jednojezdniowa dwukierunkowa,N,POWIAT ŻYRARDOWSKI,PUSZCZA MARIAŃSKA - OBSZAR WIEJSKI
1,1,0,2015,Opady deszczu,Najechanie na pieszego,Opady deszczu,Noc - droga nieoświetlona,"Chodnik, droga dla pieszych",EWK-103621428T,17,2015-12-23,Nieokreślone (puste pole),20*53'439,51*22'164,12,Obszar niezabudowany,Spadek,Droga krajowa,Jednojezdniowa dwukierunkowa,N,POWIAT RADOMSKI,WOLANÓW - OBSZAR WIEJSKI
1,2,0,2015,Opady deszczu,Najechanie na pieszego,Opady deszczu,Noc - droga nieoświetlona,Jezdnia,EWK-103530986H,20,2015-12-12,Nieokreślone (puste pole),22*14'494,52*16'302,63,Obszar niezabudowany,Odcinek prosty,Droga krajowa,Jednojezdniowa dwukierunkowa,N,POWIAT SIEDLECKI,SUCHOŻEBRY - OBSZAR WIEJSKI
1,1,0,2015,Opady deszczu,Najechanie na pieszego,Opady deszczu,Noc - droga nieoświetlona,Jezdnia,EWK-103664980U,21,2015-12-27,Nieokreślone (puste pole),21*53'050,52*32'493,P4210W,Obszar niezabudowany,Odcinek prosty,Droga powiatowa,Jednojezdniowa dwukierunkowa,N,POWIAT WĘGROWSKI,STOCZEK - OBSZAR WIEJSKI
1,0,1,2015,Opady deszczu,Najechanie na pieszego,Opady deszczu,Noc - droga nieoświetlona,Jezdnia,EWK-103665000G,22,2015-12-26,Ciężko,22*27'416,52*28'413,P3921W,Obszar niezabudowany,Odcinek prosty,Droga powiatowa,Jednojezdniowa dwukierunkowa,T,POWIAT SOKOŁOWSKI,JABŁONNA LACKA - OBSZAR WIEJSKI
1,0,0,2015,Opady deszczu,Najechanie na pieszego,Opady deszczu,Noc - droga nieoświetlona,Jezdnia,EWK-103665000G,22,2015-12-26,Nieokreślone (puste pole),22*27'416,52*28'413,P3921W,Obszar niezabudowany,Odcinek prosty,Droga powiatowa,Jednojezdniowa dwukierunkowa,T,POWIAT SOKOŁOWSKI,JABŁONNA LACKA - OBSZAR WIEJSKI
1,0,1,2015,Opady deszczu,Najechanie na pieszego,Opady deszczu,Noc - droga nieoświetlona,Jezdnia,EWK-98715758R,17,2015-01-08,Lekko,19*39'211,52*51'015,P,Obszar zabudowany,Odcinek prosty,Droga powiatowa,Jednojezdniowa dwukierunkowa,T,POWIAT SIERPECKI,SIERPC - OBSZAR MIEJSKI
1,0,0,2015,Opady deszczu,Najechanie na pieszego,Opady deszczu,Noc - droga nieoświetlona,Jezdnia,EWK-98715758R,17,2015-01-08,Nieokreślone (puste pole),19*39'211,52*51'015,P,Obszar zabudowany,Odcinek prosty,Droga powiatowa,Jednojezdniowa dwukierunkowa,T,POWIAT SIERPECKI,SIERPC - OBSZAR MIEJSKI
1,0,1,2015,Opady deszczu,Najechanie na pieszego,Opady deszczu,Noc - droga nieoświetlona,Jezdnia,EWK-98721624L,23,2015-01-12,Ciężko,20*40'439,52*39'353,620,Obszar niezabudowany,Odcinek prosty,Droga wojewódzka,Jednojezdniowa dwukierunkowa,N,POWIAT PŁOŃSKI,NOWE MIASTO - OBSZAR WIEJSKI
1,0,0,2015,Opady deszczu,Najechanie na pieszego,Opady deszczu,Noc - droga nieoświetlona,Jezdnia,EWK-98721624L,23,2015-01-12,Nieokreślone (puste pole),20*40'439,52*39'353,620,Obszar niezabudowany,Odcinek prosty,Droga wojewódzka,Jednojezdniowa dwukierunkowa,N,POWIAT PŁOŃSKI,NOWE MIASTO - OBSZAR WIEJSKI
1,0,1,2015,Opady deszczu,Najechanie na pieszego,Opady deszczu,Noc - droga nieoświetlona,Jezdnia,EWK-98737664U,23,2015-01-24,Ciężko,21*06'532,51*17'313,744,Obszar zabudowany,Odcinek prosty,Droga wojewódzka,Jednojezdniowa dwukierunkowa,N,POWIAT RADOMSKI,WIERZBICA - OBSZAR WIEJSKI
1,0,0,2015,Opady deszczu,Najechanie na pieszego,Opady deszczu,Noc - droga nieoświetlona,Jezdnia,EWK-98737664U,23,2015-01-24,Nieokreślone (puste pole),21*06'532,51*17'313,744,Obszar zabudowany,Odcinek prosty,Droga wojewódzka,Jednojezdniowa dwukierunkowa,N,POWIAT RADOMSKI,WIERZBICA - OBSZAR WIEJSKI
1,0,1,2015,Opady deszczu,Najechanie na pieszego,Opady deszczu,Noc - droga nieoświetlona,Jezdnia,EWK-98745373Y,21,2015-01-30,Lekko,22*02'182,52*21'369,696,Obszar niezabudowany,Odcinek prosty,Droga wojewódzka,Jednojezdniowa dwukierunkowa,N,POWIAT WĘGROWSKI,LIW - OBSZAR WIEJSKI
1,0,0,2015,Opady deszczu,Najechanie na pieszego,Opady deszczu,Noc - droga nieoświetlona,Jezdnia,EWK-98745373Y,21,2015-01-30,Nieokreślone (puste pole),22*02'182,52*21'369,696,Obszar niezabudowany,Odcinek prosty,Droga wojewódzka,Jednojezdniowa dwukierunkowa,N,POWIAT WĘGROWSKI,LIW - OBSZAR WIEJSKI
1,0,1,2015,Opady deszczu,Najechanie na pieszego,Opady deszczu,Noc - droga nieoświetlona,Jezdnia,EWK-98747597C,17,2015-01-30,Lekko,20*07'068,52*46'502,GMINNA,Obszar zabudowany,Odcinek prosty,Droga gminna,Jednojezdniowa dwukierunkowa,N,POWIAT PŁOŃSKI,RACIĄŻ - OBSZAR MIEJSKI
1,0,0,2015,Opady deszczu,Najechanie na pieszego,Opady deszczu,Noc - droga nieoświetlona,Jezdnia,EWK-98747597C,17,2015-01-30,Nieokreślone (puste pole),20*07'068,52*46'502,GMINNA,Obszar zabudowany,Odcinek prosty,Droga gminna,Jednojezdniowa dwukierunkowa,N,POWIAT PŁOŃSKI,RACIĄŻ - OBSZAR MIEJSKI
1,0,1,2015,Opady deszczu,Najechanie na pieszego,Opady deszczu,Noc - droga nieoświetlona,Jezdnia,EWK-98819233F,18,2015-03-27,Ciężko,21*42'237,52*32'011,P4202W,Obszar zabudowany,,Droga powiatowa,Jednojezdniowa dwukierunkowa,N,POWIAT WĘGROWSKI,ŁOCHÓW - OBSZAR MIEJSKI
1,0,0,2015,Opady deszczu,Najechanie na pieszego,Opady deszczu,Noc - droga nieoświetlona,Jezdnia,EWK-98819233F,18,2015-03-27,Nieokreślone (puste pole),21*42'237,52*32'011,P4202W,Obszar zabudowany,,Droga powiatowa,Jednojezdniowa dwukierunkowa,N,POWIAT WĘGROWSKI,ŁOCHÓW - OBSZAR MIEJSKI
1,0,1,2015,Opady deszczu,Najechanie na pieszego,Opady deszczu,Noc - droga nieoświetlona,Jezdnia,EWK-99049088F,23,2015-07-25,Ciężko,20*50'150,51*50'522,728,Obszar niezabudowany,Odcinek prosty,Droga wojewódzka,Jednojezdniowa dwukierunkowa,N,POWIAT GRÓJECKI,BELSK DUŻY - OBSZAR WIEJSKI
1,0,0,2015,Opady deszczu,Najechanie na pieszego,Opady deszczu,Noc - droga nieoświetlona,Jezdnia,EWK-99049088F,23,2015-07-25,Nieokreślone (puste pole),20*50'150,51*50'522,728,Obszar niezabudowany,Odcinek prosty,Droga wojewódzka,Jednojezdniowa dwukierunkowa,N,POWIAT GRÓJECKI,BELSK DUŻY - OBSZAR WIEJSKI
1,0,1,2015,Opady deszczu,Najechanie na pieszego,Opady deszczu,Noc - droga nieoświetlona,Jezdnia,EWK-99205077M,19,2015-09-25,Ciężko,21*37'443,51*11'213,P1908W,Obszar zabudowany,Odcinek prosty,Droga powiatowa,Jednojezdniowa dwukierunkowa,N,POWIAT LIPSKI,LIPSKO - OBSZAR WIEJSKI
1,0,0,2015,Opady deszczu,Najechanie na pieszego,Opady deszczu,Noc - droga nieoświetlona,Jezdnia,EWK-99205077M,19,2015-09-25,Nieokreślone (puste pole),21*37'443,51*11'213,P1908W,Obszar zabudowany,Odcinek prosty,Droga powiatowa,Jednojezdniowa dwukierunkowa,N,POWIAT LIPSKI,LIPSKO - OBSZAR WIEJSKI
1,0,1,2015,Opady deszczu,Najechanie na pieszego,Opady deszczu,Noc - droga nieoświetlona,Jezdnia,EWK-99249423F,2,2015-10-18,Lekko,21*26'396,51*25'424,P3522W,Obszar zabudowany,Odcinek prosty,Droga powiatowa,Jednojezdniowa dwukierunkowa,T,POWIAT RADOMSKI,PIONKI - OBSZAR WIEJSKI
1,0,0,2015,Opady deszczu,Najechanie na pieszego,Opady deszczu,Noc - droga nieoświetlona,Jezdnia,EWK-99249423F,2,2015-10-18,Nieokreślone (puste pole),21*26'396,51*25'424,P3522W,Obszar zabudowany,Odcinek prosty,Droga powiatowa,Jednojezdniowa dwukierunkowa,T,POWIAT RADOMSKI,PIONKI - OBSZAR WIEJSKI
1,0,1,2015,Opady deszczu,Najechanie na pieszego,Opady deszczu,Noc - droga nieoświetlona,Jezdnia,EWK-99254120Y,19,2015-10-17,Lekko,20*55'357,51*27'341,740,Obszar zabudowany,Odcinek prosty,Droga wojewódzka,Jednojezdniowa dwukierunkowa,N,POWIAT RADOMSKI,PRZYTYK - OBSZAR WIEJSKI
1,0,0,2015,Opady deszczu,Najechanie na pieszego,Opady deszczu,Noc - droga nieoświetlona,Jezdnia,EWK-99254120Y,19,2015-10-17,Nieokreślone (puste pole),20*55'357,51*27'341,740,Obszar zabudowany,Odcinek prosty,Droga wojewódzka,Jednojezdniowa dwukierunkowa,N,POWIAT RADOMSKI,PRZYTYK - OBSZAR WIEJSKI
1,0,1,2015,Opady deszczu,Najechanie na pieszego,Opady deszczu,Noc - droga nieoświetlona,Jezdnia,EWK-99258124X,13,2015-10-15,Lekko,20*59'294,52*56'588,57,Obszar niezabudowany,Odcinek prosty,Droga krajowa,Jednojezdniowa dwukierunkowa,N,POWIAT PRZASNYSKI,PRZASNYSZ - OBSZAR WIEJSKI
1,0,0,2015,Opady deszczu,Najechanie na pieszego,Opady deszczu,Noc - droga nieoświetlona,Jezdnia,EWK-99258124X,13,2015-10-15,Nieokreślone (puste pole),20*59'294,52*56'588,57,Obszar niezabudowany,Odcinek prosty,Droga krajowa,Jednojezdniowa dwukierunkowa,N,POWIAT PRZASNYSKI,PRZASNYSZ - OBSZAR WIEJSKI
1,1,0,2015,Opady deszczu,Najechanie na pieszego,Opady deszczu,Noc - droga nieoświetlona,Jezdnia,EWK-99259988H,6,2015-10-21,Nieokreślone (puste pole),21*05'524,52*44'380,61,Obszar niezabudowany,Odcinek prosty,Droga krajowa,Jednojezdniowa dwukierunkowa,N,POWIAT PUŁTUSKI,PUŁTUSK - OBSZAR WIEJSKI
1,0,1,2015,Opady deszczu,Najechanie na pieszego,Opady deszczu,Noc - droga nieoświetlona,Jezdnia,EWK-99277012W,22,2015-10-25,Lekko,22*14'013,52*13'231,63,Obszar niezabudowany,Odcinek prosty,Droga krajowa,Jednojezdniowa dwukierunkowa,T,POWIAT SIEDLECKI,SIEDLCE - OBSZAR WIEJSKI