Liczba wypadków,Liczba zabitych,Liczba rannych,Rok,Warunki atmosferyczne,Rodzaj zdarzenia,Warunki atmosferyczne,Oświetlenie,Charakterystyka miejsca zdarzenia,IDKSIP zdarzenia,Godzina,Dzień,Ranny,GPS x,GPS y,Numer drogi,Obszar,Geometria drogi,Kategoria drogi 1,Rodzaj drogi,Czy w zdarzeniu był sprawca nietrzeźwy,Powiat,Gmina
1,0,0,2015,Opady deszczu,Zderzenie pojazdów boczne,Opady deszczu,Światło dzienne,Jezdnia,EWK-98938136H,11,2015-06-02,Nieokreślone (puste pole),20*52'061,51*21'597,12,Obszar zabudowany,Odcinek prosty,Droga krajowa,Jednojezdniowa dwukierunkowa,N,POWIAT RADOMSKI,WOLANÓW - OBSZAR WIEJSKI
1,0,1,2015,Opady deszczu,Zderzenie pojazdów boczne,Opady deszczu,Światło dzienne,Jezdnia,EWK-98990681N,10,2015-06-23,Lekko,22*17'088,52*09'091,W628,Obszar zabudowany,,Droga wojewódzka,Jednojezdniowa dwukierunkowa,N,POWIAT SIEDLCE,SIEDLCE - OBSZAR MIEJSKI
1,0,0,2015,Opady deszczu,Zderzenie pojazdów boczne,Opady deszczu,Światło dzienne,Jezdnia,EWK-98990681N,10,2015-06-23,Nieokreślone (puste pole),22*17'088,52*09'091,W628,Obszar zabudowany,,Droga wojewódzka,Jednojezdniowa dwukierunkowa,N,POWIAT SIEDLCE,SIEDLCE - OBSZAR MIEJSKI
1,0,1,2015,Opady deszczu,Zderzenie pojazdów boczne,Opady deszczu,Światło dzienne,Jezdnia,EWK-99001418C,15,2015-06-29,Ciężko,21*10'014,51*46'367,731,Obszar zabudowany,Odcinek prosty,Droga wojewódzka,Jednojezdniowa dwukierunkowa,N,POWIAT GRÓJECKI,WARKA - OBSZAR MIEJSKI
1,0,0,2015,Opady deszczu,Zderzenie pojazdów boczne,Opady deszczu,Światło dzienne,Jezdnia,EWK-99001418C,15,2015-06-29,Nieokreślone (puste pole),21*10'014,51*46'367,731,Obszar zabudowany,Odcinek prosty,Droga wojewódzka,Jednojezdniowa dwukierunkowa,N,POWIAT GRÓJECKI,WARKA - OBSZAR MIEJSKI
1,0,1,2015,Opady deszczu,Zderzenie pojazdów boczne,Opady deszczu,Światło dzienne,Jezdnia,EWK-99002646R,16,2015-06-29,Lekko,22*17'495,52*09'176,W628,Obszar zabudowany,,Droga wojewódzka,Jednojezdniowa dwukierunkowa,N,POWIAT SIEDLCE,SIEDLCE - OBSZAR MIEJSKI
1,0,0,2015,Opady deszczu,Zderzenie pojazdów boczne,Opady deszczu,Światło dzienne,Jezdnia,EWK-99002646R,16,2015-06-29,Nieokreślone (puste pole),22*17'495,52*09'176,W628,Obszar zabudowany,,Droga wojewódzka,Jednojezdniowa dwukierunkowa,N,POWIAT SIEDLCE,SIEDLCE - OBSZAR MIEJSKI
1,0,2,2015,Opady deszczu,Zderzenie pojazdów boczne,Opady deszczu,Światło dzienne,Jezdnia,EWK-99018329N,16,2015-07-08,Lekko,21*01'493,51*53'134,GMINNA,Obszar zabudowany,,Droga gminna,Jednojezdniowa dwukierunkowa,N,POWIAT GRÓJECKI,CHYNÓW - OBSZAR WIEJSKI
1,0,2,2015,Opady deszczu,Zderzenie pojazdów boczne,Opady deszczu,Światło dzienne,Jezdnia,EWK-99019220A,17,2015-07-08,Ciężko,19*34'355,52*57'038,560,Obszar niezabudowany,"Zakręt, łuk",Droga wojewódzka,Jednojezdniowa dwukierunkowa,N,POWIAT SIERPECKI,SZCZUTOWO - OBSZAR WIEJSKI
1,0,0,2015,Opady deszczu,Zderzenie pojazdów boczne,Opady deszczu,Światło dzienne,Jezdnia,EWK-99019220A,17,2015-07-08,Nieokreślone (puste pole),19*34'355,52*57'038,560,Obszar niezabudowany,"Zakręt, łuk",Droga wojewódzka,Jednojezdniowa dwukierunkowa,N,POWIAT SIERPECKI,SZCZUTOWO - OBSZAR WIEJSKI
1,0,1,2015,Opady deszczu,Zderzenie pojazdów boczne,Opady deszczu,Światło dzienne,Jezdnia,EWK-99028013U,15,2015-07-13,Lekko,20*17'131,52*16'361,705,Obszar zabudowany,Odcinek prosty,Droga wojewódzka,Jednojezdniowa dwukierunkowa,N,POWIAT SOCHACZEWSKI,SOCHACZEW - OBSZAR MIEJSKI
1,0,0,2015,Opady deszczu,Zderzenie pojazdów boczne,Opady deszczu,Światło dzienne,Jezdnia,EWK-99028013U,15,2015-07-13,Nieokreślone (puste pole),20*17'131,52*16'361,705,Obszar zabudowany,Odcinek prosty,Droga wojewódzka,Jednojezdniowa dwukierunkowa,N,POWIAT SOCHACZEWSKI,SOCHACZEW - OBSZAR MIEJSKI
1,0,1,2015,Opady deszczu,Zderzenie pojazdów boczne,Opady deszczu,Światło dzienne,Jezdnia,EWK-99139045J,9,2015-09-02,Ciężko,19*28'291,52*24'457,S60G,Obszar niezabudowany,,Droga krajowa,Jednojezdniowa dwukierunkowa,N,POWIAT GOSTYNIŃSKI,GOSTYNIN - OBSZAR WIEJSKI
1,0,0,2015,Opady deszczu,Zderzenie pojazdów boczne,Opady deszczu,Światło dzienne,Jezdnia,EWK-99139045J,9,2015-09-02,Nieokreślone (puste pole),19*28'291,52*24'457,S60G,Obszar niezabudowany,,Droga krajowa,Jednojezdniowa dwukierunkowa,N,POWIAT GOSTYNIŃSKI,GOSTYNIN - OBSZAR WIEJSKI
1,0,2,2015,Opady deszczu,Zderzenie pojazdów boczne,Opady deszczu,Światło dzienne,Jezdnia,EWK-99146568T,7,2015-09-04,Ciężko,20*16'185,52*26'094,P3004W,Obszar zabudowany,,Droga powiatowa,Jednojezdniowa dwukierunkowa,N,POWIAT PŁOŃSKI,CZERWIŃSK NAD WISŁĄ - OBSZAR WIEJSKI
1,0,1,2015,Opady deszczu,Zderzenie pojazdów boczne,Opady deszczu,Światło dzienne,Jezdnia,EWK-99146568T,7,2015-09-04,Lekko,20*16'185,52*26'094,P3004W,Obszar zabudowany,,Droga powiatowa,Jednojezdniowa dwukierunkowa,N,POWIAT PŁOŃSKI,CZERWIŃSK NAD WISŁĄ - OBSZAR WIEJSKI
1,0,0,2015,Opady deszczu,Zderzenie pojazdów boczne,Opady deszczu,Światło dzienne,Jezdnia,EWK-99146568T,7,2015-09-04,Nieokreślone (puste pole),20*16'185,52*26'094,P3004W,Obszar zabudowany,,Droga powiatowa,Jednojezdniowa dwukierunkowa,N,POWIAT PŁOŃSKI,CZERWIŃSK NAD WISŁĄ - OBSZAR WIEJSKI
1,0,1,2015,Opady deszczu,Zderzenie pojazdów boczne,Opady deszczu,Światło dzienne,Jezdnia,EWK-99147708T,14,2015-09-04,Lekko,19*38'441,52*52'121,10,Obszar niezabudowany,,Droga krajowa,Jednojezdniowa dwukierunkowa,T,POWIAT SIERPECKI,SIERPC - OBSZAR WIEJSKI
1,0,0,2015,Opady deszczu,Zderzenie pojazdów boczne,Opady deszczu,Światło dzienne,Jezdnia,EWK-99147708T,14,2015-09-04,Nieokreślone (puste pole),19*38'441,52*52'121,10,Obszar niezabudowany,,Droga krajowa,Jednojezdniowa dwukierunkowa,T,POWIAT SIERPECKI,SIERPC - OBSZAR WIEJSKI
1,0,2,2015,Opady deszczu,Zderzenie pojazdów boczne,Opady deszczu,Światło dzienne,Jezdnia,EWK-99147730E,16,2015-09-06,Lekko,19*44'291,52*51'146,GMINNA,Obszar zabudowany,Odcinek prosty,Droga gminna,Jednojezdniowa dwukierunkowa,N,POWIAT SIERPECKI,SIERPC - OBSZAR WIEJSKI
1,0,0,2015,Opady deszczu,Zderzenie pojazdów boczne,Opady deszczu,Światło dzienne,Jezdnia,EWK-99147730E,16,2015-09-06,Nieokreślone (puste pole),19*44'291,52*51'146,GMINNA,Obszar zabudowany,Odcinek prosty,Droga gminna,Jednojezdniowa dwukierunkowa,N,POWIAT SIERPECKI,SIERPC - OBSZAR WIEJSKI
1,0,1,2015,Opady deszczu,Zderzenie pojazdów boczne,Opady deszczu,Światło dzienne,Jezdnia,EWK-99184973X,13,2015-09-20,Ciężko,22*15'116,52*15'336,GMINNA,Obszar zabudowany,,Droga gminna,Jednojezdniowa dwukierunkowa,N,POWIAT SIEDLECKI,SUCHOŻEBRY - OBSZAR WIEJSKI
1,0,0,2015,Opady deszczu,Zderzenie pojazdów boczne,Opady deszczu,Światło dzienne,Jezdnia,EWK-99184973X,13,2015-09-20,Nieokreślone (puste pole),22*15'116,52*15'336,GMINNA,Obszar zabudowany,,Droga gminna,Jednojezdniowa dwukierunkowa,N,POWIAT SIEDLECKI,SUCHOŻEBRY - OBSZAR WIEJSKI
1,0,3,2015,Opady deszczu,Zderzenie pojazdów boczne,Opady deszczu,Światło dzienne,Jezdnia,EWK-99194702R,8,2015-09-26,Lekko,21*01'291,52*42'100,P3403W,Obszar niezabudowany,,Droga powiatowa,Jednojezdniowa dwukierunkowa,N,POWIAT PUŁTUSKI,PUŁTUSK - OBSZAR WIEJSKI
1,0,0,2015,Opady deszczu,Zderzenie pojazdów boczne,Opady deszczu,Światło dzienne,Jezdnia,EWK-99194702R,8,2015-09-26,Nieokreślone (puste pole),21*01'291,52*42'100,P3403W,Obszar niezabudowany,,Droga powiatowa,Jednojezdniowa dwukierunkowa,N,POWIAT PUŁTUSKI,PUŁTUSK - OBSZAR WIEJSKI
1,1,0,2015,Opady deszczu,Zderzenie pojazdów boczne,Opady deszczu,Światło dzienne,Jezdnia,EWK-99197225Q,10,2015-09-26,Nieokreślone (puste pole),21*13'172,51*53'073,731,Obszar niezabudowany,"Zakręt, łuk",Droga wojewódzka,Jednojezdniowa dwukierunkowa,N,POWIAT GRÓJECKI,WARKA - OBSZAR WIEJSKI
1,0,1,2015,Opady deszczu,Zderzenie pojazdów boczne,Opady deszczu,Światło dzienne,Jezdnia,EWK-99240927K,13,2015-10-12,Lekko,21*12'546,51*23'558,P3528W,Obszar zabudowany,,Droga powiatowa,Jednojezdniowa dwukierunkowa,N,POWIAT RADOMSKI,JEDLNIA-LETNISKO - OBSZAR WIEJSKI
1,0,0,2015,Opady deszczu,Zderzenie pojazdów boczne,Opady deszczu,Światło dzienne,Jezdnia,EWK-99240927K,13,2015-10-12,Nieokreślone (puste pole),21*12'546,51*23'558,P3528W,Obszar zabudowany,,Droga powiatowa,Jednojezdniowa dwukierunkowa,N,POWIAT RADOMSKI,JEDLNIA-LETNISKO - OBSZAR WIEJSKI
1,0,1,2015,Opady deszczu,Zderzenie pojazdów boczne,Opady deszczu,Światło dzienne,Jezdnia,EWK-99249766Q,11,2015-10-18,Lekko,20*05'319,52*53'508,P4638W,Obszar zabudowany,,Droga powiatowa,Jednojezdniowa dwukierunkowa,N,POWIAT ŻUROMIŃSKI,SIEMIĄTKOWO - OBSZAR WIEJSKI
1,0,0,2015,Opady deszczu,Zderzenie pojazdów boczne,Opady deszczu,Światło dzienne,Jezdnia,EWK-99249766Q,11,2015-10-18,Nieokreślone (puste pole),20*05'319,52*53'508,P4638W,Obszar zabudowany,,Droga powiatowa,Jednojezdniowa dwukierunkowa,N,POWIAT ŻUROMIŃSKI,SIEMIĄTKOWO - OBSZAR WIEJSKI
1,0,1,2015,Opady deszczu,Zderzenie pojazdów boczne,Opady deszczu,Światło dzienne,Jezdnia,EWK-99251908L,10,2015-10-17,Lekko,21*03'429,51*53'553,P,Obszar niezabudowany,Odcinek prosty,Droga powiatowa,Jednojezdniowa dwukierunkowa,N,POWIAT GRÓJECKI,CHYNÓW - OBSZAR WIEJSKI
1,0,0,2015,Opady deszczu,Zderzenie pojazdów boczne,Opady deszczu,Światło dzienne,Jezdnia,EWK-99251908L,10,2015-10-17,Nieokreślone (puste pole),21*03'429,51*53'553,P,Obszar niezabudowany,Odcinek prosty,Droga powiatowa,Jednojezdniowa dwukierunkowa,N,POWIAT GRÓJECKI,CHYNÓW - OBSZAR WIEJSKI
1,0,1,2015,Opady deszczu,Zderzenie pojazdów boczne,Opady deszczu,Światło dzienne,Jezdnia,EWK-99315505P,13,2015-11-10,Lekko,21*28'350,51*31'015,GMINNA,Obszar zabudowany,Odcinek prosty,Droga gminna,Jednojezdniowa dwukierunkowa,N,POWIAT RADOMSKI,PIONKI - OBSZAR WIEJSKI
1,0,0,2015,Opady deszczu,Zderzenie pojazdów boczne,Opady deszczu,Światło dzienne,Jezdnia,EWK-99315505P,13,2015-11-10,Nieokreślone (puste pole),21*28'350,51*31'015,GMINNA,Obszar zabudowany,Odcinek prosty,Droga gminna,Jednojezdniowa dwukierunkowa,N,POWIAT RADOMSKI,PIONKI - OBSZAR WIEJSKI
1,0,2,2015,Opady deszczu,Zderzenie pojazdów boczne,Opady deszczu,Światło dzienne,Jezdnia,EWK-99336767J,8,2015-11-18,Lekko,20*57'593,53*03'096,3227W,Obszar zabudowany,,Droga powiatowa,Jednojezdniowa dwukierunkowa,N,POWIAT PRZASNYSKI,PRZASNYSZ - OBSZAR WIEJSKI
1,0,0,2015,Opady deszczu,Zderzenie pojazdów boczne,Opady deszczu,Światło dzienne,Jezdnia,EWK-99336767J,8,2015-11-18,Nieokreślone (puste pole),20*57'593,53*03'096,3227W,Obszar zabudowany,,Droga powiatowa,Jednojezdniowa dwukierunkowa,N,POWIAT PRZASNYSKI,PRZASNYSZ - OBSZAR WIEJSKI
1,0,3,2015,Opady deszczu,Zderzenie pojazdów boczne,Opady deszczu,Światło dzienne,Jezdnia,EWK-99337031D,12,2015-11-17,Ciężko,20*58'075,52*55'049,P3206W,Obszar zabudowany,,Droga powiatowa,Jednojezdniowa dwukierunkowa,N,POWIAT PRZASNYSKI,KRASNE - OBSZAR WIEJSKI
1,0,0,2015,Opady deszczu,Zderzenie pojazdów boczne,Opady deszczu,Światło dzienne,Jezdnia,EWK-99337031D,12,2015-11-17,Nieokreślone (puste pole),20*58'075,52*55'049,P3206W,Obszar zabudowany,,Droga powiatowa,Jednojezdniowa dwukierunkowa,N,POWIAT PRZASNYSKI,KRASNE - OBSZAR WIEJSKI
1,0,1,2015,Opady deszczu,Zderzenie pojazdów czołowe,Opady deszczu,Noc - droga oświetlona,Jezdnia,EWK-98711605T,17,2015-01-03,Lekko,19*40'178,52*22'211,574,Obszar zabudowany,"Zakręt, łuk",Droga wojewódzka,Jednojezdniowa dwukierunkowa,T,POWIAT GOSTYNIŃSKI,SZCZAWIN KOŚCIELNY - OBSZAR WIEJSKI
1,0,0,2015,Opady deszczu,Zderzenie pojazdów czołowe,Opady deszczu,Noc - droga oświetlona,Jezdnia,EWK-98711605T,17,2015-01-03,Nieokreślone (puste pole),19*40'178,52*22'211,574,Obszar zabudowany,"Zakręt, łuk",Droga wojewódzka,Jednojezdniowa dwukierunkowa,T,POWIAT GOSTYNIŃSKI,SZCZAWIN KOŚCIELNY - OBSZAR WIEJSKI
1,0,1,2015,Opady deszczu,Zderzenie pojazdów czołowe,Opady deszczu,Noc - droga oświetlona,Jezdnia,EWK-98792752X,20,2015-03-12,Lekko,21*09'166,51*23'310,P5320W,Obszar zabudowany,,Droga powiatowa,Jednojezdniowa dwukierunkowa,N,POWIAT RADOM,RADOM - OBSZAR MIEJSKI
1,0,0,2015,Opady deszczu,Zderzenie pojazdów czołowe,Opady deszczu,Noc - droga oświetlona,Jezdnia,EWK-98792752X,20,2015-03-12,Nieokreślone (puste pole),21*09'166,51*23'310,P5320W,Obszar zabudowany,,Droga powiatowa,Jednojezdniowa dwukierunkowa,N,POWIAT RADOM,RADOM - OBSZAR MIEJSKI
1,0,2,2015,Opady deszczu,Zderzenie pojazdów czołowe,Opady deszczu,Noc - droga oświetlona,Jezdnia,EWK-99198091J,9,2015-09-26,Lekko,21*06'369,51*23'539,7,Obszar zabudowany,Odcinek prosty,Droga krajowa,Jednojezdniowa dwukierunkowa,N,POWIAT RADOM,RADOM - OBSZAR MIEJSKI
1,0,0,2015,Opady deszczu,Zderzenie pojazdów czołowe,Opady deszczu,Noc - droga oświetlona,Jezdnia,EWK-99198091J,9,2015-09-26,Nieokreślone (puste pole),21*06'369,51*23'539,7,Obszar zabudowany,Odcinek prosty,Droga krajowa,Jednojezdniowa dwukierunkowa,N,POWIAT RADOM,RADOM - OBSZAR MIEJSKI
1,0,1,2015,Opady deszczu,Zderzenie pojazdów czołowe,Opady deszczu,Noc - droga oświetlona,Jezdnia,EWK-99240891Y,21,2015-10-12,Lekko,21*05'013,51*31'509,7,Obszar niezabudowany,Odcinek prosty,Droga krajowa,Dwie jezdnie jednokierunkowe,N,POWIAT RADOMSKI,JEDLIŃSK - OBSZAR WIEJSKI
1,0,0,2015,Opady deszczu,Zderzenie pojazdów czołowe,Opady deszczu,Noc - droga oświetlona,Jezdnia,EWK-99240891Y,21,2015-10-12,Nieokreślone (puste pole),21*05'013,51*31'509,7,Obszar niezabudowany,Odcinek prosty,Droga krajowa,Dwie jezdnie jednokierunkowe,N,POWIAT RADOMSKI,JEDLIŃSK - OBSZAR WIEJSKI
1,0,1,2015,Opady deszczu,Zderzenie pojazdów czołowe,Opady deszczu,Noc - droga oświetlona,Jezdnia,EWK-99271748D,19,2015-10-25,Ciężko,21*56'060,52*49'330,S8O,Obszar niezabudowany,Odcinek prosty,Droga krajowa,Jednojezdniowa dwukierunkowa,N,POWIAT OSTROWSKI,OSTRÓW MAZOWIECKA - OBSZAR WIEJSKI
1,0,1,2015,Opady deszczu,Zderzenie pojazdów czołowe,Opady deszczu,Noc - droga oświetlona,Jezdnia,EWK-99271748D,19,2015-10-25,Lekko,21*56'060,52*49'330,S8O,Obszar niezabudowany,Odcinek prosty,Droga krajowa,Jednojezdniowa dwukierunkowa,N,POWIAT OSTROWSKI,OSTRÓW MAZOWIECKA - OBSZAR WIEJSKI
1,0,1,2015,Opady deszczu,Zderzenie pojazdów czołowe,Opady deszczu,"Zmrok, świt",Jezdnia,EWK-99243381W,18,2015-10-13,Ciężko,20*49'530,53*01'116,544,Obszar niezabudowany,Odcinek prosty,Droga wojewódzka,Jednojezdniowa dwukierunkowa,N,POWIAT PRZASNYSKI,PRZASNYSZ - OBSZAR WIEJSKI
1,0,1,2015,Opady deszczu,Zderzenie pojazdów czołowe,Opady deszczu,"Zmrok, świt",Jezdnia,EWK-99243381W,18,2015-10-13,Lekko,20*49'530,53*01'116,544,Obszar niezabudowany,Odcinek prosty,Droga wojewódzka,Jednojezdniowa dwukierunkowa,N,POWIAT PRZASNYSKI,PRZASNYSZ - OBSZAR WIEJSKI
1,0,0,2015,Opady deszczu,Zderzenie pojazdów czołowe,Opady deszczu,"Zmrok, świt",Jezdnia,EWK-99243381W,18,2015-10-13,Nieokreślone (puste pole),20*49'530,53*01'116,544,Obszar niezabudowany,Odcinek prosty,Droga wojewódzka,Jednojezdniowa dwukierunkowa,N,POWIAT PRZASNYSKI,PRZASNYSZ - OBSZAR WIEJSKI
1,0,1,2015,Opady deszczu,Zderzenie pojazdów czołowe,Opady deszczu,Światło dzienne,Jezdnia,EWK-98722600T,6,2015-01-14,Ciężko,20*53'534,53*00'221,GMINNA,Obszar zabudowany,Odcinek prosty,Droga gminna,Jednojezdniowa dwukierunkowa,N,POWIAT PRZASNYSKI,PRZASNYSZ - OBSZAR MIEJSKI
1,0,0,2015,Opady deszczu,Zderzenie pojazdów czołowe,Opady deszczu,Światło dzienne,Jezdnia,EWK-98722600T,6,2015-01-14,Nieokreślone (puste pole),20*53'534,53*00'221,GMINNA,Obszar zabudowany,Odcinek prosty,Droga gminna,Jednojezdniowa dwukierunkowa,N,POWIAT PRZASNYSKI,PRZASNYSZ - OBSZAR MIEJSKI
1,0,1,2015,Opady deszczu,Zderzenie pojazdów czołowe,Opady deszczu,Światło dzienne,Jezdnia,EWK-98724097D,16,2015-01-12,Ciężko,21*12'077,51*46'062,730,Obszar niezabudowany,Odcinek prosty,Droga wojewódzka,Jednojezdniowa dwukierunkowa,N,POWIAT KOZIENICKI,GRABÓW NAD PILICĄ - OBSZAR WIEJSKI
1,0,0,2015,Opady deszczu,Zderzenie pojazdów czołowe,Opady deszczu,Światło dzienne,Jezdnia,EWK-98724097D,16,2015-01-12,Nieokreślone (puste pole),21*12'077,51*46'062,730,Obszar niezabudowany,Odcinek prosty,Droga wojewódzka,Jednojezdniowa dwukierunkowa,N,POWIAT KOZIENICKI,GRABÓW NAD PILICĄ - OBSZAR WIEJSKI
1,0,3,2015,Opady deszczu,Zderzenie pojazdów czołowe,Opady deszczu,Światło dzienne,Jezdnia,EWK-98814807E,6,2015-03-30,Ciężko,21*36'367,51*21'307,12,Obszar niezabudowany,Odcinek prosty,Droga krajowa,Jednojezdniowa dwukierunkowa,N,POWIAT ZWOLEŃSKI,ZWOLEŃ - OBSZAR MIEJSKI
1,0,1,2015,Opady deszczu,Zderzenie pojazdów czołowe,Opady deszczu,Światło dzienne,Jezdnia,EWK-98814807E,6,2015-03-30,Lekko,21*36'367,51*21'307,12,Obszar niezabudowany,Odcinek prosty,Droga krajowa,Jednojezdniowa dwukierunkowa,N,POWIAT ZWOLEŃSKI,ZWOLEŃ - OBSZAR MIEJSKI
1,0,3,2015,Opady deszczu,Zderzenie pojazdów czołowe,Opady deszczu,Światło dzienne,Jezdnia,EWK-98817263T,14,2015-03-31,Lekko,22*24'202,52*10'301,698,Obszar niezabudowany,Odcinek prosty,Droga wojewódzka,Jednojezdniowa dwukierunkowa,N,POWIAT SIEDLECKI,SIEDLCE - OBSZAR WIEJSKI
1,0,2,2015,Opady deszczu,Zderzenie pojazdów czołowe,Opady deszczu,Światło dzienne,Jezdnia,EWK-98876675W,10,2015-05-06,Ciężko,21*05'519,51*21'556,P3564W,Obszar zabudowany,"Zakręt, łuk",Droga powiatowa,Jednojezdniowa dwukierunkowa,N,POWIAT RADOM,RADOM - OBSZAR MIEJSKI
1,0,1,2015,Opady deszczu,Zderzenie pojazdów czołowe,Opady deszczu,Światło dzienne,Jezdnia,EWK-98911455A,19,2015-05-20,Lekko,20*49'477,51*52'369,50,Obszar niezabudowany,Odcinek prosty,Droga krajowa,Jednojezdniowa dwukierunkowa,N,POWIAT GRÓJECKI,GRÓJEC - OBSZAR WIEJSKI
1,1,0,2015,Opady deszczu,Zderzenie pojazdów czołowe,Opady deszczu,Światło dzienne,Jezdnia,EWK-98911455A,19,2015-05-20,Nieokreślone (puste pole),20*49'477,51*52'369,50,Obszar niezabudowany,Odcinek prosty,Droga krajowa,Jednojezdniowa dwukierunkowa,N,POWIAT GRÓJECKI,GRÓJEC - OBSZAR WIEJSKI
1,1,0,2015,Opady deszczu,Zderzenie pojazdów czołowe,Opady deszczu,Światło dzienne,Jezdnia,EWK-98918907Q,16,2015-05-26,Nieokreślone (puste pole),20*20'316,52*06'266,50,Obszar niezabudowany,Odcinek prosty,Droga krajowa,Jednojezdniowa dwukierunkowa,N,POWIAT ŻYRARDOWSKI,WISKITKI - OBSZAR WIEJSKI
1,0,2,2015,Opady deszczu,Zderzenie pojazdów czołowe,Opady deszczu,Światło dzienne,Jezdnia,EWK-99003018Q,12,2015-06-29,Lekko,21*22'327,51*22'444,12,Obszar zabudowany,Odcinek prosty,Droga krajowa,Jednojezdniowa dwukierunkowa,N,POWIAT RADOMSKI,GÓZD - OBSZAR WIEJSKI
1,0,0,2015,Opady deszczu,Zderzenie pojazdów czołowe,Opady deszczu,Światło dzienne,Jezdnia,EWK-99003018Q,12,2015-06-29,Nieokreślone (puste pole),21*22'327,51*22'444,12,Obszar zabudowany,Odcinek prosty,Droga krajowa,Jednojezdniowa dwukierunkowa,N,POWIAT RADOMSKI,GÓZD - OBSZAR WIEJSKI
1,0,2,2015,Opady deszczu,Zderzenie pojazdów czołowe,Opady deszczu,Światło dzienne,Jezdnia,EWK-99067572X,7,2015-07-13,Lekko,21*41'336,51*55'434,76,Obszar zabudowany,"Zakręt, łuk",Droga krajowa,Jednojezdniowa dwukierunkowa,N,POWIAT GARWOLIŃSKI,BOROWIE - OBSZAR WIEJSKI
1,0,0,2015,Opady deszczu,Zderzenie pojazdów czołowe,Opady deszczu,Światło dzienne,Jezdnia,EWK-99067572X,7,2015-07-13,Nieokreślone (puste pole),21*41'336,51*55'434,76,Obszar zabudowany,"Zakręt, łuk",Droga krajowa,Jednojezdniowa dwukierunkowa,N,POWIAT GARWOLIŃSKI,BOROWIE - OBSZAR WIEJSKI
1,2,0,2015,Opady deszczu,Zderzenie pojazdów czołowe,Opady deszczu,Światło dzienne,Jezdnia,EWK-99194182X,13,2015-09-26,Nieokreślone (puste pole),21*45'174,52*57'185,627,Obszar niezabudowany,"Zakręt, łuk",Droga wojewódzka,Jednojezdniowa dwukierunkowa,N,POWIAT OSTROŁĘCKI,CZERWIN - OBSZAR WIEJSKI
1,0,1,2015,Opady deszczu,Zderzenie pojazdów czołowe,Opady deszczu,Światło dzienne,Jezdnia,EWK-99378027X,9,2015-12-01,Lekko,20*05'362,52*46'311,60,Obszar niezabudowany,,Droga krajowa,Jednojezdniowa dwukierunkowa,N,POWIAT PŁOŃSKI,RACIĄŻ - OBSZAR WIEJSKI
1,0,0,2015,Opady deszczu,Zderzenie pojazdów czołowe,Opady deszczu,Światło dzienne,Jezdnia,EWK-99378027X,9,2015-12-01,Nieokreślone (puste pole),20*05'362,52*46'311,60,Obszar niezabudowany,,Droga krajowa,Jednojezdniowa dwukierunkowa,N,POWIAT PŁOŃSKI,RACIĄŻ - OBSZAR WIEJSKI
1,0,3,2015,Opady deszczu,Zderzenie pojazdów czołowe,Opady deszczu,Światło dzienne,"Wjazd, wyjazd z posesji, pola",EWK-98819686H,16,2015-04-01,Lekko,19*44'098,52*36'233,5201W,Obszar zabudowany,Odcinek prosty,Droga powiatowa,Jednojezdniowa dwukierunkowa,N,POWIAT PŁOCKI,STARA BIAŁA - OBSZAR WIEJSKI
1,0,0,2015,Opady deszczu,Zderzenie pojazdów czołowe,Opady deszczu,Światło dzienne,"Wjazd, wyjazd z posesji, pola",EWK-98819686H,16,2015-04-01,Nieokreślone (puste pole),19*44'098,52*36'233,5201W,Obszar zabudowany,Odcinek prosty,Droga powiatowa,Jednojezdniowa dwukierunkowa,N,POWIAT PŁOCKI,STARA BIAŁA - OBSZAR WIEJSKI
1,0,1,2015,Opady deszczu,Zderzenie pojazdów tylne,Opady deszczu,Noc - droga nieoświetlona,Jezdnia,EWK-103554121F,16,2015-12-13,Lekko,19*53'221,52*56'396,561,Obszar niezabudowany,Odcinek prosty,Droga wojewódzka,Jednojezdniowa dwukierunkowa,N,POWIAT ŻUROMIŃSKI,BIEŻUŃ - OBSZAR MIEJSKI
1,0,0,2015,Opady deszczu,Zderzenie pojazdów tylne,Opady deszczu,Noc - droga nieoświetlona,Jezdnia,EWK-103554121F,16,2015-12-13,Nieokreślone (puste pole),19*53'221,52*56'396,561,Obszar niezabudowany,Odcinek prosty,Droga wojewódzka,Jednojezdniowa dwukierunkowa,N,POWIAT ŻUROMIŃSKI,BIEŻUŃ - OBSZAR MIEJSKI
1,0,1,2015,Opady deszczu,Zderzenie pojazdów tylne,Opady deszczu,Noc - droga nieoświetlona,Jezdnia,EWK-98795620U,18,2015-03-13,Ciężko,20*51'226,51*54'380,7,Obszar niezabudowany,Odcinek prosty,Droga krajowa,Dwie jezdnie jednokierunkowe,N,POWIAT GRÓJECKI,GRÓJEC - OBSZAR WIEJSKI
1,0,0,2015,Opady deszczu,Zderzenie pojazdów tylne,Opady deszczu,Noc - droga nieoświetlona,Jezdnia,EWK-98795620U,18,2015-03-13,Nieokreślone (puste pole),20*51'226,51*54'380,7,Obszar niezabudowany,Odcinek prosty,Droga krajowa,Dwie jezdnie jednokierunkowe,N,POWIAT GRÓJECKI,GRÓJEC - OBSZAR WIEJSKI
1,1,0,2015,Opady deszczu,Zderzenie pojazdów tylne,Opady deszczu,Noc - droga nieoświetlona,Jezdnia,EWK-98812175H,23,2015-03-27,Nieokreślone (puste pole),21*19'565,51*19'414,GMINNA,Obszar niezabudowany,Odcinek prosty,Droga gminna,Jednojezdniowa dwukierunkowa,N,POWIAT RADOMSKI,SKARYSZEW - OBSZAR WIEJSKI
1,0,1,2015,Opady deszczu,Zderzenie pojazdów tylne,Opady deszczu,Noc - droga nieoświetlona,Jezdnia,EWK-99339220U,18,2015-11-19,Lekko,19*53'078,52*54'092,561,Obszar niezabudowany,"Zakręt, łuk",Droga wojewódzka,Jednojezdniowa dwukierunkowa,N,POWIAT SIERPECKI,ZAWIDZ - OBSZAR WIEJSKI