Liczba wypadków,Liczba zabitych,Liczba rannych,Rok,Warunki atmosferyczne,Rodzaj zdarzenia,Warunki atmosferyczne,Oświetlenie,Charakterystyka miejsca zdarzenia,IDKSIP zdarzenia,Godzina,Dzień,Ranny,GPS x,GPS y,Numer drogi,Obszar,Geometria drogi,Kategoria drogi 1,Rodzaj drogi,Czy w zdarzeniu był sprawca nietrzeźwy,Powiat,Gmina
1,0,0,2015,Opady deszczu,Zderzenie pojazdów tylne,Opady deszczu,Noc - droga nieoświetlona,Jezdnia,EWK-99339220U,18,2015-11-19,Nieokreślone (puste pole),19*53'078,52*54'092,561,Obszar niezabudowany,"Zakręt, łuk",Droga wojewódzka,Jednojezdniowa dwukierunkowa,N,POWIAT SIERPECKI,ZAWIDZ - OBSZAR WIEJSKI
1,0,1,2015,Opady deszczu,Zderzenie pojazdów tylne,Opady deszczu,Noc - droga oświetlona,Jezdnia,EWK-103498071J,18,2015-12-09,Lekko,21*09'568,51*22'548,12,Obszar zabudowany,Odcinek prosty,Droga krajowa,Dwie jezdnie jednokierunkowe,N,POWIAT RADOM,RADOM - OBSZAR MIEJSKI
1,0,0,2015,Opady deszczu,Zderzenie pojazdów tylne,Opady deszczu,Noc - droga oświetlona,Jezdnia,EWK-103498071J,18,2015-12-09,Nieokreślone (puste pole),21*09'568,51*22'548,12,Obszar zabudowany,Odcinek prosty,Droga krajowa,Dwie jezdnie jednokierunkowe,N,POWIAT RADOM,RADOM - OBSZAR MIEJSKI
1,1,0,2015,Opady deszczu,Zderzenie pojazdów tylne,Opady deszczu,Noc - droga oświetlona,Jezdnia,EWK-98798008C,21,2015-03-14,Nieokreślone (puste pole),21*06'456,51*24'111,GMINNA,Obszar zabudowany,Odcinek prosty,Droga gminna,Jednojezdniowa dwukierunkowa,N,POWIAT RADOM,RADOM - OBSZAR MIEJSKI
1,1,0,2015,Opady deszczu,Zderzenie pojazdów tylne,Opady deszczu,Noc - droga oświetlona,Jezdnia,EWK-98810499C,20,2015-03-26,Nieokreślone (puste pole),21*53'183,52*49'121,GMINNA,Obszar zabudowany,,Droga gminna,Jednojezdniowa dwukierunkowa,N,POWIAT OSTROWSKI,OSTRÓW MAZOWIECKA - OBSZAR MIEJSKI
1,0,1,2015,Opady deszczu,Zderzenie pojazdów tylne,Opady deszczu,Noc - droga oświetlona,Jezdnia,EWK-98919723X,22,2015-05-26,Lekko,21*14'424,51*20'463,GMINNA,Obszar zabudowany,Odcinek prosty,Droga gminna,Jednojezdniowa dwukierunkowa,N,POWIAT RADOMSKI,SKARYSZEW - OBSZAR WIEJSKI
1,0,0,2015,Opady deszczu,Zderzenie pojazdów tylne,Opady deszczu,Noc - droga oświetlona,Jezdnia,EWK-98919723X,22,2015-05-26,Nieokreślone (puste pole),21*14'424,51*20'463,GMINNA,Obszar zabudowany,Odcinek prosty,Droga gminna,Jednojezdniowa dwukierunkowa,N,POWIAT RADOMSKI,SKARYSZEW - OBSZAR WIEJSKI
1,0,1,2015,Opady deszczu,Zderzenie pojazdów tylne,Opady deszczu,Noc - droga oświetlona,Jezdnia,EWK-99192305U,21,2015-09-24,Lekko,21*08'572,51*23'339,P5306W,Obszar zabudowany,Odcinek prosty,Droga powiatowa,Dwie jezdnie jednokierunkowe,N,POWIAT RADOM,RADOM - OBSZAR MIEJSKI
1,0,0,2015,Opady deszczu,Zderzenie pojazdów tylne,Opady deszczu,Noc - droga oświetlona,Jezdnia,EWK-99192305U,21,2015-09-24,Nieokreślone (puste pole),21*08'572,51*23'339,P5306W,Obszar zabudowany,Odcinek prosty,Droga powiatowa,Dwie jezdnie jednokierunkowe,N,POWIAT RADOM,RADOM - OBSZAR MIEJSKI
1,0,1,2015,Opady deszczu,Zderzenie pojazdów tylne,Opady deszczu,Noc - droga oświetlona,Jezdnia,EWK-99331060H,18,2015-11-16,Lekko,19*42'209,52*32'475,60,Obszar zabudowany,,Droga krajowa,Dwie jezdnie jednokierunkowe,N,POWIAT PŁOCK,PŁOCK - OBSZAR MIEJSKI
1,0,0,2015,Opady deszczu,Zderzenie pojazdów tylne,Opady deszczu,Noc - droga oświetlona,Jezdnia,EWK-99331060H,18,2015-11-16,Nieokreślone (puste pole),19*42'209,52*32'475,60,Obszar zabudowany,,Droga krajowa,Dwie jezdnie jednokierunkowe,N,POWIAT PŁOCK,PŁOCK - OBSZAR MIEJSKI
1,0,1,2015,Opady deszczu,Zderzenie pojazdów tylne,Opady deszczu,Noc - droga oświetlona,Jezdnia,EWK-99341392F,16,2015-11-20,Lekko,21*32'576,53*04'543,61,Obszar zabudowany,Odcinek prosty,Droga krajowa,Jednojezdniowa dwukierunkowa,N,POWIAT OSTROŁĘKA,OSTROŁĘKA - OBSZAR MIEJSKI
1,0,0,2015,Opady deszczu,Zderzenie pojazdów tylne,Opady deszczu,Noc - droga oświetlona,Jezdnia,EWK-99341392F,16,2015-11-20,Nieokreślone (puste pole),21*32'576,53*04'543,61,Obszar zabudowany,Odcinek prosty,Droga krajowa,Jednojezdniowa dwukierunkowa,N,POWIAT OSTROŁĘKA,OSTROŁĘKA - OBSZAR MIEJSKI
1,0,3,2015,Opady deszczu,Zderzenie pojazdów tylne,Opady deszczu,Noc - droga oświetlona,Jezdnia,EWK-99378306D,22,2015-12-02,Ciężko,21*05'322,51*31'358,7,Obszar niezabudowany,Odcinek prosty,Droga krajowa,Dwie jezdnie jednokierunkowe,N,POWIAT RADOMSKI,JEDLIŃSK - OBSZAR WIEJSKI
1,0,1,2015,Opady deszczu,Zderzenie pojazdów tylne,Opady deszczu,Noc - droga oświetlona,Jezdnia,EWK-99378306D,22,2015-12-02,Lekko,21*05'322,51*31'358,7,Obszar niezabudowany,Odcinek prosty,Droga krajowa,Dwie jezdnie jednokierunkowe,N,POWIAT RADOMSKI,JEDLIŃSK - OBSZAR WIEJSKI
1,0,0,2015,Opady deszczu,Zderzenie pojazdów tylne,Opady deszczu,Noc - droga oświetlona,Jezdnia,EWK-99378306D,22,2015-12-02,Nieokreślone (puste pole),21*05'322,51*31'358,7,Obszar niezabudowany,Odcinek prosty,Droga krajowa,Dwie jezdnie jednokierunkowe,N,POWIAT RADOMSKI,JEDLIŃSK - OBSZAR WIEJSKI
1,0,1,2015,Opady deszczu,Zderzenie pojazdów tylne,Opady deszczu,"Zmrok, świt",Jezdnia,EWK-98717855M,15,2015-01-09,Lekko,21*08'443,51*26'288,7,Obszar zabudowany,Odcinek prosty,Droga krajowa,Jednojezdniowa dwukierunkowa,N,POWIAT RADOM,RADOM - OBSZAR MIEJSKI
1,0,0,2015,Opady deszczu,Zderzenie pojazdów tylne,Opady deszczu,"Zmrok, świt",Jezdnia,EWK-98717855M,15,2015-01-09,Nieokreślone (puste pole),21*08'443,51*26'288,7,Obszar zabudowany,Odcinek prosty,Droga krajowa,Jednojezdniowa dwukierunkowa,N,POWIAT RADOM,RADOM - OBSZAR MIEJSKI
1,0,1,2015,Opady deszczu,Zderzenie pojazdów tylne,Opady deszczu,"Zmrok, świt",Jezdnia,EWK-99240977N,6,2015-10-13,Lekko,21*12'578,51*24'519,12,Obszar zabudowany,Odcinek prosty,Droga krajowa,Jednojezdniowa dwukierunkowa,N,POWIAT RADOMSKI,JEDLNIA-LETNISKO - OBSZAR WIEJSKI
1,0,0,2015,Opady deszczu,Zderzenie pojazdów tylne,Opady deszczu,"Zmrok, świt",Jezdnia,EWK-99240977N,6,2015-10-13,Nieokreślone (puste pole),21*12'578,51*24'519,12,Obszar zabudowany,Odcinek prosty,Droga krajowa,Jednojezdniowa dwukierunkowa,N,POWIAT RADOMSKI,JEDLNIA-LETNISKO - OBSZAR WIEJSKI
1,0,1,2015,Opady deszczu,Zderzenie pojazdów tylne,Opady deszczu,Światło dzienne,Jezdnia,EWK-98785007H,16,2015-03-02,Lekko,21*39'165,52*32'250,62,Obszar niezabudowany,,Droga krajowa,Jednojezdniowa dwukierunkowa,N,POWIAT WĘGROWSKI,ŁOCHÓW - OBSZAR WIEJSKI
1,0,0,2015,Opady deszczu,Zderzenie pojazdów tylne,Opady deszczu,Światło dzienne,Jezdnia,EWK-98785007H,16,2015-03-02,Nieokreślone (puste pole),21*39'165,52*32'250,62,Obszar niezabudowany,,Droga krajowa,Jednojezdniowa dwukierunkowa,N,POWIAT WĘGROWSKI,ŁOCHÓW - OBSZAR WIEJSKI
1,0,1,2015,Opady deszczu,Zderzenie pojazdów tylne,Opady deszczu,Światło dzienne,Jezdnia,EWK-98798078H,10,2015-03-14,Lekko,21*07'015,51*22'448,P3564W,Obszar zabudowany,,Droga powiatowa,Jednojezdniowa dwukierunkowa,N,POWIAT RADOM,RADOM - OBSZAR MIEJSKI
1,0,0,2015,Opady deszczu,Zderzenie pojazdów tylne,Opady deszczu,Światło dzienne,Jezdnia,EWK-98798078H,10,2015-03-14,Nieokreślone (puste pole),21*07'015,51*22'448,P3564W,Obszar zabudowany,,Droga powiatowa,Jednojezdniowa dwukierunkowa,N,POWIAT RADOM,RADOM - OBSZAR MIEJSKI
1,0,1,2015,Opady deszczu,Zderzenie pojazdów tylne,Opady deszczu,Światło dzienne,Jezdnia,EWK-98812240T,17,2015-03-27,Lekko,21*07'536,51*23'078,GMINNA,Obszar zabudowany,,Droga gminna,Dwie jezdnie jednokierunkowe,N,POWIAT RADOM,RADOM - OBSZAR MIEJSKI
1,0,0,2015,Opady deszczu,Zderzenie pojazdów tylne,Opady deszczu,Światło dzienne,Jezdnia,EWK-98812240T,17,2015-03-27,Nieokreślone (puste pole),21*07'536,51*23'078,GMINNA,Obszar zabudowany,,Droga gminna,Dwie jezdnie jednokierunkowe,N,POWIAT RADOM,RADOM - OBSZAR MIEJSKI
1,0,1,2015,Opady deszczu,Zderzenie pojazdów tylne,Opady deszczu,Światło dzienne,Jezdnia,EWK-98817960M,18,2015-03-31,Ciężko,21*32'585,51*35'115,79,Obszar zabudowany,Odcinek prosty,Droga krajowa,Jednojezdniowa dwukierunkowa,N,POWIAT KOZIENICKI,KOZIENICE - OBSZAR MIEJSKI
1,0,0,2015,Opady deszczu,Zderzenie pojazdów tylne,Opady deszczu,Światło dzienne,Jezdnia,EWK-98817960M,18,2015-03-31,Nieokreślone (puste pole),21*32'585,51*35'115,79,Obszar zabudowany,Odcinek prosty,Droga krajowa,Jednojezdniowa dwukierunkowa,N,POWIAT KOZIENICKI,KOZIENICE - OBSZAR MIEJSKI
1,0,1,2015,Opady deszczu,Zderzenie pojazdów tylne,Opady deszczu,Światło dzienne,Jezdnia,EWK-98818579K,13,2015-04-02,Lekko,21*07'305,51*24'319,7,Obszar zabudowany,Odcinek prosty,Droga krajowa,Dwie jezdnie jednokierunkowe,N,POWIAT RADOM,RADOM - OBSZAR MIEJSKI
1,0,0,2015,Opady deszczu,Zderzenie pojazdów tylne,Opady deszczu,Światło dzienne,Jezdnia,EWK-98818579K,13,2015-04-02,Nieokreślone (puste pole),21*07'305,51*24'319,7,Obszar zabudowany,Odcinek prosty,Droga krajowa,Dwie jezdnie jednokierunkowe,N,POWIAT RADOM,RADOM - OBSZAR MIEJSKI
1,0,1,2015,Opady deszczu,Zderzenie pojazdów tylne,Opady deszczu,Światło dzienne,Jezdnia,EWK-98831119Q,12,2015-04-13,Lekko,21*14'103,51*25'469,737,Obszar zabudowany,Odcinek prosty,Droga wojewódzka,Jednojezdniowa dwukierunkowa,N,POWIAT RADOMSKI,JEDLNIA-LETNISKO - OBSZAR WIEJSKI
1,0,0,2015,Opady deszczu,Zderzenie pojazdów tylne,Opady deszczu,Światło dzienne,Jezdnia,EWK-98831119Q,12,2015-04-13,Nieokreślone (puste pole),21*14'103,51*25'469,737,Obszar zabudowany,Odcinek prosty,Droga wojewódzka,Jednojezdniowa dwukierunkowa,N,POWIAT RADOMSKI,JEDLNIA-LETNISKO - OBSZAR WIEJSKI
1,0,1,2015,Opady deszczu,Zderzenie pojazdów tylne,Opady deszczu,Światło dzienne,Jezdnia,EWK-98845877M,11,2015-04-19,Lekko,21*34'447,51*14'318,79,Obszar niezabudowany,Odcinek prosty,Droga krajowa,Jednojezdniowa dwukierunkowa,N,POWIAT LIPSKI,CIEPIELÓW - OBSZAR WIEJSKI
1,0,0,2015,Opady deszczu,Zderzenie pojazdów tylne,Opady deszczu,Światło dzienne,Jezdnia,EWK-98845877M,11,2015-04-19,Nieokreślone (puste pole),21*34'447,51*14'318,79,Obszar niezabudowany,Odcinek prosty,Droga krajowa,Jednojezdniowa dwukierunkowa,N,POWIAT LIPSKI,CIEPIELÓW - OBSZAR WIEJSKI
1,0,1,2015,Opady deszczu,Zderzenie pojazdów tylne,Opady deszczu,Światło dzienne,Jezdnia,EWK-98863064E,14,2015-04-28,Lekko,20*33'524,51*37'022,P,Obszar zabudowany,Odcinek prosty,Droga powiatowa,Jednojezdniowa dwukierunkowa,N,POWIAT GRÓJECKI,NOWE MIASTO NAD PILICĄ - OBSZAR MIEJSKI
1,0,0,2015,Opady deszczu,Zderzenie pojazdów tylne,Opady deszczu,Światło dzienne,Jezdnia,EWK-98863064E,14,2015-04-28,Nieokreślone (puste pole),20*33'524,51*37'022,P,Obszar zabudowany,Odcinek prosty,Droga powiatowa,Jednojezdniowa dwukierunkowa,N,POWIAT GRÓJECKI,NOWE MIASTO NAD PILICĄ - OBSZAR MIEJSKI
1,0,1,2015,Opady deszczu,Zderzenie pojazdów tylne,Opady deszczu,Światło dzienne,Jezdnia,EWK-98896889N,16,2015-05-14,Lekko,21*11'342,51*24'451,P5312W,Obszar zabudowany,Odcinek prosty,Droga powiatowa,Jednojezdniowa dwukierunkowa,N,POWIAT RADOM,RADOM - OBSZAR MIEJSKI
1,0,0,2015,Opady deszczu,Zderzenie pojazdów tylne,Opady deszczu,Światło dzienne,Jezdnia,EWK-98896889N,16,2015-05-14,Nieokreślone (puste pole),21*11'342,51*24'451,P5312W,Obszar zabudowany,Odcinek prosty,Droga powiatowa,Jednojezdniowa dwukierunkowa,N,POWIAT RADOM,RADOM - OBSZAR MIEJSKI
1,0,1,2015,Opady deszczu,Zderzenie pojazdów tylne,Opady deszczu,Światło dzienne,Jezdnia,EWK-98919038M,17,2015-05-26,Lekko,19*46'018,52*35'333,60,Obszar niezabudowany,Odcinek prosty,Droga krajowa,Jednojezdniowa dwukierunkowa,N,POWIAT PŁOCKI,RADZANOWO - OBSZAR WIEJSKI
1,0,0,2015,Opady deszczu,Zderzenie pojazdów tylne,Opady deszczu,Światło dzienne,Jezdnia,EWK-98919038M,17,2015-05-26,Nieokreślone (puste pole),19*46'018,52*35'333,60,Obszar niezabudowany,Odcinek prosty,Droga krajowa,Jednojezdniowa dwukierunkowa,N,POWIAT PŁOCKI,RADZANOWO - OBSZAR WIEJSKI
1,0,2,2015,Opady deszczu,Zderzenie pojazdów tylne,Opady deszczu,Światło dzienne,Jezdnia,EWK-99150393E,8,2015-09-04,Lekko,20*51'338,51*10'414,7,Obszar niezabudowany,Odcinek prosty,Droga krajowa,Jednojezdniowa dwukierunkowa,N,POWIAT SZYDŁOWIECKI,SZYDŁOWIEC - OBSZAR WIEJSKI
1,0,0,2015,Opady deszczu,Zderzenie pojazdów tylne,Opady deszczu,Światło dzienne,Jezdnia,EWK-99150393E,8,2015-09-04,Nieokreślone (puste pole),20*51'338,51*10'414,7,Obszar niezabudowany,Odcinek prosty,Droga krajowa,Jednojezdniowa dwukierunkowa,N,POWIAT SZYDŁOWIECKI,SZYDŁOWIEC - OBSZAR WIEJSKI
1,0,1,2015,Opady deszczu,Zderzenie pojazdów tylne,Opady deszczu,Światło dzienne,Jezdnia,EWK-99156709W,15,2015-09-07,Lekko,21*32'078,53*04'008,61,Obszar zabudowany,Odcinek prosty,Droga krajowa,Jednojezdniowa dwukierunkowa,N,POWIAT OSTROŁĘCKI,OLSZEWO-BORKI - OBSZAR WIEJSKI
1,0,0,2015,Opady deszczu,Zderzenie pojazdów tylne,Opady deszczu,Światło dzienne,Jezdnia,EWK-99156709W,15,2015-09-07,Nieokreślone (puste pole),21*32'078,53*04'008,61,Obszar zabudowany,Odcinek prosty,Droga krajowa,Jednojezdniowa dwukierunkowa,N,POWIAT OSTROŁĘCKI,OLSZEWO-BORKI - OBSZAR WIEJSKI
1,0,1,2015,Opady deszczu,Zderzenie pojazdów tylne,Opady deszczu,Światło dzienne,Jezdnia,EWK-99251190L,12,2015-10-18,Lekko,21*02'505,52*54'547,57,Obszar niezabudowany,Odcinek prosty,Droga krajowa,Jednojezdniowa dwukierunkowa,T,POWIAT MAKOWSKI,PŁONIAWY-BRAMURA - OBSZAR WIEJSKI
1,0,0,2015,Opady deszczu,Zderzenie pojazdów tylne,Opady deszczu,Światło dzienne,Jezdnia,EWK-99251190L,12,2015-10-18,Nieokreślone (puste pole),21*02'505,52*54'547,57,Obszar niezabudowany,Odcinek prosty,Droga krajowa,Jednojezdniowa dwukierunkowa,T,POWIAT MAKOWSKI,PŁONIAWY-BRAMURA - OBSZAR WIEJSKI
1,0,2,2015,Opady deszczu,Zderzenie pojazdów tylne,Opady deszczu,Światło dzienne,"Most, wiadukt, łącznica, tunel",EWK-99251958U,14,2015-10-18,Lekko,21*34'096,53*05'185,61,Obszar zabudowany,Odcinek prosty,Droga krajowa,Jednojezdniowa dwukierunkowa,N,POWIAT OSTROŁĘKA,OSTROŁĘKA - OBSZAR MIEJSKI
1,0,0,2015,Opady deszczu,Zderzenie pojazdów tylne,Opady deszczu,Światło dzienne,"Most, wiadukt, łącznica, tunel",EWK-99251958U,14,2015-10-18,Nieokreślone (puste pole),21*34'096,53*05'185,61,Obszar zabudowany,Odcinek prosty,Droga krajowa,Jednojezdniowa dwukierunkowa,N,POWIAT OSTROŁĘKA,OSTROŁĘKA - OBSZAR MIEJSKI
1,0,1,2015,Opady deszczu,Zderzenie pojazdów tylne,Opady deszczu,Światło dzienne,"Wjazd, wyjazd z posesji, pola",EWK-98720080L,13,2015-01-09,Lekko,19*41'251,52*32'443,P,Obszar zabudowany,Odcinek prosty,Droga powiatowa,Jednokierunkowa,N,POWIAT PŁOCK,PŁOCK - OBSZAR MIEJSKI
1,0,0,2015,Opady deszczu,Zderzenie pojazdów tylne,Opady deszczu,Światło dzienne,"Wjazd, wyjazd z posesji, pola",EWK-98720080L,13,2015-01-09,Nieokreślone (puste pole),19*41'251,52*32'443,P,Obszar zabudowany,Odcinek prosty,Droga powiatowa,Jednokierunkowa,N,POWIAT PŁOCK,PŁOCK - OBSZAR MIEJSKI
1,0,1,2015,"Opady deszczu; Mgła, dym",Najechanie na drzewo,"Opady deszczu; Mgła, dym",Noc - droga nieoświetlona,"Skarpa, rów",EWK-99260305Q,19,2015-10-17,Ciężko,20*19'232,52*42'072,P3028W,Obszar niezabudowany,"Zakręt, łuk",Droga powiatowa,Jednojezdniowa dwukierunkowa,N,POWIAT PŁOŃSKI,BABOSZEWO - OBSZAR WIEJSKI
1,0,1,2015,"Opady deszczu; Mgła, dym",Najechanie na pieszego,"Opady deszczu; Mgła, dym",Noc - droga nieoświetlona,"Chodnik, droga dla pieszych",EWK-99239322N,18,2015-10-13,Lekko,20*15'394,52*13'382,GMINNA,Obszar zabudowany,Odcinek prosty,Droga gminna,Jednojezdniowa dwukierunkowa,N,POWIAT SOCHACZEWSKI,SOCHACZEW - OBSZAR MIEJSKI
1,0,0,2015,"Opady deszczu; Mgła, dym",Najechanie na pieszego,"Opady deszczu; Mgła, dym",Noc - droga nieoświetlona,"Chodnik, droga dla pieszych",EWK-99239322N,18,2015-10-13,Nieokreślone (puste pole),20*15'394,52*13'382,GMINNA,Obszar zabudowany,Odcinek prosty,Droga gminna,Jednojezdniowa dwukierunkowa,N,POWIAT SOCHACZEWSKI,SOCHACZEW - OBSZAR MIEJSKI
1,0,1,2015,"Opady śniegu, gradu",Inne,"Opady śniegu, gradu",Noc - droga oświetlona,Przystanek komunikacji publicznej,EWK-98735916N,20,2015-01-24,Lekko,19*40'116,52*33'286,P,Obszar zabudowany,Odcinek prosty,Droga powiatowa,Jednojezdniowa dwukierunkowa,N,POWIAT PŁOCK,PŁOCK - OBSZAR MIEJSKI
1,0,0,2015,"Opady śniegu, gradu",Inne,"Opady śniegu, gradu",Noc - droga oświetlona,Przystanek komunikacji publicznej,EWK-98735916N,20,2015-01-24,Nieokreślone (puste pole),19*40'116,52*33'286,P,Obszar zabudowany,Odcinek prosty,Droga powiatowa,Jednojezdniowa dwukierunkowa,N,POWIAT PŁOCK,PŁOCK - OBSZAR MIEJSKI
1,0,1,2015,"Opady śniegu, gradu",Najechanie na barierę ochronną,"Opady śniegu, gradu",Noc - droga nieoświetlona,Jezdnia,EWK-98746952G,21,2015-01-30,Lekko,20*20'042,53*05'213,P2330W,Obszar niezabudowany,Odcinek prosty,Droga powiatowa,Jednojezdniowa dwukierunkowa,N,POWIAT MŁAWSKI,WIŚNIEWO - OBSZAR WIEJSKI
1,0,3,2015,"Opady śniegu, gradu",Najechanie na drzewo,"Opady śniegu, gradu",Noc - droga nieoświetlona,Pobocze,EWK-98735936T,2,2015-01-25,Ciężko,20*02'150,52*24'275,P2952W,Obszar niezabudowany,Odcinek prosty,Droga powiatowa,Jednojezdniowa dwukierunkowa,N,POWIAT PŁOCKI,MAŁA WIEŚ - OBSZAR WIEJSKI
1,0,1,2015,"Opady śniegu, gradu",Najechanie na drzewo,"Opady śniegu, gradu",Noc - droga nieoświetlona,Pobocze,EWK-98735936T,2,2015-01-25,Lekko,20*02'150,52*24'275,P2952W,Obszar niezabudowany,Odcinek prosty,Droga powiatowa,Jednojezdniowa dwukierunkowa,N,POWIAT PŁOCKI,MAŁA WIEŚ - OBSZAR WIEJSKI
1,1,0,2015,"Opady śniegu, gradu",Najechanie na pieszego,"Opady śniegu, gradu",Noc - droga nieoświetlona,Jezdnia,EWK-98721896W,5,2015-01-15,Nieokreślone (puste pole),20*25'211,53*05'374,544,Obszar niezabudowany,Odcinek prosty,Droga wojewódzka,Jednojezdniowa dwukierunkowa,N,POWIAT MŁAWSKI,SZYDŁOWO - OBSZAR WIEJSKI
1,0,1,2015,"Opady śniegu, gradu",Najechanie na pieszego,"Opady śniegu, gradu",Noc - droga oświetlona,Jezdnia,EWK-98742112F,17,2015-01-27,Lekko,20*26'430,52*03'388,GMINNA,Obszar zabudowany,,Droga gminna,Jednojezdniowa dwukierunkowa,N,POWIAT ŻYRARDOWSKI,ŻYRARDÓW - OBSZAR MIEJSKI
1,0,0,2015,"Opady śniegu, gradu",Najechanie na pieszego,"Opady śniegu, gradu",Noc - droga oświetlona,Jezdnia,EWK-98742112F,17,2015-01-27,Nieokreślone (puste pole),20*26'430,52*03'388,GMINNA,Obszar zabudowany,,Droga gminna,Jednojezdniowa dwukierunkowa,N,POWIAT ŻYRARDOWSKI,ŻYRARDÓW - OBSZAR MIEJSKI
1,0,1,2015,"Opady śniegu, gradu",Najechanie na pieszego,"Opady śniegu, gradu","Zmrok, świt",Przejście dla pieszych,EWK-103593141X,17,2015-12-15,Lekko,21*10'132,51*24'291,P5321W,Obszar zabudowany,Odcinek prosty,Droga powiatowa,Jednojezdniowa dwukierunkowa,N,POWIAT RADOM,RADOM - OBSZAR MIEJSKI
1,0,0,2015,"Opady śniegu, gradu",Najechanie na pieszego,"Opady śniegu, gradu","Zmrok, świt",Przejście dla pieszych,EWK-103593141X,17,2015-12-15,Nieokreślone (puste pole),21*10'132,51*24'291,P5321W,Obszar zabudowany,Odcinek prosty,Droga powiatowa,Jednojezdniowa dwukierunkowa,N,POWIAT RADOM,RADOM - OBSZAR MIEJSKI
1,0,1,2015,"Opady śniegu, gradu",Najechanie na pieszego,"Opady śniegu, gradu","Zmrok, świt",Przejście dla pieszych,EWK-98735780Q,6,2015-01-23,Ciężko,20*36'471,52*52'292,G121265W,Obszar zabudowany,Odcinek prosty,Droga gminna,Jednojezdniowa dwukierunkowa,N,POWIAT CIECHANOWSKI,CIECHANÓW - OBSZAR MIEJSKI
1,0,0,2015,"Opady śniegu, gradu",Najechanie na pieszego,"Opady śniegu, gradu","Zmrok, świt",Przejście dla pieszych,EWK-98735780Q,6,2015-01-23,Nieokreślone (puste pole),20*36'471,52*52'292,G121265W,Obszar zabudowany,Odcinek prosty,Droga gminna,Jednojezdniowa dwukierunkowa,N,POWIAT CIECHANOWSKI,CIECHANÓW - OBSZAR MIEJSKI
1,0,2,2015,"Opady śniegu, gradu",Najechanie na pieszego,"Opady śniegu, gradu","Zmrok, świt",Przejście dla pieszych,EWK-98821507K,18,2015-04-03,Lekko,21*08'340,51*24'323,P5305W,Obszar zabudowany,,Droga powiatowa,Dwie jezdnie jednokierunkowe,N,POWIAT RADOM,RADOM - OBSZAR MIEJSKI
1,0,0,2015,"Opady śniegu, gradu",Najechanie na pieszego,"Opady śniegu, gradu","Zmrok, świt",Przejście dla pieszych,EWK-98821507K,18,2015-04-03,Nieokreślone (puste pole),21*08'340,51*24'323,P5305W,Obszar zabudowany,,Droga powiatowa,Dwie jezdnie jednokierunkowe,N,POWIAT RADOM,RADOM - OBSZAR MIEJSKI
1,0,2,2015,"Opady śniegu, gradu",Najechanie na pieszego,"Opady śniegu, gradu",Światło dzienne,Przejście dla pieszych,EWK-98757417E,7,2015-02-09,Ciężko,19*42'061,52*32'301,P,Obszar zabudowany,,Droga powiatowa,Jednokierunkowa,N,POWIAT PŁOCK,PŁOCK - OBSZAR MIEJSKI
1,0,0,2015,"Opady śniegu, gradu",Najechanie na pieszego,"Opady śniegu, gradu",Światło dzienne,Przejście dla pieszych,EWK-98757417E,7,2015-02-09,Nieokreślone (puste pole),19*42'061,52*32'301,P,Obszar zabudowany,,Droga powiatowa,Jednokierunkowa,N,POWIAT PŁOCK,PŁOCK - OBSZAR MIEJSKI
1,0,1,2015,"Opady śniegu, gradu",Najechanie na pieszego,"Opady śniegu, gradu",Światło dzienne,Przejście dla pieszych,EWK-98818527W,17,2015-04-02,Lekko,21*09'392,51*24'360,P5308W,Obszar zabudowany,,Droga powiatowa,Jednojezdniowa dwukierunkowa,N,POWIAT RADOM,RADOM - OBSZAR MIEJSKI
1,0,0,2015,"Opady śniegu, gradu",Najechanie na pieszego,"Opady śniegu, gradu",Światło dzienne,Przejście dla pieszych,EWK-98818527W,17,2015-04-02,Nieokreślone (puste pole),21*09'392,51*24'360,P5308W,Obszar zabudowany,,Droga powiatowa,Jednojezdniowa dwukierunkowa,N,POWIAT RADOM,RADOM - OBSZAR MIEJSKI
1,0,2,2015,"Opady śniegu, gradu",Najechanie na pieszego,"Opady śniegu, gradu",Światło dzienne,Przejście dla pieszych,EWK-98823653C,15,2015-04-04,Lekko,20*22'240,52*37'550,P3074W,Obszar zabudowany,,Droga powiatowa,Jednojezdniowa dwukierunkowa,N,POWIAT PŁOŃSKI,PŁOŃSK - OBSZAR MIEJSKI
1,0,0,2015,"Opady śniegu, gradu",Najechanie na pieszego,"Opady śniegu, gradu",Światło dzienne,Przejście dla pieszych,EWK-98823653C,15,2015-04-04,Nieokreślone (puste pole),20*22'240,52*37'550,P3074W,Obszar zabudowany,,Droga powiatowa,Jednojezdniowa dwukierunkowa,N,POWIAT PŁOŃSKI,PŁOŃSK - OBSZAR MIEJSKI
1,0,1,2015,"Opady śniegu, gradu",Najechanie na pojazd unieruchomiony,"Opady śniegu, gradu",Światło dzienne,Jezdnia,EWK-98744439E,12,2015-01-29,Lekko,22*50'270,52*06'556,02191W,Obszar niezabudowany,,Droga powiatowa,Jednojezdniowa dwukierunkowa,N,POWIAT ŁOSICKI,HUSZLEW - OBSZAR WIEJSKI
1,0,0,2015,"Opady śniegu, gradu",Najechanie na pojazd unieruchomiony,"Opady śniegu, gradu",Światło dzienne,Jezdnia,EWK-98744439E,12,2015-01-29,Nieokreślone (puste pole),22*50'270,52*06'556,02191W,Obszar niezabudowany,,Droga powiatowa,Jednojezdniowa dwukierunkowa,N,POWIAT ŁOSICKI,HUSZLEW - OBSZAR WIEJSKI