Liczba wypadków,Liczba zabitych,Liczba rannych,Rok,Warunki atmosferyczne,Rodzaj zdarzenia,Warunki atmosferyczne,Oświetlenie,Charakterystyka miejsca zdarzenia,IDKSIP zdarzenia,Godzina,Dzień,Ranny,GPS x,GPS y,Numer drogi,Obszar,Geometria drogi,Kategoria drogi 1,Rodzaj drogi,Czy w zdarzeniu był sprawca nietrzeźwy,Powiat,Gmina
1,0,1,2015,"Opady śniegu, gradu","Najechanie na słup, znak","Opady śniegu, gradu",Światło dzienne,Jezdnia,EWK-98748125N,11,2015-01-31,Lekko,22*13'375,52*07'340,3750E,Obszar niezabudowany,Odcinek prosty,Droga powiatowa,Jednojezdniowa dwukierunkowa,T,POWIAT SIEDLECKI,SIEDLCE - OBSZAR WIEJSKI
1,0,0,2015,"Opady śniegu, gradu","Najechanie na słup, znak","Opady śniegu, gradu",Światło dzienne,Jezdnia,EWK-98748125N,11,2015-01-31,Nieokreślone (puste pole),22*13'375,52*07'340,3750E,Obszar niezabudowany,Odcinek prosty,Droga powiatowa,Jednojezdniowa dwukierunkowa,T,POWIAT SIEDLECKI,SIEDLCE - OBSZAR WIEJSKI
1,0,1,2015,"Opady śniegu, gradu",Wywrócenie się pojazdu,"Opady śniegu, gradu",Noc - droga nieoświetlona,Jezdnia,EWK-98733174E,19,2015-01-20,Lekko,21*39'041,52*32'268,62,Obszar niezabudowany,Odcinek prosty,Droga krajowa,Jednojezdniowa dwukierunkowa,N,POWIAT WĘGROWSKI,ŁOCHÓW - OBSZAR WIEJSKI
1,0,0,2015,"Opady śniegu, gradu",Wywrócenie się pojazdu,"Opady śniegu, gradu",Noc - droga nieoświetlona,Jezdnia,EWK-98733174E,19,2015-01-20,Nieokreślone (puste pole),21*39'041,52*32'268,62,Obszar niezabudowany,Odcinek prosty,Droga krajowa,Jednojezdniowa dwukierunkowa,N,POWIAT WĘGROWSKI,ŁOCHÓW - OBSZAR WIEJSKI
1,0,1,2015,"Opady śniegu, gradu",Wywrócenie się pojazdu,"Opady śniegu, gradu","Zmrok, świt",Jezdnia,EWK-98736607K,16,2015-01-25,Lekko,20*48'137,53*01'170,544,Obszar niezabudowany,Odcinek prosty,Droga wojewódzka,Jednojezdniowa dwukierunkowa,N,POWIAT PRZASNYSKI,CZERNICE BOROWE - OBSZAR WIEJSKI
1,0,0,2015,"Opady śniegu, gradu",Wywrócenie się pojazdu,"Opady śniegu, gradu","Zmrok, świt",Jezdnia,EWK-98736607K,16,2015-01-25,Nieokreślone (puste pole),20*48'137,53*01'170,544,Obszar niezabudowany,Odcinek prosty,Droga wojewódzka,Jednojezdniowa dwukierunkowa,N,POWIAT PRZASNYSKI,CZERNICE BOROWE - OBSZAR WIEJSKI
1,0,1,2015,"Opady śniegu, gradu",Wywrócenie się pojazdu,"Opady śniegu, gradu",Światło dzienne,Jezdnia,EWK-98732181U,10,2015-01-20,Ciężko,21*58'513,52*44'590,627,Obszar niezabudowany,"Zakręt, łuk",Droga wojewódzka,Jednojezdniowa dwukierunkowa,N,POWIAT OSTROWSKI,MAŁKINIA GÓRNA - OBSZAR WIEJSKI
1,0,1,2015,"Opady śniegu, gradu",Wywrócenie się pojazdu,"Opady śniegu, gradu",Światło dzienne,Jezdnia,EWK-98736295D,7,2015-01-23,Lekko,19*54'470,53*03'257,GMINNA,Obszar zabudowany,Odcinek prosty,Droga gminna,Jednojezdniowa dwukierunkowa,N,POWIAT ŻUROMIŃSKI,ŻUROMIN - OBSZAR MIEJSKI
1,0,1,2015,"Opady śniegu, gradu",Zdarzenie z pasażerem,"Opady śniegu, gradu",Noc - droga oświetlona,Jezdnia,EWK-99365759C,23,2015-11-28,Lekko,21*42'116,52*31'091,62,Obszar zabudowany,,Droga krajowa,Jednojezdniowa dwukierunkowa,N,POWIAT WĘGROWSKI,ŁOCHÓW - OBSZAR MIEJSKI
1,0,0,2015,"Opady śniegu, gradu",Zdarzenie z pasażerem,"Opady śniegu, gradu",Noc - droga oświetlona,Jezdnia,EWK-99365759C,23,2015-11-28,Nieokreślone (puste pole),21*42'116,52*31'091,62,Obszar zabudowany,,Droga krajowa,Jednojezdniowa dwukierunkowa,N,POWIAT WĘGROWSKI,ŁOCHÓW - OBSZAR MIEJSKI
1,0,1,2015,"Opady śniegu, gradu",Zderzenie pojazdów boczne,"Opady śniegu, gradu","Zmrok, świt",Jezdnia,EWK-98783960J,5,2015-03-04,Lekko,20*29'191,51*31'065,48,Obszar niezabudowany,,Droga krajowa,Jednojezdniowa dwukierunkowa,N,POWIAT PRZYSUSKI,ODRZYWÓŁ - OBSZAR WIEJSKI
1,0,0,2015,"Opady śniegu, gradu",Zderzenie pojazdów boczne,"Opady śniegu, gradu","Zmrok, świt",Jezdnia,EWK-98783960J,5,2015-03-04,Nieokreślone (puste pole),20*29'191,51*31'065,48,Obszar niezabudowany,,Droga krajowa,Jednojezdniowa dwukierunkowa,N,POWIAT PRZYSUSKI,ODRZYWÓŁ - OBSZAR WIEJSKI
1,0,1,2015,"Opady śniegu, gradu",Zderzenie pojazdów boczne,"Opady śniegu, gradu",Światło dzienne,Jezdnia,EWK-98744284E,14,2015-01-29,Lekko,22*00'285,52*23'552,36138W,Obszar zabudowany,Odcinek prosty,Droga powiatowa,Jednojezdniowa dwukierunkowa,N,POWIAT WĘGROWSKI,WĘGRÓW - OBSZAR MIEJSKI
1,0,0,2015,"Opady śniegu, gradu",Zderzenie pojazdów boczne,"Opady śniegu, gradu",Światło dzienne,Jezdnia,EWK-98744284E,14,2015-01-29,Nieokreślone (puste pole),22*00'285,52*23'552,36138W,Obszar zabudowany,Odcinek prosty,Droga powiatowa,Jednojezdniowa dwukierunkowa,N,POWIAT WĘGROWSKI,WĘGRÓW - OBSZAR MIEJSKI
1,0,1,2015,"Opady śniegu, gradu",Zderzenie pojazdów boczne,"Opady śniegu, gradu",Światło dzienne,Jezdnia,EWK-98755974R,15,2015-02-08,Lekko,21*36'332,51*25'265,79,Obszar zabudowany,"Zakręt, łuk",Droga krajowa,Jednojezdniowa dwukierunkowa,N,POWIAT ZWOLEŃSKI,POLICZNA - OBSZAR WIEJSKI
1,0,0,2015,"Opady śniegu, gradu",Zderzenie pojazdów boczne,"Opady śniegu, gradu",Światło dzienne,Jezdnia,EWK-98755974R,15,2015-02-08,Nieokreślone (puste pole),21*36'332,51*25'265,79,Obszar zabudowany,"Zakręt, łuk",Droga krajowa,Jednojezdniowa dwukierunkowa,N,POWIAT ZWOLEŃSKI,POLICZNA - OBSZAR WIEJSKI
1,0,1,2015,"Opady śniegu, gradu",Zderzenie pojazdów czołowe,"Opady śniegu, gradu",Światło dzienne,Jezdnia,EWK-98746503X,9,2015-01-31,Lekko,22*00'579,52*42'172,627,Obszar niezabudowany,Odcinek prosty,Droga wojewódzka,Jednojezdniowa dwukierunkowa,N,POWIAT OSTROWSKI,MAŁKINIA GÓRNA - OBSZAR WIEJSKI
1,0,0,2015,"Opady śniegu, gradu",Zderzenie pojazdów czołowe,"Opady śniegu, gradu",Światło dzienne,Jezdnia,EWK-98746503X,9,2015-01-31,Nieokreślone (puste pole),22*00'579,52*42'172,627,Obszar niezabudowany,Odcinek prosty,Droga wojewódzka,Jednojezdniowa dwukierunkowa,N,POWIAT OSTROWSKI,MAŁKINIA GÓRNA - OBSZAR WIEJSKI
1,0,1,2015,"Opady śniegu, gradu",Zderzenie pojazdów tylne,"Opady śniegu, gradu",Noc - droga nieoświetlona,Jezdnia,EWK-98712635T,17,2015-01-04,Lekko,21*28'439,51*37'280,79,Obszar niezabudowany,Odcinek prosty,Droga krajowa,Jednojezdniowa dwukierunkowa,N,POWIAT KOZIENICKI,KOZIENICE - OBSZAR WIEJSKI
1,0,0,2015,"Opady śniegu, gradu",Zderzenie pojazdów tylne,"Opady śniegu, gradu",Noc - droga nieoświetlona,Jezdnia,EWK-98712635T,17,2015-01-04,Nieokreślone (puste pole),21*28'439,51*37'280,79,Obszar niezabudowany,Odcinek prosty,Droga krajowa,Jednojezdniowa dwukierunkowa,N,POWIAT KOZIENICKI,KOZIENICE - OBSZAR WIEJSKI
1,0,2,2015,"Opady śniegu, gradu",Zderzenie pojazdów tylne,"Opady śniegu, gradu",Światło dzienne,Jezdnia,EWK-98741302L,11,2015-01-27,Lekko,20*21'406,53*05'102,7,Obszar niezabudowany,Wzniesienie,Droga krajowa,Jednojezdniowa dwukierunkowa,N,POWIAT MŁAWSKI,WIŚNIEWO - OBSZAR WIEJSKI
1,0,0,2015,"Opady śniegu, gradu",Zderzenie pojazdów tylne,"Opady śniegu, gradu",Światło dzienne,Jezdnia,EWK-98741302L,11,2015-01-27,Nieokreślone (puste pole),20*21'406,53*05'102,7,Obszar niezabudowany,Wzniesienie,Droga krajowa,Jednojezdniowa dwukierunkowa,N,POWIAT MŁAWSKI,WIŚNIEWO - OBSZAR WIEJSKI
1,0,1,2015,"Opady śniegu, gradu",Zderzenie pojazdów tylne,"Opady śniegu, gradu",Światło dzienne,Jezdnia,EWK-98747567J,9,2015-01-31,Lekko,21*27'014,52*38'510,P4408W,Obszar zabudowany,Odcinek prosty,Droga powiatowa,Jednojezdniowa dwukierunkowa,N,POWIAT WYSZKOWSKI,WYSZKÓW - OBSZAR WIEJSKI
1,0,0,2015,"Opady śniegu, gradu",Zderzenie pojazdów tylne,"Opady śniegu, gradu",Światło dzienne,Jezdnia,EWK-98747567J,9,2015-01-31,Nieokreślone (puste pole),21*27'014,52*38'510,P4408W,Obszar zabudowany,Odcinek prosty,Droga powiatowa,Jednojezdniowa dwukierunkowa,N,POWIAT WYSZKOWSKI,WYSZKÓW - OBSZAR WIEJSKI
1,0,1,2015,"Opady śniegu, gradu",Zderzenie pojazdów tylne,"Opady śniegu, gradu",Światło dzienne,Jezdnia,EWK-98755747D,9,2015-02-09,Lekko,21*14'083,51*25'459,737,Obszar zabudowany,Odcinek prosty,Droga wojewódzka,Jednojezdniowa dwukierunkowa,N,POWIAT RADOMSKI,JEDLNIA-LETNISKO - OBSZAR WIEJSKI
1,0,0,2015,"Opady śniegu, gradu",Zderzenie pojazdów tylne,"Opady śniegu, gradu",Światło dzienne,Jezdnia,EWK-98755747D,9,2015-02-09,Nieokreślone (puste pole),21*14'083,51*25'459,737,Obszar zabudowany,Odcinek prosty,Droga wojewódzka,Jednojezdniowa dwukierunkowa,N,POWIAT RADOMSKI,JEDLNIA-LETNISKO - OBSZAR WIEJSKI
1,0,1,2015,"Opady śniegu, gradu",Zderzenie pojazdów tylne,"Opady śniegu, gradu",Światło dzienne,Jezdnia,EWK-98786048X,15,2015-03-03,Lekko,22*05'565,52*11'263,2,Obszar zabudowany,,Droga krajowa,Jednojezdniowa dwukierunkowa,N,POWIAT SIEDLECKI,KOTUŃ - OBSZAR WIEJSKI
1,0,0,2015,"Opady śniegu, gradu",Zderzenie pojazdów tylne,"Opady śniegu, gradu",Światło dzienne,Jezdnia,EWK-98786048X,15,2015-03-03,Nieokreślone (puste pole),22*05'565,52*11'263,2,Obszar zabudowany,,Droga krajowa,Jednojezdniowa dwukierunkowa,N,POWIAT SIEDLECKI,KOTUŃ - OBSZAR WIEJSKI
1,0,1,2015,"Opady śniegu, gradu",Zderzenie pojazdów tylne,"Opady śniegu, gradu",Światło dzienne,Jezdnia,EWK-99249742J,10,2015-10-17,Ciężko,20*47'396,52*43'482,P1242W,Obszar niezabudowany,Odcinek prosty,Droga powiatowa,Jednojezdniowa dwukierunkowa,T,POWIAT PUŁTUSKI,GZY - OBSZAR WIEJSKI
1,0,0,2015,"Opady śniegu, gradu",Zderzenie pojazdów tylne,"Opady śniegu, gradu",Światło dzienne,Jezdnia,EWK-99249742J,10,2015-10-17,Nieokreślone (puste pole),20*47'396,52*43'482,P1242W,Obszar niezabudowany,Odcinek prosty,Droga powiatowa,Jednojezdniowa dwukierunkowa,T,POWIAT PUŁTUSKI,GZY - OBSZAR WIEJSKI
1,1,0,2015,Oślepiające słońce,Inne,Oślepiające słońce,Światło dzienne,Jezdnia,EWK-99073126N,5,2015-08-05,Nieokreślone (puste pole),20*35'238,52*52'243,G120169W,Obszar zabudowany,,Droga gminna,Jednojezdniowa dwukierunkowa,N,POWIAT CIECHANOWSKI,CIECHANÓW - OBSZAR MIEJSKI
1,0,1,2015,Oślepiające słońce,Inne,Oślepiające słońce,Światło dzienne,"Skarpa, rów",EWK-99310223T,7,2015-11-07,Ciężko,19*46'450,52*28'186,GMINNA,Obszar zabudowany,"Zakręt, łuk",Droga gminna,Jednojezdniowa dwukierunkowa,T,POWIAT PŁOCKI,GĄBIN - OBSZAR WIEJSKI
1,0,0,2015,Oślepiające słońce,Inne,Oślepiające słońce,Światło dzienne,"Skarpa, rów",EWK-99310223T,7,2015-11-07,Nieokreślone (puste pole),19*46'450,52*28'186,GMINNA,Obszar zabudowany,"Zakręt, łuk",Droga gminna,Jednojezdniowa dwukierunkowa,T,POWIAT PŁOCKI,GĄBIN - OBSZAR WIEJSKI
1,1,0,2015,Oślepiające słońce,Najechanie na barierę ochronną,Oślepiające słońce,Światło dzienne,Pobocze,EWK-99218412E,11,2015-10-04,Nieokreślone (puste pole),22*30'571,52*24'025,62,Obszar zabudowany,"Zakręt, łuk",Droga krajowa,Jednojezdniowa dwukierunkowa,N,POWIAT SOKOŁOWSKI,REPKI - OBSZAR WIEJSKI
1,0,1,2015,Oślepiające słońce,Najechanie na pieszego,Oślepiające słońce,Światło dzienne,Jezdnia,EWK-98727968U,10,2015-01-16,Lekko,19*40'080,52*51'211,541,Obszar zabudowany,Odcinek prosty,Droga wojewódzka,Jednojezdniowa dwukierunkowa,N,POWIAT SIERPECKI,SIERPC - OBSZAR MIEJSKI
1,0,0,2015,Oślepiające słońce,Najechanie na pieszego,Oślepiające słońce,Światło dzienne,Jezdnia,EWK-98727968U,10,2015-01-16,Nieokreślone (puste pole),19*40'080,52*51'211,541,Obszar zabudowany,Odcinek prosty,Droga wojewódzka,Jednojezdniowa dwukierunkowa,N,POWIAT SIERPECKI,SIERPC - OBSZAR MIEJSKI
1,0,1,2015,Oślepiające słońce,Najechanie na pieszego,Oślepiające słońce,Światło dzienne,Jezdnia,EWK-98753463M,14,2015-02-03,Lekko,20*35'493,51*54'257,P4710W,Obszar niezabudowany,Odcinek prosty,Droga powiatowa,Jednojezdniowa dwukierunkowa,N,POWIAT ŻYRARDOWSKI,MSZCZONÓW - OBSZAR WIEJSKI
1,0,0,2015,Oślepiające słońce,Najechanie na pieszego,Oślepiające słońce,Światło dzienne,Jezdnia,EWK-98753463M,14,2015-02-03,Nieokreślone (puste pole),20*35'493,51*54'257,P4710W,Obszar niezabudowany,Odcinek prosty,Droga powiatowa,Jednojezdniowa dwukierunkowa,N,POWIAT ŻYRARDOWSKI,MSZCZONÓW - OBSZAR WIEJSKI
1,0,1,2015,Oślepiające słońce,Najechanie na pieszego,Oślepiające słońce,Światło dzienne,Jezdnia,EWK-98992375G,17,2015-06-24,Lekko,20*51'524,51*51'560,P,Obszar zabudowany,Odcinek prosty,Droga powiatowa,Jednojezdniowa dwukierunkowa,N,POWIAT GRÓJECKI,GRÓJEC - OBSZAR MIEJSKI
1,0,0,2015,Oślepiające słońce,Najechanie na pieszego,Oślepiające słońce,Światło dzienne,Jezdnia,EWK-98992375G,17,2015-06-24,Nieokreślone (puste pole),20*51'524,51*51'560,P,Obszar zabudowany,Odcinek prosty,Droga powiatowa,Jednojezdniowa dwukierunkowa,N,POWIAT GRÓJECKI,GRÓJEC - OBSZAR MIEJSKI
1,0,1,2015,Oślepiające słońce,Najechanie na pieszego,Oślepiające słońce,Światło dzienne,Jezdnia,EWK-99011628T,8,2015-07-03,Ciężko,20*36'589,52*52'268,G121139W,Obszar zabudowany,Odcinek prosty,Droga gminna,Jednojezdniowa dwukierunkowa,N,POWIAT CIECHANOWSKI,CIECHANÓW - OBSZAR MIEJSKI
1,0,0,2015,Oślepiające słońce,Najechanie na pieszego,Oślepiające słońce,Światło dzienne,Jezdnia,EWK-99011628T,8,2015-07-03,Nieokreślone (puste pole),20*36'589,52*52'268,G121139W,Obszar zabudowany,Odcinek prosty,Droga gminna,Jednojezdniowa dwukierunkowa,N,POWIAT CIECHANOWSKI,CIECHANÓW - OBSZAR MIEJSKI
1,0,1,2015,Oślepiające słońce,Najechanie na pieszego,Oślepiające słońce,Światło dzienne,Jezdnia,EWK-99097857N,9,2015-08-14,Lekko,21*10'575,52*36'437,P3432W,Obszar zabudowany,Odcinek prosty,Droga powiatowa,Jednojezdniowa dwukierunkowa,N,POWIAT PUŁTUSKI,ZATORY - OBSZAR WIEJSKI
1,0,0,2015,Oślepiające słońce,Najechanie na pieszego,Oślepiające słońce,Światło dzienne,Jezdnia,EWK-99097857N,9,2015-08-14,Nieokreślone (puste pole),21*10'575,52*36'437,P3432W,Obszar zabudowany,Odcinek prosty,Droga powiatowa,Jednojezdniowa dwukierunkowa,N,POWIAT PUŁTUSKI,ZATORY - OBSZAR WIEJSKI
1,0,1,2015,Oślepiające słońce,Najechanie na pieszego,Oślepiające słońce,Światło dzienne,Jezdnia,EWK-99120880L,13,2015-08-27,Lekko,20*53'207,53*01'265,GMINNA,Obszar zabudowany,,Droga gminna,Jednojezdniowa dwukierunkowa,N,POWIAT PRZASNYSKI,PRZASNYSZ - OBSZAR MIEJSKI
1,0,0,2015,Oślepiające słońce,Najechanie na pieszego,Oślepiające słońce,Światło dzienne,Jezdnia,EWK-99120880L,13,2015-08-27,Nieokreślone (puste pole),20*53'207,53*01'265,GMINNA,Obszar zabudowany,,Droga gminna,Jednojezdniowa dwukierunkowa,N,POWIAT PRZASNYSKI,PRZASNYSZ - OBSZAR MIEJSKI
1,0,1,2015,Oślepiające słońce,Najechanie na pieszego,Oślepiające słońce,Światło dzienne,Jezdnia,EWK-99157073L,7,2015-09-10,Lekko,21*09'216,51*23'218,G530071W,Obszar zabudowany,Odcinek prosty,Droga gminna,Jednojezdniowa dwukierunkowa,N,POWIAT RADOM,RADOM - OBSZAR MIEJSKI
1,0,0,2015,Oślepiające słońce,Najechanie na pieszego,Oślepiające słońce,Światło dzienne,Jezdnia,EWK-99157073L,7,2015-09-10,Nieokreślone (puste pole),21*09'216,51*23'218,G530071W,Obszar zabudowany,Odcinek prosty,Droga gminna,Jednojezdniowa dwukierunkowa,N,POWIAT RADOM,RADOM - OBSZAR MIEJSKI
1,0,1,2015,Oślepiające słońce,Najechanie na pieszego,Oślepiające słońce,Światło dzienne,Jezdnia,EWK-99298165H,11,2015-11-04,Lekko,21*09'417,51*24'110,P5302W,Obszar zabudowany,Odcinek prosty,Droga powiatowa,Jednojezdniowa dwukierunkowa,N,POWIAT RADOM,RADOM - OBSZAR MIEJSKI
1,0,0,2015,Oślepiające słońce,Najechanie na pieszego,Oślepiające słońce,Światło dzienne,Jezdnia,EWK-99298165H,11,2015-11-04,Nieokreślone (puste pole),21*09'417,51*24'110,P5302W,Obszar zabudowany,Odcinek prosty,Droga powiatowa,Jednojezdniowa dwukierunkowa,N,POWIAT RADOM,RADOM - OBSZAR MIEJSKI
1,0,1,2015,Oślepiające słońce,Najechanie na pieszego,Oślepiające słońce,Światło dzienne,Przejście dla pieszych,EWK-98802126K,14,2015-03-19,Lekko,19*45'346,52*32'060,62,Obszar zabudowany,,Droga krajowa,Dwie jezdnie jednokierunkowe,N,POWIAT PŁOCK,PŁOCK - OBSZAR MIEJSKI
1,0,0,2015,Oślepiające słońce,Najechanie na pieszego,Oślepiające słońce,Światło dzienne,Przejście dla pieszych,EWK-98802126K,14,2015-03-19,Nieokreślone (puste pole),19*45'346,52*32'060,62,Obszar zabudowany,,Droga krajowa,Dwie jezdnie jednokierunkowe,N,POWIAT PŁOCK,PŁOCK - OBSZAR MIEJSKI
1,0,2,2015,Oślepiające słońce,Najechanie na pieszego,Oślepiające słońce,Światło dzienne,Przejście dla pieszych,EWK-98805367J,7,2015-03-23,Lekko,21*09'193,51*23'478,P5322W,Obszar zabudowany,Odcinek prosty,Droga powiatowa,Jednojezdniowa dwukierunkowa,N,POWIAT RADOM,RADOM - OBSZAR MIEJSKI
1,0,1,2015,Oślepiające słońce,Najechanie na pieszego,Oślepiające słońce,Światło dzienne,Przejście dla pieszych,EWK-98938990X,15,2015-06-03,Ciężko,20*14'260,52*13'447,GMINNA,Obszar zabudowany,,Droga gminna,Jednojezdniowa dwukierunkowa,N,POWIAT SOCHACZEWSKI,SOCHACZEW - OBSZAR MIEJSKI
1,0,0,2015,Oślepiające słońce,Najechanie na pieszego,Oślepiające słońce,Światło dzienne,Przejście dla pieszych,EWK-98938990X,15,2015-06-03,Nieokreślone (puste pole),20*14'260,52*13'447,GMINNA,Obszar zabudowany,,Droga gminna,Jednojezdniowa dwukierunkowa,N,POWIAT SOCHACZEWSKI,SOCHACZEW - OBSZAR MIEJSKI
1,0,1,2015,Oślepiające słońce,Najechanie na pieszego,Oślepiające słońce,Światło dzienne,Przejście dla pieszych,EWK-98941498Y,12,2015-06-05,Ciężko,21*05'011,52*42'342,61,Obszar zabudowany,,Droga krajowa,Jednojezdniowa dwukierunkowa,N,POWIAT PUŁTUSKI,PUŁTUSK - OBSZAR MIEJSKI
1,0,0,2015,Oślepiające słońce,Najechanie na pieszego,Oślepiające słońce,Światło dzienne,Przejście dla pieszych,EWK-98941498Y,12,2015-06-05,Nieokreślone (puste pole),21*05'011,52*42'342,61,Obszar zabudowany,,Droga krajowa,Jednojezdniowa dwukierunkowa,N,POWIAT PUŁTUSKI,PUŁTUSK - OBSZAR MIEJSKI
1,0,1,2015,Oślepiające słońce,Najechanie na pieszego,Oślepiające słońce,Światło dzienne,Przejście dla pieszych,EWK-99280024Q,7,2015-10-28,Lekko,19*41'382,52*33'316,GMINNA,Obszar zabudowany,,Droga gminna,Jednojezdniowa dwukierunkowa,N,POWIAT PŁOCK,PŁOCK - OBSZAR MIEJSKI
1,0,0,2015,Oślepiające słońce,Najechanie na pieszego,Oślepiające słońce,Światło dzienne,Przejście dla pieszych,EWK-99280024Q,7,2015-10-28,Nieokreślone (puste pole),19*41'382,52*33'316,GMINNA,Obszar zabudowany,,Droga gminna,Jednojezdniowa dwukierunkowa,N,POWIAT PŁOCK,PŁOCK - OBSZAR MIEJSKI
1,0,1,2015,Oślepiające słońce,Najechanie na pieszego,Oślepiające słońce,Światło dzienne,"Wjazd, wyjazd z posesji, pola",EWK-103664034F,9,2015-12-24,Lekko,19*41'338,52*33'228,GMINNA,Obszar zabudowany,Odcinek prosty,Droga gminna,Jednojezdniowa dwukierunkowa,N,POWIAT PŁOCK,PŁOCK - OBSZAR MIEJSKI
1,0,0,2015,Oślepiające słońce,Najechanie na pieszego,Oślepiające słońce,Światło dzienne,"Wjazd, wyjazd z posesji, pola",EWK-103664034F,9,2015-12-24,Nieokreślone (puste pole),19*41'338,52*33'228,GMINNA,Obszar zabudowany,Odcinek prosty,Droga gminna,Jednojezdniowa dwukierunkowa,N,POWIAT PŁOCK,PŁOCK - OBSZAR MIEJSKI
1,0,3,2015,Oślepiające słońce,Najechanie na pojazd unieruchomiony,Oślepiające słońce,Światło dzienne,Jezdnia,EWK-98805091D,15,2015-03-21,Lekko,21*10'328,51*24'132,G530298W,Obszar zabudowany,,Droga gminna,Jednojezdniowa dwukierunkowa,N,POWIAT RADOM,RADOM - OBSZAR MIEJSKI
1,0,0,2015,Oślepiające słońce,Najechanie na pojazd unieruchomiony,Oślepiające słońce,Światło dzienne,Jezdnia,EWK-98805091D,15,2015-03-21,Nieokreślone (puste pole),21*10'328,51*24'132,G530298W,Obszar zabudowany,,Droga gminna,Jednojezdniowa dwukierunkowa,N,POWIAT RADOM,RADOM - OBSZAR MIEJSKI
1,0,1,2015,Oślepiające słońce,Najechanie na pojazd unieruchomiony,Oślepiające słońce,Światło dzienne,Jezdnia,EWK-98909177M,16,2015-05-15,Lekko,21*27'523,52*34'591,,Obszar zabudowany,Odcinek prosty,Nieokreślone (puste pole),Jednojezdniowa dwukierunkowa,N,POWIAT WYSZKOWSKI,WYSZKÓW - OBSZAR MIEJSKI
1,0,0,2015,Oślepiające słońce,Najechanie na pojazd unieruchomiony,Oślepiające słońce,Światło dzienne,Jezdnia,EWK-98909177M,16,2015-05-15,Nieokreślone (puste pole),21*27'523,52*34'591,,Obszar zabudowany,Odcinek prosty,Nieokreślone (puste pole),Jednojezdniowa dwukierunkowa,N,POWIAT WYSZKOWSKI,WYSZKÓW - OBSZAR MIEJSKI
1,0,1,2015,Oślepiające słońce,"Najechanie na słup, znak",Oślepiające słońce,Światło dzienne,Jezdnia,EWK-99002699Q,11,2015-06-30,Lekko,20*58'289,51*39'086,P1124W,Obszar niezabudowany,"Zakręt, łuk",Droga powiatowa,Jednojezdniowa dwukierunkowa,T,POWIAT BIAŁOBRZESKI,BIAŁOBRZEGI - OBSZAR WIEJSKI
1,0,1,2015,Oślepiające słońce,Wywrócenie się pojazdu,Oślepiające słońce,Światło dzienne,Jezdnia,EWK-99006071D,16,2015-06-30,Ciężko,21*39'578,51*50'481,17,Obszar niezabudowany,Odcinek prosty,Droga krajowa,Jednojezdniowa dwukierunkowa,N,POWIAT GARWOLIŃSKI,GÓRZNO - OBSZAR WIEJSKI
1,0,1,2015,Oślepiające słońce,Wywrócenie się pojazdu,Oślepiające słońce,Światło dzienne,Jezdnia,EWK-99006071D,16,2015-06-30,Lekko,21*39'578,51*50'481,17,Obszar niezabudowany,Odcinek prosty,Droga krajowa,Jednojezdniowa dwukierunkowa,N,POWIAT GARWOLIŃSKI,GÓRZNO - OBSZAR WIEJSKI
1,0,1,2015,Oślepiające słońce,Zderzenie pojazdów boczne,Oślepiające słońce,Światło dzienne,Jezdnia,EWK-103490368W,13,2015-12-05,Lekko,21*14'136,51*08'464,9,Obszar zabudowany,,Droga krajowa,Jednojezdniowa dwukierunkowa,N,POWIAT RADOMSKI,IŁŻA - OBSZAR MIEJSKI
1,0,0,2015,Oślepiające słońce,Zderzenie pojazdów boczne,Oślepiające słońce,Światło dzienne,Jezdnia,EWK-103490368W,13,2015-12-05,Nieokreślone (puste pole),21*14'136,51*08'464,9,Obszar zabudowany,,Droga krajowa,Jednojezdniowa dwukierunkowa,N,POWIAT RADOMSKI,IŁŻA - OBSZAR MIEJSKI
1,0,1,2015,Oślepiające słońce,Zderzenie pojazdów boczne,Oślepiające słońce,Światło dzienne,Jezdnia,EWK-103673956W,11,2015-12-29,Lekko,21*01'506,51*53'458,P,Obszar zabudowany,,Droga powiatowa,Jednojezdniowa dwukierunkowa,N,POWIAT GRÓJECKI,CHYNÓW - OBSZAR WIEJSKI
1,0,0,2015,Oślepiające słońce,Zderzenie pojazdów boczne,Oślepiające słońce,Światło dzienne,Jezdnia,EWK-103673956W,11,2015-12-29,Nieokreślone (puste pole),21*01'506,51*53'458,P,Obszar zabudowany,,Droga powiatowa,Jednojezdniowa dwukierunkowa,N,POWIAT GRÓJECKI,CHYNÓW - OBSZAR WIEJSKI
1,0,1,2015,Oślepiające słońce,Zderzenie pojazdów boczne,Oślepiające słońce,Światło dzienne,Jezdnia,EWK-98733505P,15,2015-01-21,Lekko,21*09'487,51*25'108,P5301W,Obszar zabudowany,,Droga powiatowa,Dwie jezdnie jednokierunkowe,N,POWIAT RADOM,RADOM - OBSZAR MIEJSKI
1,0,0,2015,Oślepiające słońce,Zderzenie pojazdów boczne,Oślepiające słońce,Światło dzienne,Jezdnia,EWK-98733505P,15,2015-01-21,Nieokreślone (puste pole),21*09'487,51*25'108,P5301W,Obszar zabudowany,,Droga powiatowa,Dwie jezdnie jednokierunkowe,N,POWIAT RADOM,RADOM - OBSZAR MIEJSKI