Liczba wypadków,Liczba zabitych,Liczba rannych,Rok,Warunki atmosferyczne,Rodzaj zdarzenia,Warunki atmosferyczne,Oświetlenie,Charakterystyka miejsca zdarzenia,IDKSIP zdarzenia,Godzina,Dzień,Ranny,GPS x,GPS y,Numer drogi,Obszar,Geometria drogi,Kategoria drogi 1,Rodzaj drogi,Czy w zdarzeniu był sprawca nietrzeźwy,Powiat,Gmina
1,0,2,2015,Oślepiające słońce,Zderzenie pojazdów boczne,Oślepiające słońce,Światło dzienne,Jezdnia,EWK-98749079H,10,2015-02-02,Lekko,20*16'590,53*03'294,P4640W,Obszar niezabudowany,Odcinek prosty,Droga powiatowa,Jednojezdniowa dwukierunkowa,N,POWIAT MŁAWSKI,WIŚNIEWO - OBSZAR WIEJSKI
1,0,0,2015,Oślepiające słońce,Zderzenie pojazdów boczne,Oślepiające słońce,Światło dzienne,Jezdnia,EWK-98749079H,10,2015-02-02,Nieokreślone (puste pole),20*16'590,53*03'294,P4640W,Obszar niezabudowany,Odcinek prosty,Droga powiatowa,Jednojezdniowa dwukierunkowa,N,POWIAT MŁAWSKI,WIŚNIEWO - OBSZAR WIEJSKI
1,0,1,2015,Oślepiające słońce,Zderzenie pojazdów boczne,Oślepiające słońce,Światło dzienne,Jezdnia,EWK-98799710E,11,2015-03-18,Lekko,19*41'061,52*32'507,GMINNA,Obszar zabudowany,,Droga gminna,Jednojezdniowa dwukierunkowa,N,POWIAT PŁOCK,PŁOCK - OBSZAR MIEJSKI
1,0,0,2015,Oślepiające słońce,Zderzenie pojazdów boczne,Oślepiające słońce,Światło dzienne,Jezdnia,EWK-98799710E,11,2015-03-18,Nieokreślone (puste pole),19*41'061,52*32'507,GMINNA,Obszar zabudowany,,Droga gminna,Jednojezdniowa dwukierunkowa,N,POWIAT PŁOCK,PŁOCK - OBSZAR MIEJSKI
1,0,2,2015,Oślepiające słońce,Zderzenie pojazdów boczne,Oślepiające słońce,Światło dzienne,Jezdnia,EWK-98811540E,15,2015-03-16,Lekko,21*38'229,51*52'079,GMINNA,Obszar zabudowany,Odcinek prosty,Droga gminna,Jednojezdniowa dwukierunkowa,N,POWIAT GARWOLIŃSKI,GARWOLIN - OBSZAR WIEJSKI
1,0,1,2015,Oślepiające słońce,Zderzenie pojazdów boczne,Oślepiające słońce,Światło dzienne,Jezdnia,EWK-98831348E,13,2015-04-11,Ciężko,19*59'138,52*44'024,P2911W,Obszar zabudowany,,Droga powiatowa,Jednojezdniowa dwukierunkowa,N,POWIAT PŁOCKI,DROBIN - OBSZAR MIEJSKI
1,0,0,2015,Oślepiające słońce,Zderzenie pojazdów boczne,Oślepiające słońce,Światło dzienne,Jezdnia,EWK-98831348E,13,2015-04-11,Nieokreślone (puste pole),19*59'138,52*44'024,P2911W,Obszar zabudowany,,Droga powiatowa,Jednojezdniowa dwukierunkowa,N,POWIAT PŁOCKI,DROBIN - OBSZAR MIEJSKI
1,0,1,2015,Oślepiające słońce,Zderzenie pojazdów boczne,Oślepiające słońce,Światło dzienne,Jezdnia,EWK-98939303X,16,2015-06-04,Lekko,20*28'538,51*30'469,34343W,Obszar zabudowany,,Droga powiatowa,Jednojezdniowa dwukierunkowa,N,POWIAT PRZYSUSKI,ODRZYWÓŁ - OBSZAR WIEJSKI
1,0,0,2015,Oślepiające słońce,Zderzenie pojazdów boczne,Oślepiające słońce,Światło dzienne,Jezdnia,EWK-98939303X,16,2015-06-04,Nieokreślone (puste pole),20*28'538,51*30'469,34343W,Obszar zabudowany,,Droga powiatowa,Jednojezdniowa dwukierunkowa,N,POWIAT PRZYSUSKI,ODRZYWÓŁ - OBSZAR WIEJSKI
1,0,1,2015,Oślepiające słońce,Zderzenie pojazdów boczne,Oślepiające słońce,Światło dzienne,Jezdnia,EWK-99113681C,16,2015-08-20,Ciężko,22*17'249,52*34'592,63,Obszar zabudowany,,Droga krajowa,Jednojezdniowa dwukierunkowa,N,POWIAT SOKOŁOWSKI,STERDYŃ - OBSZAR WIEJSKI
1,0,0,2015,Oślepiające słońce,Zderzenie pojazdów boczne,Oślepiające słońce,Światło dzienne,Jezdnia,EWK-99113681C,16,2015-08-20,Nieokreślone (puste pole),22*17'249,52*34'592,63,Obszar zabudowany,,Droga krajowa,Jednojezdniowa dwukierunkowa,N,POWIAT SOKOŁOWSKI,STERDYŃ - OBSZAR WIEJSKI
1,0,4,2015,Oślepiające słońce,Zderzenie pojazdów boczne,Oślepiające słońce,Światło dzienne,Jezdnia,EWK-99127752N,14,2015-08-30,Lekko,20*51'511,51*32'280,P1114W,Obszar niezabudowany,,Droga powiatowa,Jednojezdniowa dwukierunkowa,N,POWIAT BIAŁOBRZESKI,RADZANÓW - OBSZAR WIEJSKI
1,0,1,2015,Oślepiające słońce,Zderzenie pojazdów boczne,Oślepiające słońce,Światło dzienne,Jezdnia,EWK-99138320U,15,2015-09-03,Lekko,21*23'011,51*24'381,P3524W,Obszar zabudowany,Odcinek prosty,Droga powiatowa,Jednojezdniowa dwukierunkowa,N,POWIAT RADOMSKI,JEDLNIA-LETNISKO - OBSZAR WIEJSKI
1,0,0,2015,Oślepiające słońce,Zderzenie pojazdów boczne,Oślepiające słońce,Światło dzienne,Jezdnia,EWK-99138320U,15,2015-09-03,Nieokreślone (puste pole),21*23'011,51*24'381,P3524W,Obszar zabudowany,Odcinek prosty,Droga powiatowa,Jednojezdniowa dwukierunkowa,N,POWIAT RADOMSKI,JEDLNIA-LETNISKO - OBSZAR WIEJSKI
1,0,1,2015,Oślepiające słońce,Zderzenie pojazdów boczne,Oślepiające słońce,Światło dzienne,Jezdnia,EWK-99218422C,9,2015-10-03,Ciężko,21*32'157,51*35'478,G170851W,Obszar zabudowany,Odcinek prosty,Droga gminna,Jednojezdniowa dwukierunkowa,N,POWIAT KOZIENICKI,KOZIENICE - OBSZAR MIEJSKI
1,0,0,2015,Oślepiające słońce,Zderzenie pojazdów boczne,Oślepiające słońce,Światło dzienne,Jezdnia,EWK-99218422C,9,2015-10-03,Nieokreślone (puste pole),21*32'157,51*35'478,G170851W,Obszar zabudowany,Odcinek prosty,Droga gminna,Jednojezdniowa dwukierunkowa,N,POWIAT KOZIENICKI,KOZIENICE - OBSZAR MIEJSKI
1,0,1,2015,Oślepiające słońce,Zderzenie pojazdów boczne,Oślepiające słońce,Światło dzienne,Jezdnia,EWK-99218843W,10,2015-10-01,Ciężko,19*42'065,52*32'296,P,Obszar zabudowany,,Droga powiatowa,Jednokierunkowa,N,POWIAT PŁOCK,PŁOCK - OBSZAR MIEJSKI
1,0,0,2015,Oślepiające słońce,Zderzenie pojazdów boczne,Oślepiające słońce,Światło dzienne,Jezdnia,EWK-99218843W,10,2015-10-01,Nieokreślone (puste pole),19*42'065,52*32'296,P,Obszar zabudowany,,Droga powiatowa,Jednokierunkowa,N,POWIAT PŁOCK,PŁOCK - OBSZAR MIEJSKI
1,0,1,2015,Oślepiające słońce,Zderzenie pojazdów boczne,Oślepiające słońce,Światło dzienne,Jezdnia,EWK-99279067G,15,2015-10-27,Lekko,19*53'475,53*04'150,GMINNA,Obszar zabudowany,Odcinek prosty,Droga gminna,Jednojezdniowa dwukierunkowa,N,POWIAT ŻUROMIŃSKI,ŻUROMIN - OBSZAR MIEJSKI
1,0,0,2015,Oślepiające słońce,Zderzenie pojazdów boczne,Oślepiające słońce,Światło dzienne,Jezdnia,EWK-99279067G,15,2015-10-27,Nieokreślone (puste pole),19*53'475,53*04'150,GMINNA,Obszar zabudowany,Odcinek prosty,Droga gminna,Jednojezdniowa dwukierunkowa,N,POWIAT ŻUROMIŃSKI,ŻUROMIN - OBSZAR MIEJSKI
1,0,1,2015,Oślepiające słońce,Zderzenie pojazdów boczne,Oślepiające słońce,Światło dzienne,Pobocze,EWK-98850929E,7,2015-04-24,Ciężko,22*17'126,52*39'409,63,Obszar niezabudowany,Odcinek prosty,Droga krajowa,Jednojezdniowa dwukierunkowa,N,POWIAT SOKOŁOWSKI,CERANÓW - OBSZAR WIEJSKI
1,1,0,2015,Oślepiające słońce,Zderzenie pojazdów boczne,Oślepiające słońce,Światło dzienne,Pobocze,EWK-98850929E,7,2015-04-24,Nieokreślone (puste pole),22*17'126,52*39'409,63,Obszar niezabudowany,Odcinek prosty,Droga krajowa,Jednojezdniowa dwukierunkowa,N,POWIAT SOKOŁOWSKI,CERANÓW - OBSZAR WIEJSKI
1,0,1,2015,Oślepiające słońce,Zderzenie pojazdów boczne,Oślepiające słońce,Światło dzienne,"Wjazd, wyjazd z posesji, pola",EWK-99084000X,17,2015-08-07,Ciężko,20*54'513,52*51'150,P2101W,Obszar zabudowany,Odcinek prosty,Droga powiatowa,Jednojezdniowa dwukierunkowa,N,POWIAT MAKOWSKI,KARNIEWO - OBSZAR WIEJSKI
1,0,0,2015,Oślepiające słońce,Zderzenie pojazdów boczne,Oślepiające słońce,Światło dzienne,"Wjazd, wyjazd z posesji, pola",EWK-99084000X,17,2015-08-07,Nieokreślone (puste pole),20*54'513,52*51'150,P2101W,Obszar zabudowany,Odcinek prosty,Droga powiatowa,Jednojezdniowa dwukierunkowa,N,POWIAT MAKOWSKI,KARNIEWO - OBSZAR WIEJSKI
1,0,1,2015,Oślepiające słońce,Zderzenie pojazdów czołowe,Oślepiające słońce,Światło dzienne,Jezdnia,EWK-103537815X,14,2015-12-10,Ciężko,20*23'279,52*01'105,719,Obszar niezabudowany,Odcinek prosty,Droga wojewódzka,Jednojezdniowa dwukierunkowa,N,POWIAT ŻYRARDOWSKI,PUSZCZA MARIAŃSKA - OBSZAR WIEJSKI
1,0,0,2015,Oślepiające słońce,Zderzenie pojazdów czołowe,Oślepiające słońce,Światło dzienne,Jezdnia,EWK-103537815X,14,2015-12-10,Nieokreślone (puste pole),20*23'279,52*01'105,719,Obszar niezabudowany,Odcinek prosty,Droga wojewódzka,Jednojezdniowa dwukierunkowa,N,POWIAT ŻYRARDOWSKI,PUSZCZA MARIAŃSKA - OBSZAR WIEJSKI
1,0,1,2015,Oślepiające słońce,Zderzenie pojazdów czołowe,Oślepiające słońce,Światło dzienne,Jezdnia,EWK-103599949K,9,2015-12-21,Lekko,22*53'197,52*18'568,19,Obszar zabudowany,,Droga krajowa,Jednojezdniowa dwukierunkowa,N,POWIAT ŁOSICKI,SARNAKI - OBSZAR WIEJSKI
1,0,0,2015,Oślepiające słońce,Zderzenie pojazdów czołowe,Oślepiające słońce,Światło dzienne,Jezdnia,EWK-103599949K,9,2015-12-21,Nieokreślone (puste pole),22*53'197,52*18'568,19,Obszar zabudowany,,Droga krajowa,Jednojezdniowa dwukierunkowa,N,POWIAT ŁOSICKI,SARNAKI - OBSZAR WIEJSKI
1,0,2,2015,Oślepiające słońce,Zderzenie pojazdów czołowe,Oślepiające słońce,Światło dzienne,Jezdnia,EWK-98712718X,8,2015-01-05,Lekko,19*34'361,52*56'055,P,Obszar zabudowany,"Zakręt, łuk",Droga powiatowa,Jednojezdniowa dwukierunkowa,N,POWIAT SIERPECKI,SZCZUTOWO - OBSZAR WIEJSKI
1,0,0,2015,Oślepiające słońce,Zderzenie pojazdów czołowe,Oślepiające słońce,Światło dzienne,Jezdnia,EWK-98712718X,8,2015-01-05,Nieokreślone (puste pole),19*34'361,52*56'055,P,Obszar zabudowany,"Zakręt, łuk",Droga powiatowa,Jednojezdniowa dwukierunkowa,N,POWIAT SIERPECKI,SZCZUTOWO - OBSZAR WIEJSKI
1,0,1,2015,Oślepiające słońce,Zderzenie pojazdów czołowe,Oślepiające słońce,Światło dzienne,Jezdnia,EWK-98850111K,15,2015-04-23,Lekko,19*41'408,52*33'082,P,Obszar zabudowany,,Droga powiatowa,Dwie jezdnie jednokierunkowe,N,POWIAT PŁOCK,PŁOCK - OBSZAR MIEJSKI
1,0,0,2015,Oślepiające słońce,Zderzenie pojazdów czołowe,Oślepiające słońce,Światło dzienne,Jezdnia,EWK-98850111K,15,2015-04-23,Nieokreślone (puste pole),19*41'408,52*33'082,P,Obszar zabudowany,,Droga powiatowa,Dwie jezdnie jednokierunkowe,N,POWIAT PŁOCK,PŁOCK - OBSZAR MIEJSKI
1,0,1,2015,Oślepiające słońce,Zderzenie pojazdów czołowe,Oślepiające słońce,Światło dzienne,Jezdnia,EWK-98956257G,19,2015-06-11,Lekko,21*13'287,51*18'433,P3540W,Obszar niezabudowany,"Zakręt, łuk",Droga powiatowa,Jednojezdniowa dwukierunkowa,N,POWIAT RADOMSKI,SKARYSZEW - OBSZAR MIEJSKI
1,0,0,2015,Oślepiające słońce,Zderzenie pojazdów czołowe,Oślepiające słońce,Światło dzienne,Jezdnia,EWK-98956257G,19,2015-06-11,Nieokreślone (puste pole),21*13'287,51*18'433,P3540W,Obszar niezabudowany,"Zakręt, łuk",Droga powiatowa,Jednojezdniowa dwukierunkowa,N,POWIAT RADOMSKI,SKARYSZEW - OBSZAR MIEJSKI
1,0,1,2015,Oślepiające słońce,Zderzenie pojazdów czołowe,Oślepiające słońce,Światło dzienne,Jezdnia,EWK-99040843F,12,2015-07-18,Lekko,21*00'481,51*26'112,740,Obszar zabudowany,Odcinek prosty,Droga wojewódzka,Jednojezdniowa dwukierunkowa,N,POWIAT RADOMSKI,ZAKRZEW - OBSZAR WIEJSKI
1,0,0,2015,Oślepiające słońce,Zderzenie pojazdów czołowe,Oślepiające słońce,Światło dzienne,Jezdnia,EWK-99040843F,12,2015-07-18,Nieokreślone (puste pole),21*00'481,51*26'112,740,Obszar zabudowany,Odcinek prosty,Droga wojewódzka,Jednojezdniowa dwukierunkowa,N,POWIAT RADOMSKI,ZAKRZEW - OBSZAR WIEJSKI
1,0,2,2015,Oślepiające słońce,Zderzenie pojazdów czołowe,Oślepiające słońce,Światło dzienne,Jezdnia,EWK-99043035D,7,2015-07-21,Ciężko,20*35'326,51*48'143,725,Obszar niezabudowany,Odcinek prosty,Droga wojewódzka,Jednojezdniowa dwukierunkowa,N,POWIAT GRÓJECKI,BŁĘDÓW - OBSZAR WIEJSKI
1,0,2,2015,Oślepiające słońce,Zderzenie pojazdów czołowe,Oślepiające słońce,Światło dzienne,Jezdnia,EWK-99074007R,15,2015-08-04,Lekko,20*40'140,51*45'024,GMINNA,Obszar niezabudowany,Odcinek prosty,Droga gminna,Jednojezdniowa dwukierunkowa,N,POWIAT GRÓJECKI,BŁĘDÓW - OBSZAR WIEJSKI
1,0,1,2015,Oślepiające słońce,Zderzenie pojazdów czołowe,Oślepiające słońce,Światło dzienne,Jezdnia,EWK-99101426N,15,2015-08-18,Lekko,21*13'382,51*29'204,34419W,Obszar zabudowany,Odcinek prosty,Droga powiatowa,Jednojezdniowa dwukierunkowa,N,POWIAT RADOMSKI,JASTRZĘBIA - OBSZAR WIEJSKI
1,0,0,2015,Oślepiające słońce,Zderzenie pojazdów czołowe,Oślepiające słońce,Światło dzienne,Jezdnia,EWK-99101426N,15,2015-08-18,Nieokreślone (puste pole),21*13'382,51*29'204,34419W,Obszar zabudowany,Odcinek prosty,Droga powiatowa,Jednojezdniowa dwukierunkowa,N,POWIAT RADOMSKI,JASTRZĘBIA - OBSZAR WIEJSKI
1,0,1,2015,Oślepiające słońce,Zderzenie pojazdów czołowe,Oślepiające słońce,Światło dzienne,Jezdnia,EWK-99102001E,18,2015-08-18,Lekko,20*58'267,51*46'421,GMINNA,Obszar zabudowany,Odcinek prosty,Droga gminna,Jednojezdniowa dwukierunkowa,N,POWIAT GRÓJECKI,JASIENIEC - OBSZAR WIEJSKI
1,0,0,2015,Oślepiające słońce,Zderzenie pojazdów czołowe,Oślepiające słońce,Światło dzienne,Jezdnia,EWK-99102001E,18,2015-08-18,Nieokreślone (puste pole),20*58'267,51*46'421,GMINNA,Obszar zabudowany,Odcinek prosty,Droga gminna,Jednojezdniowa dwukierunkowa,N,POWIAT GRÓJECKI,JASIENIEC - OBSZAR WIEJSKI
1,0,1,2015,Oślepiające słońce,Zderzenie pojazdów czołowe,Oślepiające słońce,Światło dzienne,Jezdnia,EWK-99120461T,6,2015-08-27,Lekko,22*01'377,52*23'447,P4263W,Obszar zabudowany,,Droga powiatowa,Jednojezdniowa dwukierunkowa,N,POWIAT WĘGROWSKI,WĘGRÓW - OBSZAR MIEJSKI
1,0,0,2015,Oślepiające słońce,Zderzenie pojazdów czołowe,Oślepiające słońce,Światło dzienne,Jezdnia,EWK-99120461T,6,2015-08-27,Nieokreślone (puste pole),22*01'377,52*23'447,P4263W,Obszar zabudowany,,Droga powiatowa,Jednojezdniowa dwukierunkowa,N,POWIAT WĘGROWSKI,WĘGRÓW - OBSZAR MIEJSKI
1,0,1,2015,Oślepiające słońce,Zderzenie pojazdów czołowe,Oślepiające słońce,Światło dzienne,Jezdnia,EWK-99205790X,6,2015-09-29,Lekko,21*42'327,51*25'448,P4505W,Obszar zabudowany,,Droga powiatowa,Jednojezdniowa dwukierunkowa,N,POWIAT ZWOLEŃSKI,POLICZNA - OBSZAR WIEJSKI
1,0,0,2015,Oślepiające słońce,Zderzenie pojazdów czołowe,Oślepiające słońce,Światło dzienne,Jezdnia,EWK-99205790X,6,2015-09-29,Nieokreślone (puste pole),21*42'327,51*25'448,P4505W,Obszar zabudowany,,Droga powiatowa,Jednojezdniowa dwukierunkowa,N,POWIAT ZWOLEŃSKI,POLICZNA - OBSZAR WIEJSKI
1,0,1,2015,Oślepiające słońce,Zderzenie pojazdów tylne,Oślepiające słońce,Światło dzienne,Jezdnia,EWK-98750665N,12,2015-02-03,Lekko,21*10'095,51*23'452,G530098W,Obszar zabudowany,"Zakręt, łuk",Droga gminna,Jednojezdniowa dwukierunkowa,N,POWIAT RADOM,RADOM - OBSZAR MIEJSKI
1,0,0,2015,Oślepiające słońce,Zderzenie pojazdów tylne,Oślepiające słońce,Światło dzienne,Jezdnia,EWK-98750665N,12,2015-02-03,Nieokreślone (puste pole),21*10'095,51*23'452,G530098W,Obszar zabudowany,"Zakręt, łuk",Droga gminna,Jednojezdniowa dwukierunkowa,N,POWIAT RADOM,RADOM - OBSZAR MIEJSKI
1,0,1,2015,Oślepiające słońce,Zderzenie pojazdów tylne,Oślepiające słońce,Światło dzienne,Jezdnia,EWK-98805356W,9,2015-03-23,Lekko,21*07'361,51*22'255,G530174W,Obszar zabudowany,Odcinek prosty,Droga gminna,Dwie jezdnie jednokierunkowe,N,POWIAT RADOM,RADOM - OBSZAR MIEJSKI
1,0,0,2015,Oślepiające słońce,Zderzenie pojazdów tylne,Oślepiające słońce,Światło dzienne,Jezdnia,EWK-98805356W,9,2015-03-23,Nieokreślone (puste pole),21*07'361,51*22'255,G530174W,Obszar zabudowany,Odcinek prosty,Droga gminna,Dwie jezdnie jednokierunkowe,N,POWIAT RADOM,RADOM - OBSZAR MIEJSKI
1,0,1,2015,Oślepiające słońce,Zderzenie pojazdów tylne,Oślepiające słońce,Światło dzienne,Jezdnia,EWK-98827872F,18,2015-04-10,Lekko,19*45'577,52*32'011,62,Obszar zabudowany,Odcinek prosty,Droga krajowa,Jednojezdniowa dwukierunkowa,N,POWIAT PŁOCK,PŁOCK - OBSZAR MIEJSKI
1,0,0,2015,Oślepiające słońce,Zderzenie pojazdów tylne,Oślepiające słońce,Światło dzienne,Jezdnia,EWK-98827872F,18,2015-04-10,Nieokreślone (puste pole),19*45'577,52*32'011,62,Obszar zabudowany,Odcinek prosty,Droga krajowa,Jednojezdniowa dwukierunkowa,N,POWIAT PŁOCK,PŁOCK - OBSZAR MIEJSKI
1,0,1,2015,Oślepiające słońce,Zderzenie pojazdów tylne,Oślepiające słońce,Światło dzienne,Jezdnia,EWK-98847213U,10,2015-04-21,Lekko,19*42'500,52*32'392,60,Obszar zabudowany,,Droga krajowa,Dwie jezdnie jednokierunkowe,N,POWIAT PŁOCK,PŁOCK - OBSZAR MIEJSKI
1,0,0,2015,Oślepiające słońce,Zderzenie pojazdów tylne,Oślepiające słońce,Światło dzienne,Jezdnia,EWK-98847213U,10,2015-04-21,Nieokreślone (puste pole),19*42'500,52*32'392,60,Obszar zabudowany,,Droga krajowa,Dwie jezdnie jednokierunkowe,N,POWIAT PŁOCK,PŁOCK - OBSZAR MIEJSKI
1,0,1,2015,Oślepiające słońce,Zderzenie pojazdów tylne,Oślepiające słońce,Światło dzienne,Jezdnia,EWK-98861505Y,10,2015-04-28,Lekko,21*36'010,51*17'279,79,Obszar niezabudowany,,Droga krajowa,Jednojezdniowa dwukierunkowa,N,POWIAT ZWOLEŃSKI,ZWOLEŃ - OBSZAR WIEJSKI
1,0,0,2015,Oślepiające słońce,Zderzenie pojazdów tylne,Oślepiające słońce,Światło dzienne,Jezdnia,EWK-98861505Y,10,2015-04-28,Nieokreślone (puste pole),21*36'010,51*17'279,79,Obszar niezabudowany,,Droga krajowa,Jednojezdniowa dwukierunkowa,N,POWIAT ZWOLEŃSKI,ZWOLEŃ - OBSZAR WIEJSKI
1,0,1,2015,Oślepiające słońce,Zderzenie pojazdów tylne,Oślepiające słońce,Światło dzienne,Jezdnia,EWK-99039997X,8,2015-07-19,Lekko,19*42'186,52*32'491,60,Obszar zabudowany,Odcinek prosty,Droga krajowa,Dwie jezdnie jednokierunkowe,N,POWIAT PŁOCK,PŁOCK - OBSZAR MIEJSKI
1,0,0,2015,Oślepiające słońce,Zderzenie pojazdów tylne,Oślepiające słońce,Światło dzienne,Jezdnia,EWK-99039997X,8,2015-07-19,Nieokreślone (puste pole),19*42'186,52*32'491,60,Obszar zabudowany,Odcinek prosty,Droga krajowa,Dwie jezdnie jednokierunkowe,N,POWIAT PŁOCK,PŁOCK - OBSZAR MIEJSKI
1,0,2,2015,Oślepiające słońce,Zderzenie pojazdów tylne,Oślepiające słońce,Światło dzienne,Jezdnia,EWK-99074068E,15,2015-08-05,Lekko,19*41'142,52*32'480,P,Obszar zabudowany,,Droga powiatowa,Jednokierunkowa,N,POWIAT PŁOCK,PŁOCK - OBSZAR MIEJSKI
1,0,0,2015,Oślepiające słońce,Zderzenie pojazdów tylne,Oślepiające słońce,Światło dzienne,Jezdnia,EWK-99074068E,15,2015-08-05,Nieokreślone (puste pole),19*41'142,52*32'480,P,Obszar zabudowany,,Droga powiatowa,Jednokierunkowa,N,POWIAT PŁOCK,PŁOCK - OBSZAR MIEJSKI
1,0,1,2015,Oślepiające słońce,Zderzenie pojazdów tylne,Oślepiające słońce,Światło dzienne,Jezdnia,EWK-99100524X,12,2015-08-15,Lekko,19*28'472,52*34'565,62,Obszar zabudowany,,Droga krajowa,Jednojezdniowa dwukierunkowa,N,POWIAT PŁOCKI,NOWY DUNINÓW - OBSZAR WIEJSKI
1,0,0,2015,Oślepiające słońce,Zderzenie pojazdów tylne,Oślepiające słońce,Światło dzienne,Jezdnia,EWK-99100524X,12,2015-08-15,Nieokreślone (puste pole),19*28'472,52*34'565,62,Obszar zabudowany,,Droga krajowa,Jednojezdniowa dwukierunkowa,N,POWIAT PŁOCKI,NOWY DUNINÓW - OBSZAR WIEJSKI
1,0,1,2015,Oślepiające słońce,Zderzenie pojazdów tylne,Oślepiające słońce,Światło dzienne,Jezdnia,EWK-99114387T,18,2015-08-14,Lekko,21*28'539,53*09'136,53,Obszar niezabudowany,Odcinek prosty,Droga krajowa,Jednojezdniowa dwukierunkowa,N,POWIAT OSTROŁĘCKI,LELIS - OBSZAR WIEJSKI
1,0,0,2015,Oślepiające słońce,Zderzenie pojazdów tylne,Oślepiające słońce,Światło dzienne,Jezdnia,EWK-99114387T,18,2015-08-14,Nieokreślone (puste pole),21*28'539,53*09'136,53,Obszar niezabudowany,Odcinek prosty,Droga krajowa,Jednojezdniowa dwukierunkowa,N,POWIAT OSTROŁĘCKI,LELIS - OBSZAR WIEJSKI
1,0,1,2015,Oślepiające słońce,Zderzenie pojazdów tylne,Oślepiające słońce,Światło dzienne,Jezdnia,EWK-99217889L,16,2015-10-03,Lekko,22*25'527,52*22'057,P3931W,Obszar zabudowany,"Zakręt, łuk",Droga powiatowa,Jednojezdniowa dwukierunkowa,N,POWIAT SOKOŁOWSKI,REPKI - OBSZAR WIEJSKI
1,0,0,2015,Oślepiające słońce,Zderzenie pojazdów tylne,Oślepiające słońce,Światło dzienne,Jezdnia,EWK-99217889L,16,2015-10-03,Nieokreślone (puste pole),22*25'527,52*22'057,P3931W,Obszar zabudowany,"Zakręt, łuk",Droga powiatowa,Jednojezdniowa dwukierunkowa,N,POWIAT SOKOŁOWSKI,REPKI - OBSZAR WIEJSKI
1,0,1,2015,Oślepiające słońce,Zderzenie pojazdów tylne,Oślepiające słońce,Światło dzienne,Jezdnia,EWK-99243733U,10,2015-10-14,Ciężko,22*16'157,52*10'365,W628,Obszar zabudowany,Odcinek prosty,Droga wojewódzka,Jednojezdniowa dwukierunkowa,N,POWIAT SIEDLCE,SIEDLCE - OBSZAR MIEJSKI
1,0,0,2015,Oślepiające słońce,Zderzenie pojazdów tylne,Oślepiające słońce,Światło dzienne,Jezdnia,EWK-99243733U,10,2015-10-14,Nieokreślone (puste pole),22*16'157,52*10'365,W628,Obszar zabudowany,Odcinek prosty,Droga wojewódzka,Jednojezdniowa dwukierunkowa,N,POWIAT SIEDLCE,SIEDLCE - OBSZAR MIEJSKI
1,0,1,2015,Oślepiające słońce,Zderzenie pojazdów tylne,Oślepiające słońce,Światło dzienne,Jezdnia,EWK-99281973H,15,2015-10-28,Ciężko,22*13'367,52*07'338,3750E,Obszar niezabudowany,Wzniesienie,Droga powiatowa,Jednojezdniowa dwukierunkowa,T,POWIAT SIEDLECKI,SIEDLCE - OBSZAR WIEJSKI
1,0,0,2015,Oślepiające słońce,Zderzenie pojazdów tylne,Oślepiające słońce,Światło dzienne,Jezdnia,EWK-99281973H,15,2015-10-28,Nieokreślone (puste pole),22*13'367,52*07'338,3750E,Obszar niezabudowany,Wzniesienie,Droga powiatowa,Jednojezdniowa dwukierunkowa,T,POWIAT SIEDLECKI,SIEDLCE - OBSZAR WIEJSKI
1,0,2,2015,Oślepiające słońce,Zderzenie pojazdów tylne,Oślepiające słońce,Światło dzienne,Jezdnia,EWK-99343838Q,14,2015-11-19,Lekko,21*07'037,51*23'450,12,Obszar zabudowany,Odcinek prosty,Droga krajowa,Dwie jezdnie jednokierunkowe,N,POWIAT RADOM,RADOM - OBSZAR MIEJSKI
1,0,0,2015,Oślepiające słońce,Zderzenie pojazdów tylne,Oślepiające słońce,Światło dzienne,Jezdnia,EWK-99343838Q,14,2015-11-19,Nieokreślone (puste pole),21*07'037,51*23'450,12,Obszar zabudowany,Odcinek prosty,Droga krajowa,Dwie jezdnie jednokierunkowe,N,POWIAT RADOM,RADOM - OBSZAR MIEJSKI
1,0,2,2015,Oślepiające słońce,Zderzenie pojazdów tylne,Oślepiające słońce,Światło dzienne,"Wjazd, wyjazd z posesji, pola",EWK-99279101C,8,2015-10-28,Lekko,19*43'149,52*35'288,5205W,Obszar niezabudowany,Odcinek prosty,Droga powiatowa,Jednojezdniowa dwukierunkowa,N,POWIAT PŁOCKI,STARA BIAŁA - OBSZAR WIEJSKI
1,0,0,2015,Oślepiające słońce,Zderzenie pojazdów tylne,Oślepiające słońce,Światło dzienne,"Wjazd, wyjazd z posesji, pola",EWK-99279101C,8,2015-10-28,Nieokreślone (puste pole),19*43'149,52*35'288,5205W,Obszar niezabudowany,Odcinek prosty,Droga powiatowa,Jednojezdniowa dwukierunkowa,N,POWIAT PŁOCKI,STARA BIAŁA - OBSZAR WIEJSKI
1,0,1,2015,Pochmurno,Inne,Pochmurno,Noc - droga nieoświetlona,Jezdnia,EWK-98964486M,23,2015-06-12,Ciężko,20*59'524,52*42'131,P3403W,Obszar zabudowany,"Zakręt, łuk",Droga powiatowa,Jednojezdniowa dwukierunkowa,N,POWIAT PUŁTUSKI,PUŁTUSK - OBSZAR WIEJSKI
1,0,1,2015,Pochmurno,Inne,Pochmurno,Noc - droga nieoświetlona,Jezdnia,EWK-99335179A,6,2015-11-16,Lekko,20*32'369,51*58'233,1527W,Obszar zabudowany,Odcinek prosty,Droga powiatowa,Jednojezdniowa dwukierunkowa,N,POWIAT ŻYRARDOWSKI,MSZCZONÓW - OBSZAR MIEJSKI