Liczba wypadków,Liczba zabitych,Liczba rannych,Rok,Warunki atmosferyczne,Rodzaj zdarzenia,Warunki atmosferyczne,Oświetlenie,Charakterystyka miejsca zdarzenia,IDKSIP zdarzenia,Godzina,Dzień,Ranny,GPS x,GPS y,Numer drogi,Obszar,Geometria drogi,Kategoria drogi 1,Rodzaj drogi,Czy w zdarzeniu był sprawca nietrzeźwy,Powiat,Gmina
1,0,0,2015,Pochmurno,Inne,Pochmurno,Noc - droga nieoświetlona,Jezdnia,EWK-99335179A,6,2015-11-16,Nieokreślone (puste pole),20*32'369,51*58'233,1527W,Obszar zabudowany,Odcinek prosty,Droga powiatowa,Jednojezdniowa dwukierunkowa,N,POWIAT ŻYRARDOWSKI,MSZCZONÓW - OBSZAR MIEJSKI
1,0,1,2015,Pochmurno,Inne,Pochmurno,Noc - droga oświetlona,Jezdnia,EWK-99253963Q,0,2015-10-17,Lekko,20*50'507,51*29'539,GMINNA,Obszar zabudowany,Odcinek prosty,Droga gminna,Jednojezdniowa dwukierunkowa,N,POWIAT RADOMSKI,PRZYTYK - OBSZAR WIEJSKI
1,0,1,2015,Pochmurno,Inne,Pochmurno,"Zmrok, świt","Skarpa, rów",EWK-98779476D,18,2015-02-28,Ciężko,21*07'429,52*58'403,P2111W,Obszar niezabudowany,,Droga powiatowa,Jednojezdniowa dwukierunkowa,T,POWIAT MAKOWSKI,PŁONIAWY-BRAMURA - OBSZAR WIEJSKI
1,0,2,2015,Pochmurno,Inne,Pochmurno,"Zmrok, świt","Skarpa, rów",EWK-98779476D,18,2015-02-28,Lekko,21*07'429,52*58'403,P2111W,Obszar niezabudowany,,Droga powiatowa,Jednojezdniowa dwukierunkowa,T,POWIAT MAKOWSKI,PŁONIAWY-BRAMURA - OBSZAR WIEJSKI
1,0,0,2015,Pochmurno,Inne,Pochmurno,"Zmrok, świt","Skarpa, rów",EWK-98779476D,18,2015-02-28,Nieokreślone (puste pole),21*07'429,52*58'403,P2111W,Obszar niezabudowany,,Droga powiatowa,Jednojezdniowa dwukierunkowa,T,POWIAT MAKOWSKI,PŁONIAWY-BRAMURA - OBSZAR WIEJSKI
1,1,0,2015,Pochmurno,Inne,Pochmurno,Światło dzienne,Jezdnia,EWK-103493117W,13,2015-12-09,Nieokreślone (puste pole),19*32'242,52*33'508,62,Obszar zabudowany,Odcinek prosty,Droga krajowa,Jednojezdniowa dwukierunkowa,N,POWIAT PŁOCKI,NOWY DUNINÓW - OBSZAR WIEJSKI
1,0,1,2015,Pochmurno,Inne,Pochmurno,Światło dzienne,Jezdnia,EWK-98734622F,13,2015-01-21,Ciężko,20*26'381,52*37'353,W632,Obszar niezabudowany,Odcinek prosty,Droga wojewódzka,Jednojezdniowa dwukierunkowa,N,POWIAT PŁOŃSKI,PŁOŃSK - OBSZAR WIEJSKI
1,0,0,2015,Pochmurno,Inne,Pochmurno,Światło dzienne,Jezdnia,EWK-98734622F,13,2015-01-21,Nieokreślone (puste pole),20*26'381,52*37'353,W632,Obszar niezabudowany,Odcinek prosty,Droga wojewódzka,Jednojezdniowa dwukierunkowa,N,POWIAT PŁOŃSKI,PŁOŃSK - OBSZAR WIEJSKI
1,0,1,2015,Pochmurno,Inne,Pochmurno,Światło dzienne,Jezdnia,EWK-98762819T,16,2015-02-15,Lekko,22*05'320,52*15'030,P3370D,Obszar zabudowany,,Droga powiatowa,Jednojezdniowa dwukierunkowa,T,POWIAT SIEDLECKI,MOKOBODY - OBSZAR WIEJSKI
1,0,0,2015,Pochmurno,Inne,Pochmurno,Światło dzienne,Jezdnia,EWK-98762819T,16,2015-02-15,Nieokreślone (puste pole),22*05'320,52*15'030,P3370D,Obszar zabudowany,,Droga powiatowa,Jednojezdniowa dwukierunkowa,T,POWIAT SIEDLECKI,MOKOBODY - OBSZAR WIEJSKI
1,0,1,2015,Pochmurno,Inne,Pochmurno,Światło dzienne,Jezdnia,EWK-99216807G,6,2015-09-29,Lekko,21*54'175,52*59'098,677,Obszar niezabudowany,,Droga wojewódzka,Jednojezdniowa dwukierunkowa,N,POWIAT OSTROŁĘCKI,CZERWIN - OBSZAR WIEJSKI
1,0,0,2015,Pochmurno,Inne,Pochmurno,Światło dzienne,Jezdnia,EWK-99216807G,6,2015-09-29,Nieokreślone (puste pole),21*54'175,52*59'098,677,Obszar niezabudowany,,Droga wojewódzka,Jednojezdniowa dwukierunkowa,N,POWIAT OSTROŁĘCKI,CZERWIN - OBSZAR WIEJSKI
1,0,1,2015,Pochmurno,Inne,Pochmurno,Światło dzienne,"Skarpa, rów",EWK-99313026M,7,2015-11-06,Lekko,19*44'545,52*24'096,P2983W,Obszar zabudowany,Odcinek prosty,Droga powiatowa,Jednojezdniowa dwukierunkowa,N,POWIAT PŁOCKI,GĄBIN - OBSZAR MIEJSKI
1,0,2,2015,Pochmurno,Najechanie na barierę ochronną,Pochmurno,Światło dzienne,Jezdnia,EWK-98776233J,10,2015-02-24,Lekko,20*58'100,51*38'022,S7D,Obszar niezabudowany,Odcinek prosty,Droga krajowa,Ekspresowa,N,POWIAT BIAŁOBRZESKI,BIAŁOBRZEGI - OBSZAR WIEJSKI
1,0,0,2015,Pochmurno,Najechanie na barierę ochronną,Pochmurno,Światło dzienne,Jezdnia,EWK-98776233J,10,2015-02-24,Nieokreślone (puste pole),20*58'100,51*38'022,S7D,Obszar niezabudowany,Odcinek prosty,Droga krajowa,Ekspresowa,N,POWIAT BIAŁOBRZESKI,BIAŁOBRZEGI - OBSZAR WIEJSKI
1,0,1,2015,Pochmurno,Najechanie na barierę ochronną,Pochmurno,Światło dzienne,Jezdnia,EWK-98909036Y,14,2015-05-20,Lekko,21*09'139,51*24'529,P5339W,Obszar zabudowany,Odcinek prosty,Droga powiatowa,Dwie jezdnie jednokierunkowe,N,POWIAT RADOM,RADOM - OBSZAR MIEJSKI
1,0,1,2015,Pochmurno,Najechanie na drzewo,Pochmurno,Noc - droga nieoświetlona,Jezdnia,EWK-99376228U,5,2015-12-02,Ciężko,20*49'119,51*50'032,728,Obszar niezabudowany,Odcinek prosty,Droga wojewódzka,Jednojezdniowa dwukierunkowa,N,POWIAT GRÓJECKI,BELSK DUŻY - OBSZAR WIEJSKI
1,0,1,2015,Pochmurno,Najechanie na drzewo,Pochmurno,Noc - droga nieoświetlona,Pobocze,EWK-98724675W,4,2015-01-16,Lekko,21*20'003,53*21'435,2514W,Obszar zabudowany,"Zakręt, łuk",Droga powiatowa,Jednojezdniowa dwukierunkowa,N,POWIAT OSTROŁĘCKI,MYSZYNIEC - OBSZAR WIEJSKI
1,1,0,2015,Pochmurno,Najechanie na drzewo,Pochmurno,Noc - droga nieoświetlona,Pobocze,EWK-98724675W,4,2015-01-16,Nieokreślone (puste pole),21*20'003,53*21'435,2514W,Obszar zabudowany,"Zakręt, łuk",Droga powiatowa,Jednojezdniowa dwukierunkowa,N,POWIAT OSTROŁĘCKI,MYSZYNIEC - OBSZAR WIEJSKI
1,1,0,2015,Pochmurno,Najechanie na drzewo,Pochmurno,Noc - droga nieoświetlona,Pobocze,EWK-98786991H,4,2015-03-07,Nieokreślone (puste pole),21*22'469,51*32'411,P1716W,Obszar niezabudowany,Odcinek prosty,Droga powiatowa,Dwie jezdnie jednokierunkowe,T,POWIAT KOZIENICKI,GŁOWACZÓW - OBSZAR WIEJSKI
1,0,2,2015,Pochmurno,Najechanie na drzewo,Pochmurno,Noc - droga nieoświetlona,Pobocze,EWK-98787209F,18,2015-03-07,Ciężko,20*12'581,52*26'099,2969W,Obszar niezabudowany,"Zakręt, łuk",Droga powiatowa,Jednojezdniowa dwukierunkowa,T,POWIAT PŁOCKI,WYSZOGRÓD - OBSZAR WIEJSKI
1,1,0,2015,Pochmurno,Najechanie na drzewo,Pochmurno,Noc - droga nieoświetlona,Pobocze,EWK-98787209F,18,2015-03-07,Nieokreślone (puste pole),20*12'581,52*26'099,2969W,Obszar niezabudowany,"Zakręt, łuk",Droga powiatowa,Jednojezdniowa dwukierunkowa,T,POWIAT PŁOCKI,WYSZOGRÓD - OBSZAR WIEJSKI
1,0,1,2015,Pochmurno,Najechanie na drzewo,Pochmurno,Noc - droga nieoświetlona,Pobocze,EWK-98789324E,18,2015-03-06,Lekko,19*45'013,52*43'050,P3760W,Obszar niezabudowany,Odcinek prosty,Droga powiatowa,Jednojezdniowa dwukierunkowa,N,POWIAT SIERPECKI,GOZDOWO - OBSZAR WIEJSKI
1,0,1,2015,Pochmurno,Najechanie na drzewo,Pochmurno,Noc - droga nieoświetlona,Pobocze,EWK-99033302A,21,2015-07-13,Lekko,19*52'015,52*29'479,P2958W,Obszar niezabudowany,"Zakręt, łuk",Droga powiatowa,Jednojezdniowa dwukierunkowa,N,POWIAT PŁOCKI,BODZANÓW - OBSZAR WIEJSKI
1,0,1,2015,Pochmurno,Najechanie na drzewo,Pochmurno,Noc - droga nieoświetlona,"Skarpa, rów",EWK-98714612K,20,2015-01-08,Lekko,21*54'069,52*59'030,677,Obszar niezabudowany,"Zakręt, łuk",Droga wojewódzka,Jednojezdniowa dwukierunkowa,T,POWIAT OSTROŁĘCKI,CZERWIN - OBSZAR WIEJSKI
1,1,0,2015,Pochmurno,Najechanie na drzewo,Pochmurno,Noc - droga nieoświetlona,"Skarpa, rów",EWK-99233473P,20,2015-10-11,Nieokreślone (puste pole),21*37'383,51*20'296,P4528W,Obszar niezabudowany,Odcinek prosty,Droga powiatowa,Jednojezdniowa dwukierunkowa,N,POWIAT ZWOLEŃSKI,ZWOLEŃ - OBSZAR WIEJSKI
1,0,1,2015,Pochmurno,Najechanie na drzewo,Pochmurno,Noc - droga nieoświetlona,"Skarpa, rów",EWK-99345060G,16,2015-11-21,Lekko,20*07'267,53*05'242,563,Obszar niezabudowany,Odcinek prosty,Droga wojewódzka,Jednojezdniowa dwukierunkowa,N,POWIAT MŁAWSKI,LIPOWIEC KOŚCIELNY - OBSZAR WIEJSKI
1,0,1,2015,Pochmurno,Najechanie na drzewo,Pochmurno,Noc - droga nieoświetlona,"Skarpa, rów",EWK-99346448N,4,2015-11-21,Ciężko,20*23'472,52*01'269,719,Obszar zabudowany,Odcinek prosty,Droga wojewódzka,Jednojezdniowa dwukierunkowa,N,POWIAT ŻYRARDOWSKI,PUSZCZA MARIAŃSKA - OBSZAR WIEJSKI
1,0,1,2015,Pochmurno,Najechanie na drzewo,Pochmurno,Noc - droga oświetlona,Jezdnia,EWK-98735136R,19,2015-01-21,Lekko,21*45'359,52*33'329,50,Obszar zabudowany,"Zakręt, łuk",Droga krajowa,Jednojezdniowa dwukierunkowa,T,POWIAT WĘGROWSKI,ŁOCHÓW - OBSZAR WIEJSKI
1,0,1,2015,Pochmurno,Najechanie na drzewo,Pochmurno,Noc - droga oświetlona,Jezdnia,EWK-98882105M,0,2015-05-09,Lekko,20*37'498,52*51'413,50,Obszar zabudowany,Odcinek prosty,Droga krajowa,Jednojezdniowa dwukierunkowa,N,POWIAT CIECHANOWSKI,CIECHANÓW - OBSZAR MIEJSKI
1,0,1,2015,Pochmurno,Najechanie na drzewo,Pochmurno,"Zmrok, świt",Jezdnia,EWK-99146267P,18,2015-09-04,Ciężko,21*20'438,53*13'113,2533W,Obszar niezabudowany,Odcinek prosty,Droga powiatowa,Jednojezdniowa dwukierunkowa,N,POWIAT OSTROŁĘCKI,KADZIDŁO - OBSZAR WIEJSKI
1,0,1,2015,Pochmurno,Najechanie na drzewo,Pochmurno,Światło dzienne,Jezdnia,EWK-98710104U,13,2015-01-01,Ciężko,21*07'302,51*17'418,733,Obszar niezabudowany,,Droga wojewódzka,Jednojezdniowa dwukierunkowa,N,POWIAT RADOMSKI,KOWALA - OBSZAR WIEJSKI
1,0,1,2015,Pochmurno,Najechanie na drzewo,Pochmurno,Światło dzienne,Jezdnia,EWK-98715319U,8,2015-01-04,Lekko,21*27'057,52*38'416,P4408W,Obszar niezabudowany,"Zakręt, łuk",Droga powiatowa,Jednojezdniowa dwukierunkowa,N,POWIAT WYSZKOWSKI,WYSZKÓW - OBSZAR WIEJSKI
1,0,1,2015,Pochmurno,Najechanie na drzewo,Pochmurno,Światło dzienne,Jezdnia,EWK-98790232E,11,2015-03-07,Lekko,21*33'272,52*47'327,4403W,Obszar niezabudowany,"Zakręt, łuk",Droga powiatowa,Jednojezdniowa dwukierunkowa,T,POWIAT WYSZKOWSKI,DŁUGOSIODŁO - OBSZAR WIEJSKI
1,0,5,2015,Pochmurno,Najechanie na drzewo,Pochmurno,Światło dzienne,Jezdnia,EWK-98793926G,9,2015-03-15,Lekko,19*53'100,52*54'106,561,Obszar niezabudowany,"Zakręt, łuk",Droga wojewódzka,Jednojezdniowa dwukierunkowa,N,POWIAT SIERPECKI,ZAWIDZ - OBSZAR WIEJSKI
1,0,2,2015,Pochmurno,Najechanie na drzewo,Pochmurno,Światło dzienne,Jezdnia,EWK-98820864G,16,2015-04-03,Lekko,19*52'256,52*46'225,561,Obszar niezabudowany,"Zakręt, łuk",Droga wojewódzka,Jednojezdniowa dwukierunkowa,N,POWIAT SIERPECKI,ZAWIDZ - OBSZAR WIEJSKI
1,0,1,2015,Pochmurno,Najechanie na drzewo,Pochmurno,Światło dzienne,Jezdnia,EWK-98822841E,15,2015-04-06,Ciężko,20*34'025,51*33'369,728,Obszar niezabudowany,Odcinek prosty,Droga wojewódzka,Jednojezdniowa dwukierunkowa,N,POWIAT GRÓJECKI,NOWE MIASTO NAD PILICĄ - OBSZAR WIEJSKI
1,0,0,2015,Pochmurno,Najechanie na drzewo,Pochmurno,Światło dzienne,Jezdnia,EWK-98822841E,15,2015-04-06,Nieokreślone (puste pole),20*34'025,51*33'369,728,Obszar niezabudowany,Odcinek prosty,Droga wojewódzka,Jednojezdniowa dwukierunkowa,N,POWIAT GRÓJECKI,NOWE MIASTO NAD PILICĄ - OBSZAR WIEJSKI
1,0,1,2015,Pochmurno,Najechanie na drzewo,Pochmurno,Światło dzienne,Jezdnia,EWK-98824878D,10,2015-04-07,Ciężko,21*34'077,52*45'473,P2648W,Obszar niezabudowany,"Zakręt, łuk",Droga powiatowa,Jednojezdniowa dwukierunkowa,N,POWIAT WYSZKOWSKI,DŁUGOSIODŁO - OBSZAR WIEJSKI
1,1,0,2015,Pochmurno,Najechanie na drzewo,Pochmurno,Światło dzienne,Jezdnia,EWK-99146374L,11,2015-09-06,Nieokreślone (puste pole),21*31'474,53*21'584,645,Obszar niezabudowany,"Zakręt, łuk",Droga wojewódzka,Jednojezdniowa dwukierunkowa,N,POWIAT OSTROŁĘCKI,ŁYSE - OBSZAR WIEJSKI
1,0,2,2015,Pochmurno,Najechanie na drzewo,Pochmurno,Światło dzienne,Jezdnia,EWK-99148643L,16,2015-09-07,Ciężko,22*14'493,52*21'145,63,Obszar niezabudowany,Odcinek prosty,Droga krajowa,Jednojezdniowa dwukierunkowa,N,POWIAT SOKOŁOWSKI,BIELANY - OBSZAR WIEJSKI
1,0,1,2015,Pochmurno,Najechanie na drzewo,Pochmurno,Światło dzienne,Jezdnia,EWK-99330982Y,15,2015-11-16,Ciężko,21*07'591,52*34'218,G340712W,Obszar niezabudowany,Odcinek prosty,Droga gminna,Jednojezdniowa dwukierunkowa,T,POWIAT PUŁTUSKI,ZATORY - OBSZAR WIEJSKI
1,0,1,2015,Pochmurno,Najechanie na drzewo,Pochmurno,Światło dzienne,"Most, wiadukt, łącznica, tunel",EWK-99364276K,13,2015-11-28,Ciężko,22*00'104,52*18'077,P,Obszar niezabudowany,Odcinek prosty,Droga powiatowa,Jednojezdniowa dwukierunkowa,N,POWIAT WĘGROWSKI,LIW - OBSZAR WIEJSKI
1,1,0,2015,Pochmurno,Najechanie na drzewo,Pochmurno,Światło dzienne,Pobocze,EWK-98774215R,9,2015-02-24,Nieokreślone (puste pole),20*44'561,53*15'394,3234W,Obszar niezabudowany,"Zakręt, łuk",Droga powiatowa,Jednojezdniowa dwukierunkowa,N,POWIAT PRZASNYSKI,CHORZELE - OBSZAR WIEJSKI
1,0,1,2015,Pochmurno,Najechanie na drzewo,Pochmurno,Światło dzienne,Pobocze,EWK-98814332R,15,2015-03-28,Ciężko,21*33'287,51*32'327,79,Obszar niezabudowany,"Zakręt, łuk",Droga krajowa,Jednojezdniowa dwukierunkowa,N,POWIAT KOZIENICKI,KOZIENICE - OBSZAR WIEJSKI
1,0,1,2015,Pochmurno,Najechanie na drzewo,Pochmurno,Światło dzienne,Pobocze,EWK-98814332R,15,2015-03-28,Lekko,21*33'287,51*32'327,79,Obszar niezabudowany,"Zakręt, łuk",Droga krajowa,Jednojezdniowa dwukierunkowa,N,POWIAT KOZIENICKI,KOZIENICE - OBSZAR WIEJSKI
1,0,2,2015,Pochmurno,Najechanie na drzewo,Pochmurno,Światło dzienne,Pobocze,EWK-98921342W,12,2015-05-27,Ciężko,20*52'154,51*28'271,GMINNA,Obszar zabudowany,"Zakręt, łuk",Droga gminna,Jednojezdniowa dwukierunkowa,N,POWIAT RADOMSKI,PRZYTYK - OBSZAR WIEJSKI
1,0,1,2015,Pochmurno,Najechanie na drzewo,Pochmurno,Światło dzienne,Pobocze,EWK-99181074Q,16,2015-09-20,Lekko,20*13'162,53*05'496,G230203W,Obszar zabudowany,"Zakręt, łuk",Droga gminna,Jednojezdniowa dwukierunkowa,T,POWIAT MŁAWSKI,LIPOWIEC KOŚCIELNY - OBSZAR WIEJSKI
1,1,0,2015,Pochmurno,Najechanie na drzewo,Pochmurno,Światło dzienne,Pobocze,EWK-99252075A,10,2015-10-18,Nieokreślone (puste pole),21*19'587,51*33'388,P1715W,Obszar niezabudowany,Odcinek prosty,Droga powiatowa,Jednojezdniowa dwukierunkowa,T,POWIAT KOZIENICKI,GŁOWACZÓW - OBSZAR WIEJSKI
1,0,1,2015,Pochmurno,Najechanie na drzewo,Pochmurno,Światło dzienne,Pobocze,EWK-99298210X,13,2015-11-04,Lekko,19*28'494,52*28'166,573,Obszar niezabudowany,"Zakręt, łuk",Droga wojewódzka,Jednojezdniowa dwukierunkowa,T,POWIAT GOSTYNIŃSKI,GOSTYNIN - OBSZAR WIEJSKI
1,0,0,2015,Pochmurno,Najechanie na drzewo,Pochmurno,Światło dzienne,Pobocze,EWK-99298210X,13,2015-11-04,Nieokreślone (puste pole),19*28'494,52*28'166,573,Obszar niezabudowany,"Zakręt, łuk",Droga wojewódzka,Jednojezdniowa dwukierunkowa,T,POWIAT GOSTYNIŃSKI,GOSTYNIN - OBSZAR WIEJSKI
1,0,1,2015,Pochmurno,Najechanie na drzewo,Pochmurno,Światło dzienne,Pobocze,EWK-99376747A,7,2015-12-03,Lekko,20*59'492,51*41'456,731,Obszar niezabudowany,,Droga wojewódzka,Jednojezdniowa dwukierunkowa,N,POWIAT BIAŁOBRZESKI,PROMNA - OBSZAR WIEJSKI
1,0,1,2015,Pochmurno,Najechanie na drzewo,Pochmurno,Światło dzienne,"Skarpa, rów",EWK-103576242T,14,2015-12-17,Lekko,20*57'162,53*13'209,P3234W,Obszar niezabudowany,Odcinek prosty,Droga powiatowa,Jednojezdniowa dwukierunkowa,N,POWIAT PRZASNYSKI,CHORZELE - OBSZAR WIEJSKI
1,0,1,2015,Pochmurno,Najechanie na drzewo,Pochmurno,Światło dzienne,"Skarpa, rów",EWK-98734264J,10,2015-01-21,Ciężko,19*19'559,52*23'009,P1413W,Obszar niezabudowany,Odcinek prosty,Droga powiatowa,Jednojezdniowa dwukierunkowa,N,POWIAT GOSTYNIŃSKI,GOSTYNIN - OBSZAR WIEJSKI
1,1,0,2015,Pochmurno,Najechanie na drzewo,Pochmurno,Światło dzienne,"Skarpa, rów",EWK-98739003F,13,2015-01-23,Nieokreślone (puste pole),21*47'466,52*33'491,36112W,Obszar niezabudowany,"Zakręt, łuk",Droga powiatowa,Jednojezdniowa dwukierunkowa,T,POWIAT WĘGROWSKI,ŁOCHÓW - OBSZAR WIEJSKI
1,0,1,2015,Pochmurno,Najechanie na drzewo,Pochmurno,Światło dzienne,"Skarpa, rów",EWK-98762566G,16,2015-02-10,Lekko,20*14'171,52*23'539,62,Obszar niezabudowany,Odcinek prosty,Droga krajowa,Jednojezdniowa dwukierunkowa,N,POWIAT PŁOCKI,WYSZOGRÓD - OBSZAR WIEJSKI
1,0,1,2015,Pochmurno,Najechanie na drzewo,Pochmurno,Światło dzienne,"Skarpa, rów",EWK-98773676G,9,2015-02-23,Ciężko,21*06'083,53*06'294,3234W,Obszar niezabudowany,Odcinek prosty,Droga powiatowa,Jednojezdniowa dwukierunkowa,N,POWIAT MAKOWSKI,KRASNOSIELC - OBSZAR WIEJSKI
1,0,1,2015,Pochmurno,Najechanie na drzewo,Pochmurno,Światło dzienne,"Skarpa, rów",EWK-99146590K,18,2015-09-06,Ciężko,20*24'365,52*33'200,P3056W,Obszar niezabudowany,Odcinek prosty,Droga powiatowa,Jednojezdniowa dwukierunkowa,T,POWIAT PŁOŃSKI,NARUSZEWO - OBSZAR WIEJSKI
1,2,0,2015,Pochmurno,Najechanie na drzewo,Pochmurno,Światło dzienne,"Skarpa, rów",EWK-99146590K,18,2015-09-06,Nieokreślone (puste pole),20*24'365,52*33'200,P3056W,Obszar niezabudowany,Odcinek prosty,Droga powiatowa,Jednojezdniowa dwukierunkowa,T,POWIAT PŁOŃSKI,NARUSZEWO - OBSZAR WIEJSKI
1,0,1,2015,Pochmurno,Najechanie na drzewo,Pochmurno,Światło dzienne,"Skarpa, rów",EWK-99245022A,9,2015-10-13,Ciężko,21*16'569,51*39'434,730,Obszar niezabudowany,"Zakręt, łuk",Droga wojewódzka,Jednojezdniowa dwukierunkowa,N,POWIAT KOZIENICKI,GŁOWACZÓW - OBSZAR WIEJSKI
1,0,1,2015,Pochmurno,Najechanie na drzewo,Pochmurno,Światło dzienne,"Skarpa, rów",EWK-99379143F,8,2015-12-04,Lekko,20*37'066,52*49'460,50,Obszar niezabudowany,Odcinek prosty,Droga krajowa,Jednojezdniowa dwukierunkowa,N,POWIAT CIECHANOWSKI,CIECHANÓW - OBSZAR WIEJSKI
1,0,0,2015,Pochmurno,Najechanie na drzewo,Pochmurno,Światło dzienne,"Skarpa, rów",EWK-99379143F,8,2015-12-04,Nieokreślone (puste pole),20*37'066,52*49'460,50,Obszar niezabudowany,Odcinek prosty,Droga krajowa,Jednojezdniowa dwukierunkowa,N,POWIAT CIECHANOWSKI,CIECHANÓW - OBSZAR WIEJSKI
1,0,1,2015,Pochmurno,Najechanie na pieszego,Pochmurno,Noc - droga nieoświetlona,Jezdnia,EWK-103571085H,22,2015-12-15,Lekko,20*16'331,52*13'335,92,Obszar niezabudowany,Odcinek prosty,Droga krajowa,Jednojezdniowa dwukierunkowa,N,POWIAT SOCHACZEWSKI,SOCHACZEW - OBSZAR WIEJSKI
1,0,0,2015,Pochmurno,Najechanie na pieszego,Pochmurno,Noc - droga nieoświetlona,Jezdnia,EWK-103571085H,22,2015-12-15,Nieokreślone (puste pole),20*16'331,52*13'335,92,Obszar niezabudowany,Odcinek prosty,Droga krajowa,Jednojezdniowa dwukierunkowa,N,POWIAT SOCHACZEWSKI,SOCHACZEW - OBSZAR WIEJSKI
1,0,1,2015,Pochmurno,Najechanie na pieszego,Pochmurno,Noc - droga nieoświetlona,Jezdnia,EWK-103594318H,19,2015-12-17,Ciężko,20*24'078,52*25'155,62,Obszar niezabudowany,Odcinek prosty,Droga krajowa,Jednojezdniowa dwukierunkowa,N,POWIAT PŁOŃSKI,CZERWIŃSK NAD WISŁĄ - OBSZAR WIEJSKI
1,0,0,2015,Pochmurno,Najechanie na pieszego,Pochmurno,Noc - droga nieoświetlona,Jezdnia,EWK-103594318H,19,2015-12-17,Nieokreślone (puste pole),20*24'078,52*25'155,62,Obszar niezabudowany,Odcinek prosty,Droga krajowa,Jednojezdniowa dwukierunkowa,N,POWIAT PŁOŃSKI,CZERWIŃSK NAD WISŁĄ - OBSZAR WIEJSKI
1,0,1,2015,Pochmurno,Najechanie na pieszego,Pochmurno,Noc - droga nieoświetlona,Jezdnia,EWK-103605259D,19,2015-12-21,Lekko,21*17'396,51*23'144,12,Obszar zabudowany,Odcinek prosty,Droga krajowa,Jednojezdniowa dwukierunkowa,N,POWIAT RADOMSKI,GÓZD - OBSZAR WIEJSKI
1,0,0,2015,Pochmurno,Najechanie na pieszego,Pochmurno,Noc - droga nieoświetlona,Jezdnia,EWK-103605259D,19,2015-12-21,Nieokreślone (puste pole),21*17'396,51*23'144,12,Obszar zabudowany,Odcinek prosty,Droga krajowa,Jednojezdniowa dwukierunkowa,N,POWIAT RADOMSKI,GÓZD - OBSZAR WIEJSKI
1,1,0,2015,Pochmurno,Najechanie na pieszego,Pochmurno,Noc - droga nieoświetlona,Jezdnia,EWK-98720122K,17,2015-01-09,Nieokreślone (puste pole),19*46'048,52*22'562,577,Obszar niezabudowany,Odcinek prosty,Droga wojewódzka,Jednojezdniowa dwukierunkowa,T,POWIAT PŁOCKI,GĄBIN - OBSZAR WIEJSKI
1,1,0,2015,Pochmurno,Najechanie na pieszego,Pochmurno,Noc - droga nieoświetlona,Jezdnia,EWK-98729010W,3,2015-01-17,Nieokreślone (puste pole),21*20'024,52*37'337,618,Obszar niezabudowany,Odcinek prosty,Droga wojewódzka,Jednojezdniowa dwukierunkowa,T,POWIAT WYSZKOWSKI,SOMIANKA - OBSZAR WIEJSKI
1,1,0,2015,Pochmurno,Najechanie na pieszego,Pochmurno,Noc - droga nieoświetlona,Jezdnia,EWK-98750325H,18,2015-02-03,Nieokreślone (puste pole),19*30'253,52*26'516,G140209W,Obszar niezabudowany,Odcinek prosty,Droga gminna,Jednojezdniowa dwukierunkowa,T,POWIAT GOSTYNIŃSKI,GOSTYNIN - OBSZAR WIEJSKI
1,1,0,2015,Pochmurno,Najechanie na pieszego,Pochmurno,Noc - droga nieoświetlona,Jezdnia,EWK-98751401F,23,2015-02-04,Nieokreślone (puste pole),21*12'560,53*18'433,2512W,Obszar niezabudowany,Odcinek prosty,Droga powiatowa,Jednojezdniowa dwukierunkowa,N,POWIAT OSTROŁĘCKI,CZARNIA - OBSZAR WIEJSKI
1,1,0,2015,Pochmurno,Najechanie na pieszego,Pochmurno,Noc - droga nieoświetlona,Jezdnia,EWK-98752046G,17,2015-02-04,Nieokreślone (puste pole),19*52'396,52*22'332,GMINNA,Obszar niezabudowany,Odcinek prosty,Droga gminna,Jednojezdniowa dwukierunkowa,T,POWIAT PŁOCKI,SŁUBICE - OBSZAR WIEJSKI
1,0,1,2015,Pochmurno,Najechanie na pieszego,Pochmurno,Noc - droga nieoświetlona,Jezdnia,EWK-98778871T,18,2015-02-27,Ciężko,20*52'271,53*02'200,57,Obszar niezabudowany,Odcinek prosty,Droga krajowa,Jednojezdniowa dwukierunkowa,N,POWIAT PRZASNYSKI,PRZASNYSZ - OBSZAR MIEJSKI
1,0,0,2015,Pochmurno,Najechanie na pieszego,Pochmurno,Noc - droga nieoświetlona,Jezdnia,EWK-98778871T,18,2015-02-27,Nieokreślone (puste pole),20*52'271,53*02'200,57,Obszar niezabudowany,Odcinek prosty,Droga krajowa,Jednojezdniowa dwukierunkowa,N,POWIAT PRZASNYSKI,PRZASNYSZ - OBSZAR MIEJSKI
1,1,0,2015,Pochmurno,Najechanie na pieszego,Pochmurno,Noc - droga nieoświetlona,Jezdnia,EWK-98787186A,18,2015-03-06,Nieokreślone (puste pole),19*55'430,52*29'301,P2941W,Obszar zabudowany,,Droga powiatowa,Jednojezdniowa dwukierunkowa,T,POWIAT PŁOCKI,BODZANÓW - OBSZAR WIEJSKI
1,0,1,2015,Pochmurno,Najechanie na pieszego,Pochmurno,Noc - droga nieoświetlona,Jezdnia,EWK-98871231L,2,2015-05-02,Lekko,21*06'134,51*23'509,12,Obszar zabudowany,Odcinek prosty,Droga krajowa,Jednojezdniowa dwukierunkowa,N,POWIAT RADOM,RADOM - OBSZAR MIEJSKI
1,0,0,2015,Pochmurno,Najechanie na pieszego,Pochmurno,Noc - droga nieoświetlona,Jezdnia,EWK-98871231L,2,2015-05-02,Nieokreślone (puste pole),21*06'134,51*23'509,12,Obszar zabudowany,Odcinek prosty,Droga krajowa,Jednojezdniowa dwukierunkowa,N,POWIAT RADOM,RADOM - OBSZAR MIEJSKI
1,1,0,2015,Pochmurno,Najechanie na pieszego,Pochmurno,Noc - droga nieoświetlona,Jezdnia,EWK-99351320F,16,2015-11-24,Nieokreślone (puste pole),19*50'504,53*04'032,P4613W,Obszar niezabudowany,Odcinek prosty,Droga powiatowa,Jednojezdniowa dwukierunkowa,N,POWIAT ŻUROMIŃSKI,ŻUROMIN - OBSZAR WIEJSKI