Liczba wypadków,Liczba zabitych,Liczba rannych,Rok,Warunki atmosferyczne,Rodzaj zdarzenia,Warunki atmosferyczne,Oświetlenie,Charakterystyka miejsca zdarzenia,IDKSIP zdarzenia,Godzina,Dzień,Ranny,GPS x,GPS y,Numer drogi,Obszar,Geometria drogi,Kategoria drogi 1,Rodzaj drogi,Czy w zdarzeniu był sprawca nietrzeźwy,Powiat,Gmina
1,0,1,2015,Pochmurno,Wywrócenie się pojazdu,Pochmurno,Noc - droga nieoświetlona,Jezdnia,EWK-99146342G,23,2015-09-05,Lekko,21*40'486,53*04'262,2551W,Obszar niezabudowany,Odcinek prosty,Droga powiatowa,Jednojezdniowa dwukierunkowa,N,POWIAT OSTROŁĘCKI,RZEKUŃ - OBSZAR WIEJSKI
1,0,2,2015,Pochmurno,Wywrócenie się pojazdu,Pochmurno,Noc - droga nieoświetlona,Jezdnia,EWK-99326175Y,20,2015-11-12,Ciężko,22*35'078,52*17'142,3590N,Obszar niezabudowany,Odcinek prosty,Droga powiatowa,Jednojezdniowa dwukierunkowa,T,POWIAT SIEDLECKI,PRZESMYKI - OBSZAR WIEJSKI
1,0,2,2015,Pochmurno,Wywrócenie się pojazdu,Pochmurno,Noc - droga nieoświetlona,Jezdnia,EWK-99326175Y,20,2015-11-12,Lekko,22*35'078,52*17'142,3590N,Obszar niezabudowany,Odcinek prosty,Droga powiatowa,Jednojezdniowa dwukierunkowa,T,POWIAT SIEDLECKI,PRZESMYKI - OBSZAR WIEJSKI
1,1,0,2015,Pochmurno,Wywrócenie się pojazdu,Pochmurno,Noc - droga nieoświetlona,Jezdnia,EWK-99326175Y,20,2015-11-12,Nieokreślone (puste pole),22*35'078,52*17'142,3590N,Obszar niezabudowany,Odcinek prosty,Droga powiatowa,Jednojezdniowa dwukierunkowa,T,POWIAT SIEDLECKI,PRZESMYKI - OBSZAR WIEJSKI
1,0,2,2015,Pochmurno,Wywrócenie się pojazdu,Pochmurno,Noc - droga nieoświetlona,Pobocze,EWK-98812202L,22,2015-03-28,Lekko,20*51'407,51*28'119,GMINNA,Obszar niezabudowany,Odcinek prosty,Droga gminna,Jednojezdniowa dwukierunkowa,N,POWIAT RADOMSKI,PRZYTYK - OBSZAR WIEJSKI
1,0,0,2015,Pochmurno,Wywrócenie się pojazdu,Pochmurno,Noc - droga nieoświetlona,Pobocze,EWK-98812202L,22,2015-03-28,Nieokreślone (puste pole),20*51'407,51*28'119,GMINNA,Obszar niezabudowany,Odcinek prosty,Droga gminna,Jednojezdniowa dwukierunkowa,N,POWIAT RADOMSKI,PRZYTYK - OBSZAR WIEJSKI
1,0,4,2015,Pochmurno,Wywrócenie się pojazdu,Pochmurno,Noc - droga nieoświetlona,Pobocze,EWK-99001007N,2,2015-06-28,Lekko,20*06'196,52*33'000,P2935W,Obszar niezabudowany,"Zakręt, łuk",Droga powiatowa,Jednojezdniowa dwukierunkowa,N,POWIAT PŁOCKI,BULKOWO - OBSZAR WIEJSKI
1,0,0,2015,Pochmurno,Wywrócenie się pojazdu,Pochmurno,Noc - droga nieoświetlona,Pobocze,EWK-99001007N,2,2015-06-28,Nieokreślone (puste pole),20*06'196,52*33'000,P2935W,Obszar niezabudowany,"Zakręt, łuk",Droga powiatowa,Jednojezdniowa dwukierunkowa,N,POWIAT PŁOCKI,BULKOWO - OBSZAR WIEJSKI
1,0,1,2015,Pochmurno,Wywrócenie się pojazdu,Pochmurno,Noc - droga nieoświetlona,"Skarpa, rów",EWK-98872575R,20,2015-04-01,Ciężko,21*50'316,52*58'379,2536W,Obszar niezabudowany,"Zakręt, łuk",Droga powiatowa,Jednojezdniowa dwukierunkowa,N,POWIAT OSTROŁĘCKI,CZERWIN - OBSZAR WIEJSKI
1,0,1,2015,Pochmurno,Wywrócenie się pojazdu,Pochmurno,Noc - droga nieoświetlona,"Skarpa, rów",EWK-99151748G,6,2015-09-08,Ciężko,20*18'192,52*49'154,60,Obszar niezabudowany,"Zakręt, łuk",Droga krajowa,Jednojezdniowa dwukierunkowa,N,POWIAT CIECHANOWSKI,GLINOJECK - OBSZAR WIEJSKI
1,0,1,2015,Pochmurno,Wywrócenie się pojazdu,Pochmurno,Noc - droga nieoświetlona,"Skarpa, rów",EWK-99377975J,6,2015-12-02,Ciężko,19*52'173,52*48'506,561,Obszar niezabudowany,Odcinek prosty,Droga wojewódzka,Jednojezdniowa dwukierunkowa,N,POWIAT SIERPECKI,ZAWIDZ - OBSZAR WIEJSKI
1,0,0,2015,Pochmurno,Wywrócenie się pojazdu,Pochmurno,Noc - droga nieoświetlona,"Skarpa, rów",EWK-99377975J,6,2015-12-02,Nieokreślone (puste pole),19*52'173,52*48'506,561,Obszar niezabudowany,Odcinek prosty,Droga wojewódzka,Jednojezdniowa dwukierunkowa,N,POWIAT SIERPECKI,ZAWIDZ - OBSZAR WIEJSKI
1,0,1,2015,Pochmurno,Wywrócenie się pojazdu,Pochmurno,Noc - droga oświetlona,Jezdnia,EWK-99039556W,21,2015-07-19,Lekko,21*23'070,51*45'310,79,Obszar zabudowany,"Zakręt, łuk",Droga krajowa,Jednojezdniowa dwukierunkowa,T,POWIAT KOZIENICKI,MAGNUSZEW - OBSZAR WIEJSKI
1,0,1,2015,Pochmurno,Wywrócenie się pojazdu,Pochmurno,"Zmrok, świt",Jezdnia,EWK-99260016N,17,2015-10-21,Ciężko,20*36'005,52*51'432,P1241W,Obszar zabudowany,Odcinek prosty,Droga powiatowa,Dwie jezdnie jednokierunkowe,N,POWIAT CIECHANOWSKI,CIECHANÓW - OBSZAR MIEJSKI
1,0,0,2015,Pochmurno,Wywrócenie się pojazdu,Pochmurno,"Zmrok, świt",Jezdnia,EWK-99260016N,17,2015-10-21,Nieokreślone (puste pole),20*36'005,52*51'432,P1241W,Obszar zabudowany,Odcinek prosty,Droga powiatowa,Dwie jezdnie jednokierunkowe,N,POWIAT CIECHANOWSKI,CIECHANÓW - OBSZAR MIEJSKI
1,0,1,2015,Pochmurno,Wywrócenie się pojazdu,Pochmurno,Światło dzienne,Jezdnia,EWK-103537986A,8,2015-12-11,Lekko,19*45'063,52*42'081,5201W,Obszar niezabudowany,"Zakręt, łuk",Droga powiatowa,Jednojezdniowa dwukierunkowa,N,POWIAT SIERPECKI,GOZDOWO - OBSZAR WIEJSKI
1,0,1,2015,Pochmurno,Wywrócenie się pojazdu,Pochmurno,Światło dzienne,Jezdnia,EWK-103662916U,9,2015-12-10,Lekko,21*20'157,53*10'469,G250119W,Obszar zabudowany,"Zakręt, łuk",Droga gminna,Jednojezdniowa dwukierunkowa,T,POWIAT OSTROŁĘCKI,BARANOWO - OBSZAR WIEJSKI
1,0,1,2015,Pochmurno,Wywrócenie się pojazdu,Pochmurno,Światło dzienne,Jezdnia,EWK-98759396F,7,2015-02-12,Lekko,21*36'390,53*01'254,2581W,Obszar zabudowany,Odcinek prosty,Droga powiatowa,Jednojezdniowa dwukierunkowa,N,POWIAT OSTROŁĘCKI,RZEKUŃ - OBSZAR WIEJSKI
1,0,4,2015,Pochmurno,Wywrócenie się pojazdu,Pochmurno,Światło dzienne,Jezdnia,EWK-99239290J,16,2015-10-13,Ciężko,20*52'535,51*49'214,S7,Obszar niezabudowany,Odcinek prosty,Droga krajowa,Ekspresowa,N,POWIAT GRÓJECKI,GRÓJEC - OBSZAR WIEJSKI
1,0,1,2015,Pochmurno,Wywrócenie się pojazdu,Pochmurno,Światło dzienne,Jezdnia,EWK-99259854P,16,2015-10-20,Lekko,20*51'529,51*28'483,740,Obszar niezabudowany,Odcinek prosty,Droga wojewódzka,Jednojezdniowa dwukierunkowa,N,POWIAT RADOMSKI,PRZYTYK - OBSZAR WIEJSKI
1,0,1,2015,Pochmurno,Wywrócenie się pojazdu,Pochmurno,Światło dzienne,Jezdnia,EWK-99271974T,14,2015-10-24,Ciężko,19*55'464,53*04'282,563,Obszar zabudowany,Odcinek prosty,Droga wojewódzka,Jednojezdniowa dwukierunkowa,T,POWIAT ŻUROMIŃSKI,ŻUROMIN - OBSZAR WIEJSKI
1,0,1,2015,Pochmurno,Wywrócenie się pojazdu,Pochmurno,Światło dzienne,Pobocze,EWK-103592353J,10,2015-12-19,Ciężko,19*46'270,52*30'493,P,Obszar zabudowany,"Zakręt, łuk",Droga powiatowa,Jednojezdniowa dwukierunkowa,T,POWIAT PŁOCK,PŁOCK - OBSZAR MIEJSKI
1,0,1,2015,Pochmurno,Wywrócenie się pojazdu,Pochmurno,Światło dzienne,Pobocze,EWK-98768274U,9,2015-02-09,Lekko,20*04'046,52*30'537,P3059W,Obszar zabudowany,Odcinek prosty,Droga powiatowa,Jednojezdniowa dwukierunkowa,N,POWIAT PŁOCKI,BODZANÓW - OBSZAR WIEJSKI
1,0,1,2015,Pochmurno,Wywrócenie się pojazdu,Pochmurno,Światło dzienne,Pobocze,EWK-98955434R,7,2015-06-09,Lekko,21*24'395,51*41'355,79,Obszar niezabudowany,"Zakręt, łuk",Droga krajowa,Jednojezdniowa dwukierunkowa,N,POWIAT KOZIENICKI,MAGNUSZEW - OBSZAR WIEJSKI
1,0,0,2015,Pochmurno,Wywrócenie się pojazdu,Pochmurno,Światło dzienne,Pobocze,EWK-98955434R,7,2015-06-09,Nieokreślone (puste pole),21*24'395,51*41'355,79,Obszar niezabudowany,"Zakręt, łuk",Droga krajowa,Jednojezdniowa dwukierunkowa,N,POWIAT KOZIENICKI,MAGNUSZEW - OBSZAR WIEJSKI
1,0,1,2015,Pochmurno,Wywrócenie się pojazdu,Pochmurno,Światło dzienne,Pobocze,EWK-98987361N,16,2015-06-21,Lekko,19*46'448,52*38'167,60,Obszar niezabudowany,"Zakręt, łuk",Droga krajowa,Jednojezdniowa dwukierunkowa,N,POWIAT PŁOCKI,BIELSK - OBSZAR WIEJSKI
1,0,0,2015,Pochmurno,Wywrócenie się pojazdu,Pochmurno,Światło dzienne,Pobocze,EWK-98987361N,16,2015-06-21,Nieokreślone (puste pole),19*46'448,52*38'167,60,Obszar niezabudowany,"Zakręt, łuk",Droga krajowa,Jednojezdniowa dwukierunkowa,N,POWIAT PŁOCKI,BIELSK - OBSZAR WIEJSKI
1,0,1,2015,Pochmurno,Wywrócenie się pojazdu,Pochmurno,Światło dzienne,"Skarpa, rów",EWK-98786306L,13,2015-03-06,Lekko,20*09'421,53*05'578,563,Obszar niezabudowany,"Zakręt, łuk; Spadek",Droga wojewódzka,Jednojezdniowa dwukierunkowa,N,POWIAT MŁAWSKI,LIPOWIEC KOŚCIELNY - OBSZAR WIEJSKI
1,0,1,2015,Pochmurno,Wywrócenie się pojazdu,Pochmurno,Światło dzienne,"Skarpa, rów",EWK-98841171Q,13,2015-04-19,Lekko,21*01'356,51*39'035,48,Obszar niezabudowany,Odcinek prosty,Droga krajowa,Jednojezdniowa dwukierunkowa,N,POWIAT BIAŁOBRZESKI,BIAŁOBRZEGI - OBSZAR WIEJSKI
1,0,0,2015,Pochmurno,Wywrócenie się pojazdu,Pochmurno,Światło dzienne,"Skarpa, rów",EWK-98841171Q,13,2015-04-19,Nieokreślone (puste pole),21*01'356,51*39'035,48,Obszar niezabudowany,Odcinek prosty,Droga krajowa,Jednojezdniowa dwukierunkowa,N,POWIAT BIAŁOBRZESKI,BIAŁOBRZEGI - OBSZAR WIEJSKI
1,0,1,2015,Pochmurno,Wywrócenie się pojazdu,Pochmurno,Światło dzienne,"Skarpa, rów",EWK-98964292G,5,2015-06-14,Ciężko,21*11'108,52*32'582,62,Obszar niezabudowany,Odcinek prosty,Droga krajowa,Jednojezdniowa dwukierunkowa,N,POWIAT WYSZKOWSKI,SOMIANKA - OBSZAR WIEJSKI
1,0,2,2015,Pochmurno,Wywrócenie się pojazdu,Pochmurno,Światło dzienne,"Skarpa, rów",EWK-98964292G,5,2015-06-14,Lekko,21*11'108,52*32'582,62,Obszar niezabudowany,Odcinek prosty,Droga krajowa,Jednojezdniowa dwukierunkowa,N,POWIAT WYSZKOWSKI,SOMIANKA - OBSZAR WIEJSKI
1,1,0,2015,Pochmurno,Wywrócenie się pojazdu,Pochmurno,Światło dzienne,"Skarpa, rów",EWK-98964292G,5,2015-06-14,Nieokreślone (puste pole),21*11'108,52*32'582,62,Obszar niezabudowany,Odcinek prosty,Droga krajowa,Jednojezdniowa dwukierunkowa,N,POWIAT WYSZKOWSKI,SOMIANKA - OBSZAR WIEJSKI
1,0,1,2015,Pochmurno,Wywrócenie się pojazdu,Pochmurno,Światło dzienne,"Skarpa, rów",EWK-99048831X,6,2015-07-11,Lekko,21*29'598,53*01'541,61,Obszar zabudowany,"Zakręt, łuk",Droga krajowa,Jednojezdniowa dwukierunkowa,N,POWIAT OSTROŁĘCKI,OLSZEWO-BORKI - OBSZAR WIEJSKI
1,0,0,2015,Pochmurno,Wywrócenie się pojazdu,Pochmurno,Światło dzienne,"Skarpa, rów",EWK-99048831X,6,2015-07-11,Nieokreślone (puste pole),21*29'598,53*01'541,61,Obszar zabudowany,"Zakręt, łuk",Droga krajowa,Jednojezdniowa dwukierunkowa,N,POWIAT OSTROŁĘCKI,OLSZEWO-BORKI - OBSZAR WIEJSKI
1,0,1,2015,Pochmurno,Zdarzenie z pasażerem,Pochmurno,"Zmrok, świt","Skarpa, rów",EWK-98746685A,7,2015-02-01,Ciężko,20*45'164,51*30'184,740,Obszar niezabudowany,Odcinek prosty,Droga wojewódzka,Jednojezdniowa dwukierunkowa,N,POWIAT PRZYSUSKI,POTWORÓW - OBSZAR WIEJSKI
1,0,1,2015,Pochmurno,Zdarzenie z pasażerem,Pochmurno,"Zmrok, świt","Skarpa, rów",EWK-98746685A,7,2015-02-01,Lekko,20*45'164,51*30'184,740,Obszar niezabudowany,Odcinek prosty,Droga wojewódzka,Jednojezdniowa dwukierunkowa,N,POWIAT PRZYSUSKI,POTWORÓW - OBSZAR WIEJSKI
1,0,0,2015,Pochmurno,Zdarzenie z pasażerem,Pochmurno,"Zmrok, świt","Skarpa, rów",EWK-98746685A,7,2015-02-01,Nieokreślone (puste pole),20*45'164,51*30'184,740,Obszar niezabudowany,Odcinek prosty,Droga wojewódzka,Jednojezdniowa dwukierunkowa,N,POWIAT PRZYSUSKI,POTWORÓW - OBSZAR WIEJSKI
1,0,1,2015,Pochmurno,Zdarzenie z pasażerem,Pochmurno,Światło dzienne,Jezdnia,EWK-99378026P,7,2015-12-01,Lekko,21*10'144,51*25'171,G530287W,Obszar zabudowany,,Droga gminna,Jednokierunkowa,N,POWIAT RADOM,RADOM - OBSZAR MIEJSKI
1,0,0,2015,Pochmurno,Zdarzenie z pasażerem,Pochmurno,Światło dzienne,Jezdnia,EWK-99378026P,7,2015-12-01,Nieokreślone (puste pole),21*10'144,51*25'171,G530287W,Obszar zabudowany,,Droga gminna,Jednokierunkowa,N,POWIAT RADOM,RADOM - OBSZAR MIEJSKI
1,0,3,2015,Pochmurno,Zderzenie pojazdów boczne,Pochmurno,Noc - droga nieoświetlona,Jezdnia,EWK-98770369Y,18,2015-02-03,Ciężko,21*40'473,51*58'498,31316W,Obszar niezabudowany,,Droga powiatowa,Jednojezdniowa dwukierunkowa,N,POWIAT GARWOLIŃSKI,PARYSÓW - OBSZAR WIEJSKI
1,0,1,2015,Pochmurno,Zderzenie pojazdów boczne,Pochmurno,Noc - droga nieoświetlona,Jezdnia,EWK-99040859D,21,2015-07-18,Lekko,21*06'087,51*20'532,P3535W,Obszar zabudowany,Odcinek prosty,Droga powiatowa,Jednojezdniowa dwukierunkowa,N,POWIAT RADOMSKI,KOWALA - OBSZAR WIEJSKI
1,0,0,2015,Pochmurno,Zderzenie pojazdów boczne,Pochmurno,Noc - droga nieoświetlona,Jezdnia,EWK-99040859D,21,2015-07-18,Nieokreślone (puste pole),21*06'087,51*20'532,P3535W,Obszar zabudowany,Odcinek prosty,Droga powiatowa,Jednojezdniowa dwukierunkowa,N,POWIAT RADOMSKI,KOWALA - OBSZAR WIEJSKI
1,0,1,2015,Pochmurno,Zderzenie pojazdów boczne,Pochmurno,Noc - droga nieoświetlona,Jezdnia,EWK-99289234F,21,2015-10-15,Lekko,22*15'249,52*25'352,63,Obszar niezabudowany,Odcinek prosty,Droga krajowa,Jednojezdniowa dwukierunkowa,N,POWIAT SOKOŁOWSKI,SOKOŁÓW PODLASKI - OBSZAR WIEJSKI
1,0,0,2015,Pochmurno,Zderzenie pojazdów boczne,Pochmurno,Noc - droga nieoświetlona,Jezdnia,EWK-99289234F,21,2015-10-15,Nieokreślone (puste pole),22*15'249,52*25'352,63,Obszar niezabudowany,Odcinek prosty,Droga krajowa,Jednojezdniowa dwukierunkowa,N,POWIAT SOKOŁOWSKI,SOKOŁÓW PODLASKI - OBSZAR WIEJSKI
1,1,0,2015,Pochmurno,Zderzenie pojazdów boczne,Pochmurno,Noc - droga nieoświetlona,Jezdnia,EWK-99375866M,16,2015-12-02,Nieokreślone (puste pole),20*22'021,52*10'098,3831W,Obszar niezabudowany,,Droga powiatowa,Jednojezdniowa dwukierunkowa,N,POWIAT SOCHACZEWSKI,TERESIN - OBSZAR WIEJSKI
1,0,3,2015,Pochmurno,Zderzenie pojazdów boczne,Pochmurno,Noc - droga oświetlona,Jezdnia,EWK-103531540C,22,2015-12-12,Lekko,19*50'457,52*30'503,P2940W,Obszar zabudowany,,Droga powiatowa,Jednojezdniowa dwukierunkowa,N,POWIAT PŁOCKI,SŁUPNO - OBSZAR WIEJSKI
1,0,0,2015,Pochmurno,Zderzenie pojazdów boczne,Pochmurno,Noc - droga oświetlona,Jezdnia,EWK-103531540C,22,2015-12-12,Nieokreślone (puste pole),19*50'457,52*30'503,P2940W,Obszar zabudowany,,Droga powiatowa,Jednojezdniowa dwukierunkowa,N,POWIAT PŁOCKI,SŁUPNO - OBSZAR WIEJSKI
1,0,1,2015,Pochmurno,Zderzenie pojazdów boczne,Pochmurno,Noc - droga oświetlona,Jezdnia,EWK-103550809N,22,2015-12-11,Lekko,21*35'242,52*59'394,4403W,Obszar zabudowany,Odcinek prosty,Droga powiatowa,Jednojezdniowa dwukierunkowa,N,POWIAT OSTROŁĘCKI,RZEKUŃ - OBSZAR WIEJSKI
1,0,0,2015,Pochmurno,Zderzenie pojazdów boczne,Pochmurno,Noc - droga oświetlona,Jezdnia,EWK-103550809N,22,2015-12-11,Nieokreślone (puste pole),21*35'242,52*59'394,4403W,Obszar zabudowany,Odcinek prosty,Droga powiatowa,Jednojezdniowa dwukierunkowa,N,POWIAT OSTROŁĘCKI,RZEKUŃ - OBSZAR WIEJSKI
1,0,2,2015,Pochmurno,Zderzenie pojazdów boczne,Pochmurno,Noc - droga oświetlona,Jezdnia,EWK-103573709P,17,2015-12-16,Lekko,19*28'291,52*24'457,S60G,Obszar niezabudowany,,Droga krajowa,Dwie jezdnie jednokierunkowe,N,POWIAT GOSTYNIŃSKI,GOSTYNIN - OBSZAR WIEJSKI
1,0,1,2015,Pochmurno,Zderzenie pojazdów boczne,Pochmurno,Noc - droga oświetlona,Jezdnia,EWK-98720652D,17,2015-01-12,Lekko,21*25'458,51*27'549,P3523W,Obszar zabudowany,Odcinek prosty,Droga powiatowa,Jednojezdniowa dwukierunkowa,N,POWIAT RADOMSKI,PIONKI - OBSZAR MIEJSKI
1,0,0,2015,Pochmurno,Zderzenie pojazdów boczne,Pochmurno,Noc - droga oświetlona,Jezdnia,EWK-98720652D,17,2015-01-12,Nieokreślone (puste pole),21*25'458,51*27'549,P3523W,Obszar zabudowany,Odcinek prosty,Droga powiatowa,Jednojezdniowa dwukierunkowa,N,POWIAT RADOMSKI,PIONKI - OBSZAR MIEJSKI
1,0,1,2015,Pochmurno,Zderzenie pojazdów boczne,Pochmurno,Noc - droga oświetlona,Jezdnia,EWK-98765771W,19,2015-02-14,Lekko,21*32'514,52*46'204,P2648W,Obszar zabudowany,,Droga powiatowa,Jednojezdniowa dwukierunkowa,N,POWIAT WYSZKOWSKI,DŁUGOSIODŁO - OBSZAR WIEJSKI
1,0,0,2015,Pochmurno,Zderzenie pojazdów boczne,Pochmurno,Noc - droga oświetlona,Jezdnia,EWK-98765771W,19,2015-02-14,Nieokreślone (puste pole),21*32'514,52*46'204,P2648W,Obszar zabudowany,,Droga powiatowa,Jednojezdniowa dwukierunkowa,N,POWIAT WYSZKOWSKI,DŁUGOSIODŁO - OBSZAR WIEJSKI
1,0,2,2015,Pochmurno,Zderzenie pojazdów boczne,Pochmurno,Noc - droga oświetlona,Jezdnia,EWK-98771525M,18,2015-02-20,Lekko,21*09'287,51*23'261,P5331W,Obszar zabudowany,Odcinek prosty,Droga powiatowa,Jednojezdniowa dwukierunkowa,N,POWIAT RADOM,RADOM - OBSZAR MIEJSKI
1,0,0,2015,Pochmurno,Zderzenie pojazdów boczne,Pochmurno,Noc - droga oświetlona,Jezdnia,EWK-98771525M,18,2015-02-20,Nieokreślone (puste pole),21*09'287,51*23'261,P5331W,Obszar zabudowany,Odcinek prosty,Droga powiatowa,Jednojezdniowa dwukierunkowa,N,POWIAT RADOM,RADOM - OBSZAR MIEJSKI
1,0,1,2015,Pochmurno,Zderzenie pojazdów boczne,Pochmurno,Noc - droga oświetlona,Jezdnia,EWK-98812807M,21,2015-03-30,Lekko,20*56'148,51*22'292,12,Obszar zabudowany,Odcinek prosty,Droga krajowa,Jednojezdniowa dwukierunkowa,N,POWIAT RADOMSKI,WOLANÓW - OBSZAR WIEJSKI
1,0,0,2015,Pochmurno,Zderzenie pojazdów boczne,Pochmurno,Noc - droga oświetlona,Jezdnia,EWK-98812807M,21,2015-03-30,Nieokreślone (puste pole),20*56'148,51*22'292,12,Obszar zabudowany,Odcinek prosty,Droga krajowa,Jednojezdniowa dwukierunkowa,N,POWIAT RADOMSKI,WOLANÓW - OBSZAR WIEJSKI
1,0,1,2015,Pochmurno,Zderzenie pojazdów boczne,Pochmurno,Noc - droga oświetlona,Jezdnia,EWK-99288728K,16,2015-10-29,Lekko,20*37'098,52*52'369,G121267W,Obszar zabudowany,,Droga gminna,Jednojezdniowa dwukierunkowa,N,POWIAT CIECHANOWSKI,CIECHANÓW - OBSZAR MIEJSKI
1,0,0,2015,Pochmurno,Zderzenie pojazdów boczne,Pochmurno,Noc - droga oświetlona,Jezdnia,EWK-99288728K,16,2015-10-29,Nieokreślone (puste pole),20*37'098,52*52'369,G121267W,Obszar zabudowany,,Droga gminna,Jednojezdniowa dwukierunkowa,N,POWIAT CIECHANOWSKI,CIECHANÓW - OBSZAR MIEJSKI
1,0,1,2015,Pochmurno,Zderzenie pojazdów boczne,Pochmurno,Noc - droga oświetlona,Jezdnia,EWK-99346316K,5,2015-11-20,Lekko,20*27'405,52*03'142,719,Obszar zabudowany,Odcinek prosty,Droga wojewódzka,Jednojezdniowa dwukierunkowa,N,POWIAT ŻYRARDOWSKI,ŻYRARDÓW - OBSZAR MIEJSKI
1,0,0,2015,Pochmurno,Zderzenie pojazdów boczne,Pochmurno,Noc - droga oświetlona,Jezdnia,EWK-99346316K,5,2015-11-20,Nieokreślone (puste pole),20*27'405,52*03'142,719,Obszar zabudowany,Odcinek prosty,Droga wojewódzka,Jednojezdniowa dwukierunkowa,N,POWIAT ŻYRARDOWSKI,ŻYRARDÓW - OBSZAR MIEJSKI
1,0,1,2015,Pochmurno,Zderzenie pojazdów boczne,Pochmurno,"Zmrok, świt",Jezdnia,EWK-103573155L,7,2015-12-16,Lekko,20*21'311,52*13'068,92,Obszar niezabudowany,Odcinek prosty,Droga krajowa,Jednojezdniowa dwukierunkowa,N,POWIAT SOCHACZEWSKI,SOCHACZEW - OBSZAR WIEJSKI
1,0,0,2015,Pochmurno,Zderzenie pojazdów boczne,Pochmurno,"Zmrok, świt",Jezdnia,EWK-103573155L,7,2015-12-16,Nieokreślone (puste pole),20*21'311,52*13'068,92,Obszar niezabudowany,Odcinek prosty,Droga krajowa,Jednojezdniowa dwukierunkowa,N,POWIAT SOCHACZEWSKI,SOCHACZEW - OBSZAR WIEJSKI
1,0,1,2015,Pochmurno,Zderzenie pojazdów boczne,Pochmurno,"Zmrok, świt",Jezdnia,EWK-98910924C,3,2015-05-19,Lekko,20*27'584,53*00'232,615,Obszar niezabudowany,Odcinek prosty,Droga wojewódzka,Jednojezdniowa dwukierunkowa,N,POWIAT MŁAWSKI,STUPSK - OBSZAR WIEJSKI
1,0,0,2015,Pochmurno,Zderzenie pojazdów boczne,Pochmurno,"Zmrok, świt",Jezdnia,EWK-98910924C,3,2015-05-19,Nieokreślone (puste pole),20*27'584,53*00'232,615,Obszar niezabudowany,Odcinek prosty,Droga wojewódzka,Jednojezdniowa dwukierunkowa,N,POWIAT MŁAWSKI,STUPSK - OBSZAR WIEJSKI
1,0,1,2015,Pochmurno,Zderzenie pojazdów boczne,Pochmurno,"Zmrok, świt",Jezdnia,EWK-99032437M,21,2015-07-14,Lekko,20*45'156,52*40'198,620,Obszar zabudowany,,Droga wojewódzka,Jednojezdniowa dwukierunkowa,N,POWIAT PUŁTUSKI,ŚWIERCZE - OBSZAR WIEJSKI
1,0,0,2015,Pochmurno,Zderzenie pojazdów boczne,Pochmurno,"Zmrok, świt",Jezdnia,EWK-99032437M,21,2015-07-14,Nieokreślone (puste pole),20*45'156,52*40'198,620,Obszar zabudowany,,Droga wojewódzka,Jednojezdniowa dwukierunkowa,N,POWIAT PUŁTUSKI,ŚWIERCZE - OBSZAR WIEJSKI
1,0,1,2015,Pochmurno,Zderzenie pojazdów boczne,Pochmurno,"Zmrok, świt",Jezdnia,EWK-99311856L,16,2015-11-07,Lekko,20*58'147,51*38'571,48,Obszar niezabudowany,,Droga krajowa,Dwie jezdnie jednokierunkowe,N,POWIAT BIAŁOBRZESKI,BIAŁOBRZEGI - OBSZAR WIEJSKI
1,0,0,2015,Pochmurno,Zderzenie pojazdów boczne,Pochmurno,"Zmrok, świt",Jezdnia,EWK-99311856L,16,2015-11-07,Nieokreślone (puste pole),20*58'147,51*38'571,48,Obszar niezabudowany,,Droga krajowa,Dwie jezdnie jednokierunkowe,N,POWIAT BIAŁOBRZESKI,BIAŁOBRZEGI - OBSZAR WIEJSKI
1,0,1,2015,Pochmurno,Zderzenie pojazdów boczne,Pochmurno,"Zmrok, świt",Jezdnia,EWK-99377313L,15,2015-11-21,Lekko,21*51'413,51*52'288,P1330W,Obszar zabudowany,,Droga powiatowa,Jednojezdniowa dwukierunkowa,N,POWIAT GARWOLIŃSKI,MIASTKÓW KOŚCIELNY - OBSZAR WIEJSKI
1,0,0,2015,Pochmurno,Zderzenie pojazdów boczne,Pochmurno,"Zmrok, świt",Jezdnia,EWK-99377313L,15,2015-11-21,Nieokreślone (puste pole),21*51'413,51*52'288,P1330W,Obszar zabudowany,,Droga powiatowa,Jednojezdniowa dwukierunkowa,N,POWIAT GARWOLIŃSKI,MIASTKÓW KOŚCIELNY - OBSZAR WIEJSKI
1,0,1,2015,Pochmurno,Zderzenie pojazdów boczne,Pochmurno,Światło dzienne,Jezdnia,EWK-103476927P,9,2015-12-02,Lekko,20*31'448,51*58'395,GMINNA,Obszar zabudowany,,Droga gminna,Jednojezdniowa dwukierunkowa,N,POWIAT ŻYRARDOWSKI,MSZCZONÓW - OBSZAR MIEJSKI
1,0,0,2015,Pochmurno,Zderzenie pojazdów boczne,Pochmurno,Światło dzienne,Jezdnia,EWK-103476927P,9,2015-12-02,Nieokreślone (puste pole),20*31'448,51*58'395,GMINNA,Obszar zabudowany,,Droga gminna,Jednojezdniowa dwukierunkowa,N,POWIAT ŻYRARDOWSKI,MSZCZONÓW - OBSZAR MIEJSKI
1,0,1,2015,Pochmurno,Zderzenie pojazdów boczne,Pochmurno,Światło dzienne,Jezdnia,EWK-103531646N,11,2015-12-12,Lekko,19*40'050,52*51'149,541,Obszar zabudowany,,Droga wojewódzka,Jednojezdniowa dwukierunkowa,N,POWIAT SIERPECKI,SIERPC - OBSZAR MIEJSKI
1,0,0,2015,Pochmurno,Zderzenie pojazdów boczne,Pochmurno,Światło dzienne,Jezdnia,EWK-103531646N,11,2015-12-12,Nieokreślone (puste pole),19*40'050,52*51'149,541,Obszar zabudowany,,Droga wojewódzka,Jednojezdniowa dwukierunkowa,N,POWIAT SIERPECKI,SIERPC - OBSZAR MIEJSKI
1,1,0,2015,Pochmurno,Zderzenie pojazdów boczne,Pochmurno,Światło dzienne,Jezdnia,EWK-103549805P,18,2015-12-12,Nieokreślone (puste pole),21*32'270,53*01'441,2569W,Obszar niezabudowany,Odcinek prosty,Droga powiatowa,Jednojezdniowa dwukierunkowa,N,POWIAT OSTROŁĘCKI,RZEKUŃ - OBSZAR WIEJSKI
1,0,1,2015,Pochmurno,Zderzenie pojazdów boczne,Pochmurno,Światło dzienne,Jezdnia,EWK-103563348C,8,2015-12-14,Ciężko,20*27'427,52*02'012,GMINNA,Obszar niezabudowany,,Droga gminna,Jednojezdniowa dwukierunkowa,N,POWIAT ŻYRARDOWSKI,ŻYRARDÓW - OBSZAR MIEJSKI