Liczba wypadków,Liczba zabitych,Liczba rannych,Rok,Warunki atmosferyczne,Rodzaj zdarzenia,Warunki atmosferyczne,Oświetlenie,Charakterystyka miejsca zdarzenia,IDKSIP zdarzenia,Godzina,Dzień,Ranny,GPS x,GPS y,Numer drogi,Obszar,Geometria drogi,Kategoria drogi 1,Rodzaj drogi,Czy w zdarzeniu był sprawca nietrzeźwy,Powiat,Gmina
1,0,0,2015,Pochmurno,Zderzenie pojazdów boczne,Pochmurno,Światło dzienne,Jezdnia,EWK-103563348C,8,2015-12-14,Nieokreślone (puste pole),20*27'427,52*02'012,GMINNA,Obszar niezabudowany,,Droga gminna,Jednojezdniowa dwukierunkowa,N,POWIAT ŻYRARDOWSKI,ŻYRARDÓW - OBSZAR MIEJSKI
1,0,6,2015,Pochmurno,Zderzenie pojazdów boczne,Pochmurno,Światło dzienne,Jezdnia,EWK-103699912U,10,2015-12-12,Lekko,21*39'230,51*51'206,S17G,Obszar niezabudowany,Odcinek prosty,Droga krajowa,Ekspresowa,N,POWIAT GARWOLIŃSKI,GARWOLIN - OBSZAR WIEJSKI
1,0,1,2015,Pochmurno,Zderzenie pojazdów boczne,Pochmurno,Światło dzienne,Jezdnia,EWK-98722780D,15,2015-01-13,Lekko,19*46'378,52*31'523,62,Obszar zabudowany,,Droga krajowa,Jednojezdniowa dwukierunkowa,N,POWIAT PŁOCK,PŁOCK - OBSZAR MIEJSKI
1,0,0,2015,Pochmurno,Zderzenie pojazdów boczne,Pochmurno,Światło dzienne,Jezdnia,EWK-98722780D,15,2015-01-13,Nieokreślone (puste pole),19*46'378,52*31'523,62,Obszar zabudowany,,Droga krajowa,Jednojezdniowa dwukierunkowa,N,POWIAT PŁOCK,PŁOCK - OBSZAR MIEJSKI
1,0,1,2015,Pochmurno,Zderzenie pojazdów boczne,Pochmurno,Światło dzienne,Jezdnia,EWK-98760102E,12,2015-02-10,Ciężko,20*41'310,52*47'140,G120997W,Obszar zabudowany,,Droga gminna,Jednojezdniowa dwukierunkowa,N,POWIAT CIECHANOWSKI,SOŃSK - OBSZAR WIEJSKI
1,0,0,2015,Pochmurno,Zderzenie pojazdów boczne,Pochmurno,Światło dzienne,Jezdnia,EWK-98760102E,12,2015-02-10,Nieokreślone (puste pole),20*41'310,52*47'140,G120997W,Obszar zabudowany,,Droga gminna,Jednojezdniowa dwukierunkowa,N,POWIAT CIECHANOWSKI,SOŃSK - OBSZAR WIEJSKI
1,0,2,2015,Pochmurno,Zderzenie pojazdów boczne,Pochmurno,Światło dzienne,Jezdnia,EWK-98766731A,7,2015-02-18,Lekko,19*59'362,52*27'123,62,Obszar niezabudowany,,Droga krajowa,Jednojezdniowa dwukierunkowa,N,POWIAT PŁOCKI,BODZANÓW - OBSZAR WIEJSKI
1,0,3,2015,Pochmurno,Zderzenie pojazdów boczne,Pochmurno,Światło dzienne,Jezdnia,EWK-98769641W,8,2015-02-21,Lekko,20*10'458,52*14'344,50,Obszar niezabudowany,Odcinek prosty,Droga krajowa,Jednojezdniowa dwukierunkowa,N,POWIAT SOCHACZEWSKI,SOCHACZEW - OBSZAR WIEJSKI
1,0,1,2015,Pochmurno,Zderzenie pojazdów boczne,Pochmurno,Światło dzienne,Jezdnia,EWK-98774858J,7,2015-02-25,Ciężko,19*52'041,52*23'427,575,Obszar niezabudowany,,Droga wojewódzka,Jednojezdniowa dwukierunkowa,N,POWIAT PŁOCKI,SŁUBICE - OBSZAR WIEJSKI
1,0,0,2015,Pochmurno,Zderzenie pojazdów boczne,Pochmurno,Światło dzienne,Jezdnia,EWK-98774858J,7,2015-02-25,Nieokreślone (puste pole),19*52'041,52*23'427,575,Obszar niezabudowany,,Droga wojewódzka,Jednojezdniowa dwukierunkowa,N,POWIAT PŁOCKI,SŁUBICE - OBSZAR WIEJSKI
1,0,1,2015,Pochmurno,Zderzenie pojazdów boczne,Pochmurno,Światło dzienne,Jezdnia,EWK-98776437W,12,2015-02-25,Lekko,21*00'413,51*11'475,G400307W,Obszar zabudowany,Odcinek prosty,Droga gminna,Jednojezdniowa dwukierunkowa,N,POWIAT SZYDŁOWIECKI,MIRÓW - OBSZAR WIEJSKI
1,0,0,2015,Pochmurno,Zderzenie pojazdów boczne,Pochmurno,Światło dzienne,Jezdnia,EWK-98776437W,12,2015-02-25,Nieokreślone (puste pole),21*00'413,51*11'475,G400307W,Obszar zabudowany,Odcinek prosty,Droga gminna,Jednojezdniowa dwukierunkowa,N,POWIAT SZYDŁOWIECKI,MIRÓW - OBSZAR WIEJSKI
1,0,1,2015,Pochmurno,Zderzenie pojazdów boczne,Pochmurno,Światło dzienne,Jezdnia,EWK-98784578U,10,2015-03-05,Lekko,21*00'363,51*23'108,12,Obszar niezabudowany,Odcinek prosty,Droga krajowa,Jednojezdniowa dwukierunkowa,N,POWIAT RADOMSKI,WOLANÓW - OBSZAR WIEJSKI
1,0,0,2015,Pochmurno,Zderzenie pojazdów boczne,Pochmurno,Światło dzienne,Jezdnia,EWK-98784578U,10,2015-03-05,Nieokreślone (puste pole),21*00'363,51*23'108,12,Obszar niezabudowany,Odcinek prosty,Droga krajowa,Jednojezdniowa dwukierunkowa,N,POWIAT RADOMSKI,WOLANÓW - OBSZAR WIEJSKI
1,0,1,2015,Pochmurno,Zderzenie pojazdów boczne,Pochmurno,Światło dzienne,Jezdnia,EWK-98803398G,7,2015-03-22,Lekko,21*10'032,51*24'457,P5305W,Obszar zabudowany,Odcinek prosty,Droga powiatowa,Jednojezdniowa dwukierunkowa,N,POWIAT RADOM,RADOM - OBSZAR MIEJSKI
1,0,0,2015,Pochmurno,Zderzenie pojazdów boczne,Pochmurno,Światło dzienne,Jezdnia,EWK-98803398G,7,2015-03-22,Nieokreślone (puste pole),21*10'032,51*24'457,P5305W,Obszar zabudowany,Odcinek prosty,Droga powiatowa,Jednojezdniowa dwukierunkowa,N,POWIAT RADOM,RADOM - OBSZAR MIEJSKI
1,0,1,2015,Pochmurno,Zderzenie pojazdów boczne,Pochmurno,Światło dzienne,Jezdnia,EWK-98822474K,15,2015-04-01,Ciężko,21*20'290,52*34'270,62,Obszar niezabudowany,,Droga krajowa,Jednojezdniowa dwukierunkowa,N,POWIAT WYSZKOWSKI,SOMIANKA - OBSZAR WIEJSKI
1,0,0,2015,Pochmurno,Zderzenie pojazdów boczne,Pochmurno,Światło dzienne,Jezdnia,EWK-98822474K,15,2015-04-01,Nieokreślone (puste pole),21*20'290,52*34'270,62,Obszar niezabudowany,,Droga krajowa,Jednojezdniowa dwukierunkowa,N,POWIAT WYSZKOWSKI,SOMIANKA - OBSZAR WIEJSKI
1,0,4,2015,Pochmurno,Zderzenie pojazdów boczne,Pochmurno,Światło dzienne,Jezdnia,EWK-98822799U,14,2015-04-03,Lekko,20*49'238,51*52'468,50,Obszar niezabudowany,,Droga krajowa,Jednojezdniowa dwukierunkowa,N,POWIAT GRÓJECKI,GRÓJEC - OBSZAR WIEJSKI
1,0,0,2015,Pochmurno,Zderzenie pojazdów boczne,Pochmurno,Światło dzienne,Jezdnia,EWK-98822799U,14,2015-04-03,Nieokreślone (puste pole),20*49'238,51*52'468,50,Obszar niezabudowany,,Droga krajowa,Jednojezdniowa dwukierunkowa,N,POWIAT GRÓJECKI,GRÓJEC - OBSZAR WIEJSKI
1,0,4,2015,Pochmurno,Zderzenie pojazdów boczne,Pochmurno,Światło dzienne,Jezdnia,EWK-98825988G,6,2015-04-07,Lekko,21*32'168,52*52'105,60,Obszar niezabudowany,,Droga krajowa,Jednojezdniowa dwukierunkowa,T,POWIAT OSTROŁĘCKI,GOWOROWO - OBSZAR WIEJSKI
1,0,0,2015,Pochmurno,Zderzenie pojazdów boczne,Pochmurno,Światło dzienne,Jezdnia,EWK-98825988G,6,2015-04-07,Nieokreślone (puste pole),21*32'168,52*52'105,60,Obszar niezabudowany,,Droga krajowa,Jednojezdniowa dwukierunkowa,T,POWIAT OSTROŁĘCKI,GOWOROWO - OBSZAR WIEJSKI
1,0,1,2015,Pochmurno,Zderzenie pojazdów boczne,Pochmurno,Światło dzienne,Jezdnia,EWK-98875961J,13,2015-05-01,Lekko,21*32'022,52*37'040,,Obszar zabudowany,Odcinek prosty,Nieokreślone (puste pole),Jednojezdniowa dwukierunkowa,T,POWIAT WYSZKOWSKI,BRAŃSZCZYK - OBSZAR WIEJSKI
1,0,0,2015,Pochmurno,Zderzenie pojazdów boczne,Pochmurno,Światło dzienne,Jezdnia,EWK-98875961J,13,2015-05-01,Nieokreślone (puste pole),21*32'022,52*37'040,,Obszar zabudowany,Odcinek prosty,Nieokreślone (puste pole),Jednojezdniowa dwukierunkowa,T,POWIAT WYSZKOWSKI,BRAŃSZCZYK - OBSZAR WIEJSKI
1,0,2,2015,Pochmurno,Zderzenie pojazdów boczne,Pochmurno,Światło dzienne,Jezdnia,EWK-98882376R,15,2015-05-10,Lekko,21*06'465,51*31'000,GMINNA,Obszar zabudowany,,Droga gminna,Jednojezdniowa dwukierunkowa,N,POWIAT RADOMSKI,JEDLIŃSK - OBSZAR WIEJSKI
1,0,0,2015,Pochmurno,Zderzenie pojazdów boczne,Pochmurno,Światło dzienne,Jezdnia,EWK-98882376R,15,2015-05-10,Nieokreślone (puste pole),21*06'465,51*31'000,GMINNA,Obszar zabudowany,,Droga gminna,Jednojezdniowa dwukierunkowa,N,POWIAT RADOMSKI,JEDLIŃSK - OBSZAR WIEJSKI
1,0,1,2015,Pochmurno,Zderzenie pojazdów boczne,Pochmurno,Światło dzienne,Jezdnia,EWK-98882662E,6,2015-05-11,Ciężko,21*20'382,53*10'463,2536W,Obszar niezabudowany,Odcinek prosty,Droga powiatowa,Jednojezdniowa dwukierunkowa,N,POWIAT OSTROŁĘCKI,BARANOWO - OBSZAR WIEJSKI
1,0,0,2015,Pochmurno,Zderzenie pojazdów boczne,Pochmurno,Światło dzienne,Jezdnia,EWK-98882662E,6,2015-05-11,Nieokreślone (puste pole),21*20'382,53*10'463,2536W,Obszar niezabudowany,Odcinek prosty,Droga powiatowa,Jednojezdniowa dwukierunkowa,N,POWIAT OSTROŁĘCKI,BARANOWO - OBSZAR WIEJSKI
1,0,1,2015,Pochmurno,Zderzenie pojazdów boczne,Pochmurno,Światło dzienne,Jezdnia,EWK-98894001X,16,2015-05-14,Lekko,21*11'387,51*23'497,P3528W,Obszar zabudowany,,Droga powiatowa,Jednojezdniowa dwukierunkowa,N,POWIAT RADOM,RADOM - OBSZAR MIEJSKI
1,0,0,2015,Pochmurno,Zderzenie pojazdów boczne,Pochmurno,Światło dzienne,Jezdnia,EWK-98894001X,16,2015-05-14,Nieokreślone (puste pole),21*11'387,51*23'497,P3528W,Obszar zabudowany,,Droga powiatowa,Jednojezdniowa dwukierunkowa,N,POWIAT RADOM,RADOM - OBSZAR MIEJSKI
1,0,1,2015,Pochmurno,Zderzenie pojazdów boczne,Pochmurno,Światło dzienne,Jezdnia,EWK-98918816N,15,2015-05-25,Lekko,21*08'374,51*26'508,7,Obszar zabudowany,,Droga krajowa,Jednojezdniowa dwukierunkowa,N,POWIAT RADOM,RADOM - OBSZAR MIEJSKI
1,0,0,2015,Pochmurno,Zderzenie pojazdów boczne,Pochmurno,Światło dzienne,Jezdnia,EWK-98918816N,15,2015-05-25,Nieokreślone (puste pole),21*08'374,51*26'508,7,Obszar zabudowany,,Droga krajowa,Jednojezdniowa dwukierunkowa,N,POWIAT RADOM,RADOM - OBSZAR MIEJSKI
1,0,3,2015,Pochmurno,Zderzenie pojazdów boczne,Pochmurno,Światło dzienne,Jezdnia,EWK-98965358W,20,2015-06-12,Lekko,19*42'461,52*37'204,5205W,Obszar niezabudowany,,Droga powiatowa,Jednojezdniowa dwukierunkowa,N,POWIAT PŁOCKI,STARA BIAŁA - OBSZAR WIEJSKI
1,0,1,2015,Pochmurno,Zderzenie pojazdów boczne,Pochmurno,Światło dzienne,Jezdnia,EWK-98982634D,18,2015-06-20,Lekko,21*05'070,51*24'025,12,Obszar zabudowany,,Droga krajowa,Jednojezdniowa dwukierunkowa,N,POWIAT RADOM,RADOM - OBSZAR MIEJSKI
1,0,0,2015,Pochmurno,Zderzenie pojazdów boczne,Pochmurno,Światło dzienne,Jezdnia,EWK-98982634D,18,2015-06-20,Nieokreślone (puste pole),21*05'070,51*24'025,12,Obszar zabudowany,,Droga krajowa,Jednojezdniowa dwukierunkowa,N,POWIAT RADOM,RADOM - OBSZAR MIEJSKI
1,0,1,2015,Pochmurno,Zderzenie pojazdów boczne,Pochmurno,Światło dzienne,Jezdnia,EWK-98983643Y,15,2015-06-19,Lekko,20*22'111,53*06'524,P2370W,Obszar zabudowany,,Droga powiatowa,Jednojezdniowa dwukierunkowa,N,POWIAT MŁAWSKI,MŁAWA - OBSZAR MIEJSKI
1,0,0,2015,Pochmurno,Zderzenie pojazdów boczne,Pochmurno,Światło dzienne,Jezdnia,EWK-98983643Y,15,2015-06-19,Nieokreślone (puste pole),20*22'111,53*06'524,P2370W,Obszar zabudowany,,Droga powiatowa,Jednojezdniowa dwukierunkowa,N,POWIAT MŁAWSKI,MŁAWA - OBSZAR MIEJSKI
1,0,2,2015,Pochmurno,Zderzenie pojazdów boczne,Pochmurno,Światło dzienne,Jezdnia,EWK-98989166W,8,2015-06-23,Lekko,21*09'050,51*25'216,P5339W,Obszar zabudowany,,Droga powiatowa,Jednojezdniowa dwukierunkowa,N,POWIAT RADOM,RADOM - OBSZAR MIEJSKI
1,0,0,2015,Pochmurno,Zderzenie pojazdów boczne,Pochmurno,Światło dzienne,Jezdnia,EWK-98989166W,8,2015-06-23,Nieokreślone (puste pole),21*09'050,51*25'216,P5339W,Obszar zabudowany,,Droga powiatowa,Jednojezdniowa dwukierunkowa,N,POWIAT RADOM,RADOM - OBSZAR MIEJSKI
1,0,3,2015,Pochmurno,Zderzenie pojazdów boczne,Pochmurno,Światło dzienne,Jezdnia,EWK-98994486J,18,2015-06-22,Lekko,20*14'040,52*26'076,P2991W,Obszar zabudowany,,Droga powiatowa,Jednojezdniowa dwukierunkowa,N,POWIAT PŁOŃSKI,CZERWIŃSK NAD WISŁĄ - OBSZAR WIEJSKI
1,0,1,2015,Pochmurno,Zderzenie pojazdów boczne,Pochmurno,Światło dzienne,Jezdnia,EWK-99052416C,20,2015-07-27,Lekko,19*40'317,52*51'410,10,Obszar zabudowany,,Droga krajowa,Jednojezdniowa dwukierunkowa,N,POWIAT SIERPECKI,SIERPC - OBSZAR MIEJSKI
1,0,0,2015,Pochmurno,Zderzenie pojazdów boczne,Pochmurno,Światło dzienne,Jezdnia,EWK-99052416C,20,2015-07-27,Nieokreślone (puste pole),19*40'317,52*51'410,10,Obszar zabudowany,,Droga krajowa,Jednojezdniowa dwukierunkowa,N,POWIAT SIERPECKI,SIERPC - OBSZAR MIEJSKI
1,0,1,2015,Pochmurno,Zderzenie pojazdów boczne,Pochmurno,Światło dzienne,Jezdnia,EWK-99052612K,16,2015-07-27,Lekko,21*12'078,51*49'142,GMINNA,Obszar zabudowany,,Droga gminna,Jednojezdniowa dwukierunkowa,N,POWIAT GRÓJECKI,WARKA - OBSZAR WIEJSKI
1,0,0,2015,Pochmurno,Zderzenie pojazdów boczne,Pochmurno,Światło dzienne,Jezdnia,EWK-99052612K,16,2015-07-27,Nieokreślone (puste pole),21*12'078,51*49'142,GMINNA,Obszar zabudowany,,Droga gminna,Jednojezdniowa dwukierunkowa,N,POWIAT GRÓJECKI,WARKA - OBSZAR WIEJSKI
1,1,0,2015,Pochmurno,Zderzenie pojazdów boczne,Pochmurno,Światło dzienne,Jezdnia,EWK-99056815C,5,2015-07-28,Nieokreślone (puste pole),20*11'154,52*13'248,50,Obszar niezabudowany,,Droga krajowa,Jednojezdniowa dwukierunkowa,N,POWIAT SOCHACZEWSKI,SOCHACZEW - OBSZAR WIEJSKI
1,0,1,2015,Pochmurno,Zderzenie pojazdów boczne,Pochmurno,Światło dzienne,Jezdnia,EWK-99068331P,16,2015-07-31,Ciężko,22*15'571,52*10'072,W628,Obszar zabudowany,,Droga wojewódzka,Jednojezdniowa dwukierunkowa,N,POWIAT SIEDLCE,SIEDLCE - OBSZAR MIEJSKI
1,0,0,2015,Pochmurno,Zderzenie pojazdów boczne,Pochmurno,Światło dzienne,Jezdnia,EWK-99068331P,16,2015-07-31,Nieokreślone (puste pole),22*15'571,52*10'072,W628,Obszar zabudowany,,Droga wojewódzka,Jednojezdniowa dwukierunkowa,N,POWIAT SIEDLCE,SIEDLCE - OBSZAR MIEJSKI
1,0,1,2015,Pochmurno,Zderzenie pojazdów boczne,Pochmurno,Światło dzienne,Jezdnia,EWK-99113419G,12,2015-08-23,Lekko,22*22'321,52*14'150,P3480D,Obszar niezabudowany,,Droga powiatowa,Jednojezdniowa dwukierunkowa,N,POWIAT SIEDLECKI,SUCHOŻEBRY - OBSZAR WIEJSKI
1,0,0,2015,Pochmurno,Zderzenie pojazdów boczne,Pochmurno,Światło dzienne,Jezdnia,EWK-99113419G,12,2015-08-23,Nieokreślone (puste pole),22*22'321,52*14'150,P3480D,Obszar niezabudowany,,Droga powiatowa,Jednojezdniowa dwukierunkowa,N,POWIAT SIEDLECKI,SUCHOŻEBRY - OBSZAR WIEJSKI
1,0,1,2015,Pochmurno,Zderzenie pojazdów boczne,Pochmurno,Światło dzienne,Jezdnia,EWK-99147384F,15,2015-09-06,Lekko,21*25'558,51*19'399,GMINNA,Obszar zabudowany,Odcinek prosty,Droga gminna,Jednojezdniowa dwukierunkowa,N,POWIAT ZWOLEŃSKI,TCZÓW - OBSZAR WIEJSKI
1,0,0,2015,Pochmurno,Zderzenie pojazdów boczne,Pochmurno,Światło dzienne,Jezdnia,EWK-99147384F,15,2015-09-06,Nieokreślone (puste pole),21*25'558,51*19'399,GMINNA,Obszar zabudowany,Odcinek prosty,Droga gminna,Jednojezdniowa dwukierunkowa,N,POWIAT ZWOLEŃSKI,TCZÓW - OBSZAR WIEJSKI
1,0,1,2015,Pochmurno,Zderzenie pojazdów boczne,Pochmurno,Światło dzienne,Jezdnia,EWK-99151052K,14,2015-09-07,Lekko,21*03'047,51*21'232,7,Obszar niezabudowany,,Droga krajowa,Jednojezdniowa dwukierunkowa,N,POWIAT RADOMSKI,KOWALA - OBSZAR WIEJSKI
1,0,0,2015,Pochmurno,Zderzenie pojazdów boczne,Pochmurno,Światło dzienne,Jezdnia,EWK-99151052K,14,2015-09-07,Nieokreślone (puste pole),21*03'047,51*21'232,7,Obszar niezabudowany,,Droga krajowa,Jednojezdniowa dwukierunkowa,N,POWIAT RADOMSKI,KOWALA - OBSZAR WIEJSKI
1,0,1,2015,Pochmurno,Zderzenie pojazdów boczne,Pochmurno,Światło dzienne,Jezdnia,EWK-99155443R,7,2015-09-08,Ciężko,21*14'283,52*36'077,P3432W,Obszar zabudowany,,Droga powiatowa,Jednojezdniowa dwukierunkowa,N,POWIAT PUŁTUSKI,ZATORY - OBSZAR WIEJSKI
1,0,0,2015,Pochmurno,Zderzenie pojazdów boczne,Pochmurno,Światło dzienne,Jezdnia,EWK-99155443R,7,2015-09-08,Nieokreślone (puste pole),21*14'283,52*36'077,P3432W,Obszar zabudowany,,Droga powiatowa,Jednojezdniowa dwukierunkowa,N,POWIAT PUŁTUSKI,ZATORY - OBSZAR WIEJSKI
1,0,1,2015,Pochmurno,Zderzenie pojazdów boczne,Pochmurno,Światło dzienne,Jezdnia,EWK-99156208T,7,2015-09-09,Lekko,20*52'112,51*13'062,P4015W,Obszar zabudowany,,Droga powiatowa,Jednojezdniowa dwukierunkowa,N,POWIAT SZYDŁOWIECKI,SZYDŁOWIEC - OBSZAR MIEJSKI
1,0,0,2015,Pochmurno,Zderzenie pojazdów boczne,Pochmurno,Światło dzienne,Jezdnia,EWK-99156208T,7,2015-09-09,Nieokreślone (puste pole),20*52'112,51*13'062,P4015W,Obszar zabudowany,,Droga powiatowa,Jednojezdniowa dwukierunkowa,N,POWIAT SZYDŁOWIECKI,SZYDŁOWIEC - OBSZAR MIEJSKI
1,0,1,2015,Pochmurno,Zderzenie pojazdów boczne,Pochmurno,Światło dzienne,Jezdnia,EWK-99181990A,16,2015-09-20,Lekko,21*40'478,52*31'540,62,Obszar zabudowany,Odcinek prosty,Droga krajowa,Jednojezdniowa dwukierunkowa,N,POWIAT WĘGROWSKI,ŁOCHÓW - OBSZAR MIEJSKI
1,0,0,2015,Pochmurno,Zderzenie pojazdów boczne,Pochmurno,Światło dzienne,Jezdnia,EWK-99181990A,16,2015-09-20,Nieokreślone (puste pole),21*40'478,52*31'540,62,Obszar zabudowany,Odcinek prosty,Droga krajowa,Jednojezdniowa dwukierunkowa,N,POWIAT WĘGROWSKI,ŁOCHÓW - OBSZAR MIEJSKI
1,0,1,2015,Pochmurno,Zderzenie pojazdów boczne,Pochmurno,Światło dzienne,Jezdnia,EWK-99212314H,16,2015-09-02,Lekko,21*43'100,51*47'497,17,Obszar niezabudowany,,Droga krajowa,Jednojezdniowa dwukierunkowa,N,POWIAT GARWOLIŃSKI,SOBOLEW - OBSZAR WIEJSKI
1,0,0,2015,Pochmurno,Zderzenie pojazdów boczne,Pochmurno,Światło dzienne,Jezdnia,EWK-99212314H,16,2015-09-02,Nieokreślone (puste pole),21*43'100,51*47'497,17,Obszar niezabudowany,,Droga krajowa,Jednojezdniowa dwukierunkowa,N,POWIAT GARWOLIŃSKI,SOBOLEW - OBSZAR WIEJSKI
1,0,1,2015,Pochmurno,Zderzenie pojazdów boczne,Pochmurno,Światło dzienne,Jezdnia,EWK-99212431T,19,2015-09-11,Ciężko,21*34'180,51*57'230,17,Obszar niezabudowany,,Droga krajowa,Jednojezdniowa dwukierunkowa,N,POWIAT GARWOLIŃSKI,PILAWA - OBSZAR WIEJSKI
1,0,1,2015,Pochmurno,Zderzenie pojazdów boczne,Pochmurno,Światło dzienne,Jezdnia,EWK-99212431T,19,2015-09-11,Lekko,21*34'180,51*57'230,17,Obszar niezabudowany,,Droga krajowa,Jednojezdniowa dwukierunkowa,N,POWIAT GARWOLIŃSKI,PILAWA - OBSZAR WIEJSKI
1,0,0,2015,Pochmurno,Zderzenie pojazdów boczne,Pochmurno,Światło dzienne,Jezdnia,EWK-99212431T,19,2015-09-11,Nieokreślone (puste pole),21*34'180,51*57'230,17,Obszar niezabudowany,,Droga krajowa,Jednojezdniowa dwukierunkowa,N,POWIAT GARWOLIŃSKI,PILAWA - OBSZAR WIEJSKI
1,0,1,2015,Pochmurno,Zderzenie pojazdów boczne,Pochmurno,Światło dzienne,Jezdnia,EWK-99239557A,10,2015-10-13,Lekko,21*04'504,51*54'086,P,Obszar zabudowany,Odcinek prosty,Droga powiatowa,Jednojezdniowa dwukierunkowa,N,POWIAT GRÓJECKI,CHYNÓW - OBSZAR WIEJSKI
1,0,0,2015,Pochmurno,Zderzenie pojazdów boczne,Pochmurno,Światło dzienne,Jezdnia,EWK-99239557A,10,2015-10-13,Nieokreślone (puste pole),21*04'504,51*54'086,P,Obszar zabudowany,Odcinek prosty,Droga powiatowa,Jednojezdniowa dwukierunkowa,N,POWIAT GRÓJECKI,CHYNÓW - OBSZAR WIEJSKI
1,1,0,2015,Pochmurno,Zderzenie pojazdów boczne,Pochmurno,Światło dzienne,Jezdnia,EWK-99243887K,9,2015-10-13,Nieokreślone (puste pole),20*34'270,52*02'020,W579,Obszar niezabudowany,"Zakręt, łuk",Droga wojewódzka,Jednojezdniowa dwukierunkowa,N,POWIAT ŻYRARDOWSKI,RADZIEJOWICE - OBSZAR WIEJSKI
1,0,1,2015,Pochmurno,Zderzenie pojazdów boczne,Pochmurno,Światło dzienne,Jezdnia,EWK-99257013C,16,2015-10-20,Lekko,19*42'392,52*32'103,P,Obszar zabudowany,,Droga powiatowa,Jednojezdniowa dwukierunkowa,N,POWIAT PŁOCK,PŁOCK - OBSZAR MIEJSKI
1,0,0,2015,Pochmurno,Zderzenie pojazdów boczne,Pochmurno,Światło dzienne,Jezdnia,EWK-99257013C,16,2015-10-20,Nieokreślone (puste pole),19*42'392,52*32'103,P,Obszar zabudowany,,Droga powiatowa,Jednojezdniowa dwukierunkowa,N,POWIAT PŁOCK,PŁOCK - OBSZAR MIEJSKI
1,0,1,2015,Pochmurno,Zderzenie pojazdów boczne,Pochmurno,Światło dzienne,Jezdnia,EWK-99297580D,14,2015-10-16,Lekko,20*11'324,53*00'588,P2333W,Obszar zabudowany,Odcinek prosty,Droga powiatowa,Jednojezdniowa dwukierunkowa,N,POWIAT MŁAWSKI,SZREŃSK - OBSZAR WIEJSKI
1,0,0,2015,Pochmurno,Zderzenie pojazdów boczne,Pochmurno,Światło dzienne,Jezdnia,EWK-99297580D,14,2015-10-16,Nieokreślone (puste pole),20*11'324,53*00'588,P2333W,Obszar zabudowany,Odcinek prosty,Droga powiatowa,Jednojezdniowa dwukierunkowa,N,POWIAT MŁAWSKI,SZREŃSK - OBSZAR WIEJSKI
1,1,0,2015,Pochmurno,Zderzenie pojazdów boczne,Pochmurno,Światło dzienne,Jezdnia,EWK-99314462E,13,2015-11-09,Nieokreślone (puste pole),20*59'431,51*19'005,7,Obszar zabudowany,Wzniesienie,Droga krajowa,Jednojezdniowa dwukierunkowa,T,POWIAT SZYDŁOWIECKI,OROŃSKO - OBSZAR WIEJSKI
1,0,2,2015,Pochmurno,Zderzenie pojazdów boczne,Pochmurno,Światło dzienne,Jezdnia,EWK-99319359Y,11,2015-11-10,Lekko,20*15'170,51*56'431,70,Obszar zabudowany,Wierzchołek wzn.,Droga krajowa,Jednojezdniowa dwukierunkowa,N,POWIAT ŻYRARDOWSKI,PUSZCZA MARIAŃSKA - OBSZAR WIEJSKI
1,0,1,2015,Pochmurno,Zderzenie pojazdów boczne,Pochmurno,Światło dzienne,Jezdnia,EWK-99350159H,10,2015-11-21,Lekko,21*32'392,52*46'249,P2648W,Obszar zabudowany,Odcinek prosty,Droga powiatowa,Jednojezdniowa dwukierunkowa,N,POWIAT WYSZKOWSKI,DŁUGOSIODŁO - OBSZAR WIEJSKI
1,0,0,2015,Pochmurno,Zderzenie pojazdów boczne,Pochmurno,Światło dzienne,Jezdnia,EWK-99350159H,10,2015-11-21,Nieokreślone (puste pole),21*32'392,52*46'249,P2648W,Obszar zabudowany,Odcinek prosty,Droga powiatowa,Jednojezdniowa dwukierunkowa,N,POWIAT WYSZKOWSKI,DŁUGOSIODŁO - OBSZAR WIEJSKI
1,0,1,2015,Pochmurno,Zderzenie pojazdów boczne,Pochmurno,Światło dzienne,Jezdnia,EWK-99366635L,11,2015-11-28,Lekko,19*59'363,52*27'123,62,Obszar niezabudowany,,Droga krajowa,Jednojezdniowa dwukierunkowa,N,POWIAT PŁOCKI,BODZANÓW - OBSZAR WIEJSKI
1,0,0,2015,Pochmurno,Zderzenie pojazdów boczne,Pochmurno,Światło dzienne,Jezdnia,EWK-99366635L,11,2015-11-28,Nieokreślone (puste pole),19*59'363,52*27'123,62,Obszar niezabudowany,,Droga krajowa,Jednojezdniowa dwukierunkowa,N,POWIAT PŁOCKI,BODZANÓW - OBSZAR WIEJSKI
1,0,2,2015,Pochmurno,Zderzenie pojazdów boczne,Pochmurno,Światło dzienne,Jezdnia,EWK-99376332Q,7,2015-11-07,Lekko,21*43'503,51*50'156,31328W,Obszar niezabudowany,"Zakręt, łuk",Droga powiatowa,Jednojezdniowa dwukierunkowa,N,POWIAT GARWOLIŃSKI,GÓRZNO - OBSZAR WIEJSKI
1,0,1,2015,Pochmurno,Zderzenie pojazdów boczne,Pochmurno,Światło dzienne,Jezdnia,EWK-99376362G,14,2015-11-11,Lekko,21*33'360,51*57'263,805,Obszar zabudowany,,Droga wojewódzka,Jednojezdniowa dwukierunkowa,N,POWIAT GARWOLIŃSKI,PILAWA - OBSZAR WIEJSKI
1,0,0,2015,Pochmurno,Zderzenie pojazdów boczne,Pochmurno,Światło dzienne,Jezdnia,EWK-99376362G,14,2015-11-11,Nieokreślone (puste pole),21*33'360,51*57'263,805,Obszar zabudowany,,Droga wojewódzka,Jednojezdniowa dwukierunkowa,N,POWIAT GARWOLIŃSKI,PILAWA - OBSZAR WIEJSKI
1,0,1,2015,Pochmurno,Zderzenie pojazdów boczne,Pochmurno,Światło dzienne,Jezdnia,EWK-99376743N,10,2015-12-03,Lekko,20*23'578,53*06'473,7,Obszar niezabudowany,,Droga krajowa,Jednojezdniowa dwukierunkowa,N,POWIAT MŁAWSKI,MŁAWA - OBSZAR MIEJSKI
1,0,0,2015,Pochmurno,Zderzenie pojazdów boczne,Pochmurno,Światło dzienne,Jezdnia,EWK-99376743N,10,2015-12-03,Nieokreślone (puste pole),20*23'578,53*06'473,7,Obszar niezabudowany,,Droga krajowa,Jednojezdniowa dwukierunkowa,N,POWIAT MŁAWSKI,MŁAWA - OBSZAR MIEJSKI