Liczba wypadków,Liczba zabitych,Liczba rannych,Rok,Warunki atmosferyczne,Rodzaj zdarzenia,Warunki atmosferyczne,Oświetlenie,Charakterystyka miejsca zdarzenia,IDKSIP zdarzenia,Godzina,Dzień,Ranny,GPS x,GPS y,Numer drogi,Obszar,Geometria drogi,Kategoria drogi 1,Rodzaj drogi,Czy w zdarzeniu był sprawca nietrzeźwy,Powiat,Gmina
1,0,1,2015,Pochmurno,Zderzenie pojazdów boczne,Pochmurno,Światło dzienne,Przejście dla pieszych,EWK-98882297L,10,2015-05-06,Ciężko,19*34'427,52*27'224,60,Obszar niezabudowany,,Droga krajowa,Jednojezdniowa dwukierunkowa,N,POWIAT PŁOCKI,ŁĄCK - OBSZAR WIEJSKI
1,0,0,2015,Pochmurno,Zderzenie pojazdów boczne,Pochmurno,Światło dzienne,Przejście dla pieszych,EWK-98882297L,10,2015-05-06,Nieokreślone (puste pole),19*34'427,52*27'224,60,Obszar niezabudowany,,Droga krajowa,Jednojezdniowa dwukierunkowa,N,POWIAT PŁOCKI,ŁĄCK - OBSZAR WIEJSKI
1,0,1,2015,Pochmurno,Zderzenie pojazdów boczne,Pochmurno,Światło dzienne,"Wjazd, wyjazd z posesji, pola",EWK-98733094L,11,2015-01-08,Lekko,21*34'324,51*49'083,31325W,Obszar niezabudowany,Odcinek prosty,Droga powiatowa,Jednojezdniowa dwukierunkowa,N,POWIAT GARWOLIŃSKI,ŁASKARZEW - OBSZAR WIEJSKI
1,0,0,2015,Pochmurno,Zderzenie pojazdów boczne,Pochmurno,Światło dzienne,"Wjazd, wyjazd z posesji, pola",EWK-98733094L,11,2015-01-08,Nieokreślone (puste pole),21*34'324,51*49'083,31325W,Obszar niezabudowany,Odcinek prosty,Droga powiatowa,Jednojezdniowa dwukierunkowa,N,POWIAT GARWOLIŃSKI,ŁASKARZEW - OBSZAR WIEJSKI
1,0,1,2015,Pochmurno,Zderzenie pojazdów czołowe,Pochmurno,Noc - droga nieoświetlona,Jezdnia,EWK-103573315T,17,2015-12-16,Lekko,19*35'316,52*32'234,62,Obszar zabudowany,"Zakręt, łuk",Droga krajowa,Jednojezdniowa dwukierunkowa,N,POWIAT PŁOCKI,NOWY DUNINÓW - OBSZAR WIEJSKI
1,0,0,2015,Pochmurno,Zderzenie pojazdów czołowe,Pochmurno,Noc - droga nieoświetlona,Jezdnia,EWK-103573315T,17,2015-12-16,Nieokreślone (puste pole),19*35'316,52*32'234,62,Obszar zabudowany,"Zakręt, łuk",Droga krajowa,Jednojezdniowa dwukierunkowa,N,POWIAT PŁOCKI,NOWY DUNINÓW - OBSZAR WIEJSKI
1,0,1,2015,Pochmurno,Zderzenie pojazdów czołowe,Pochmurno,Noc - droga nieoświetlona,Jezdnia,EWK-103621480W,16,2015-12-19,Lekko,21*00'543,52*34'282,P3416W,Obszar niezabudowany,Odcinek prosty,Droga powiatowa,Jednojezdniowa dwukierunkowa,T,POWIAT PUŁTUSKI,POKRZYWNICA - OBSZAR WIEJSKI
1,0,0,2015,Pochmurno,Zderzenie pojazdów czołowe,Pochmurno,Noc - droga nieoświetlona,Jezdnia,EWK-103621480W,16,2015-12-19,Nieokreślone (puste pole),21*00'543,52*34'282,P3416W,Obszar niezabudowany,Odcinek prosty,Droga powiatowa,Jednojezdniowa dwukierunkowa,T,POWIAT PUŁTUSKI,POKRZYWNICA - OBSZAR WIEJSKI
1,0,5,2015,Pochmurno,Zderzenie pojazdów czołowe,Pochmurno,Noc - droga nieoświetlona,Jezdnia,EWK-103662934C,17,2015-12-25,Lekko,20*54'360,51*40'152,P1104W,Obszar niezabudowany,,Droga powiatowa,Jednojezdniowa dwukierunkowa,T,POWIAT BIAŁOBRZESKI,PROMNA - OBSZAR WIEJSKI
1,0,2,2015,Pochmurno,Zderzenie pojazdów czołowe,Pochmurno,Noc - droga nieoświetlona,Jezdnia,EWK-98713995C,18,2015-01-05,Ciężko,21*05'157,51*24'032,12,Obszar niezabudowany,"Zakręt, łuk",Droga krajowa,Jednojezdniowa dwukierunkowa,N,POWIAT RADOM,RADOM - OBSZAR MIEJSKI
1,0,1,2015,Pochmurno,Zderzenie pojazdów czołowe,Pochmurno,Noc - droga nieoświetlona,Jezdnia,EWK-98713995C,18,2015-01-05,Lekko,21*05'157,51*24'032,12,Obszar niezabudowany,"Zakręt, łuk",Droga krajowa,Jednojezdniowa dwukierunkowa,N,POWIAT RADOM,RADOM - OBSZAR MIEJSKI
1,1,0,2015,Pochmurno,Zderzenie pojazdów czołowe,Pochmurno,Noc - droga nieoświetlona,Jezdnia,EWK-98735137U,18,2015-01-21,Nieokreślone (puste pole),19*54'341,52*22'364,575,Obszar niezabudowany,Odcinek prosty,Droga wojewódzka,Jednojezdniowa dwukierunkowa,T,POWIAT PŁOCKI,SŁUBICE - OBSZAR WIEJSKI
1,0,2,2015,Pochmurno,Zderzenie pojazdów czołowe,Pochmurno,Noc - droga oświetlona,Jezdnia,EWK-98714824X,16,2015-01-04,Lekko,22*05'294,52*27'488,36121W,Obszar zabudowany,,Droga powiatowa,Jednojezdniowa dwukierunkowa,N,POWIAT WĘGROWSKI,MIEDZNA - OBSZAR WIEJSKI
1,0,0,2015,Pochmurno,Zderzenie pojazdów czołowe,Pochmurno,Noc - droga oświetlona,Jezdnia,EWK-98714824X,16,2015-01-04,Nieokreślone (puste pole),22*05'294,52*27'488,36121W,Obszar zabudowany,,Droga powiatowa,Jednojezdniowa dwukierunkowa,N,POWIAT WĘGROWSKI,MIEDZNA - OBSZAR WIEJSKI
1,0,1,2015,Pochmurno,Zderzenie pojazdów czołowe,Pochmurno,Noc - droga oświetlona,Jezdnia,EWK-98762219G,3,2015-02-13,Lekko,20*28'106,51*23'525,12,Obszar zabudowany,"Zakręt, łuk; Spadek",Droga krajowa,Jednojezdniowa dwukierunkowa,N,POWIAT PRZYSUSKI,GIELNIÓW - OBSZAR WIEJSKI
1,0,0,2015,Pochmurno,Zderzenie pojazdów czołowe,Pochmurno,Noc - droga oświetlona,Jezdnia,EWK-98762219G,3,2015-02-13,Nieokreślone (puste pole),20*28'106,51*23'525,12,Obszar zabudowany,"Zakręt, łuk; Spadek",Droga krajowa,Jednojezdniowa dwukierunkowa,N,POWIAT PRZYSUSKI,GIELNIÓW - OBSZAR WIEJSKI
1,0,1,2015,Pochmurno,Zderzenie pojazdów czołowe,Pochmurno,"Zmrok, świt",Jezdnia,EWK-103384805W,7,2015-12-03,Ciężko,20*03'201,52*17'505,577,Obszar niezabudowany,Odcinek prosty,Droga wojewódzka,Jednojezdniowa dwukierunkowa,N,POWIAT SOCHACZEWSKI,IŁÓW - OBSZAR WIEJSKI
1,0,4,2015,Pochmurno,Zderzenie pojazdów czołowe,Pochmurno,"Zmrok, świt",Jezdnia,EWK-103384805W,7,2015-12-03,Lekko,20*03'201,52*17'505,577,Obszar niezabudowany,Odcinek prosty,Droga wojewódzka,Jednojezdniowa dwukierunkowa,N,POWIAT SOCHACZEWSKI,IŁÓW - OBSZAR WIEJSKI
1,0,0,2015,Pochmurno,Zderzenie pojazdów czołowe,Pochmurno,"Zmrok, świt",Jezdnia,EWK-103384805W,7,2015-12-03,Nieokreślone (puste pole),20*03'201,52*17'505,577,Obszar niezabudowany,Odcinek prosty,Droga wojewódzka,Jednojezdniowa dwukierunkowa,N,POWIAT SOCHACZEWSKI,IŁÓW - OBSZAR WIEJSKI
1,0,1,2015,Pochmurno,Zderzenie pojazdów czołowe,Pochmurno,"Zmrok, świt",Jezdnia,EWK-103495835P,5,2015-12-10,Lekko,21*32'438,53*05'540,53,Obszar niezabudowany,,Droga krajowa,Jednojezdniowa dwukierunkowa,N,POWIAT OSTROŁĘCKI,OLSZEWO-BORKI - OBSZAR WIEJSKI
1,0,0,2015,Pochmurno,Zderzenie pojazdów czołowe,Pochmurno,"Zmrok, świt",Jezdnia,EWK-103495835P,5,2015-12-10,Nieokreślone (puste pole),21*32'438,53*05'540,53,Obszar niezabudowany,,Droga krajowa,Jednojezdniowa dwukierunkowa,N,POWIAT OSTROŁĘCKI,OLSZEWO-BORKI - OBSZAR WIEJSKI
1,0,2,2015,Pochmurno,Zderzenie pojazdów czołowe,Pochmurno,"Zmrok, świt",Jezdnia,EWK-99281965M,17,2015-10-27,Lekko,21*21'026,51*16'407,P3536W,Obszar zabudowany,Odcinek prosty,Droga powiatowa,Jednojezdniowa dwukierunkowa,T,POWIAT ZWOLEŃSKI,KAZANÓW - OBSZAR WIEJSKI
1,0,0,2015,Pochmurno,Zderzenie pojazdów czołowe,Pochmurno,"Zmrok, świt",Jezdnia,EWK-99281965M,17,2015-10-27,Nieokreślone (puste pole),21*21'026,51*16'407,P3536W,Obszar zabudowany,Odcinek prosty,Droga powiatowa,Jednojezdniowa dwukierunkowa,T,POWIAT ZWOLEŃSKI,KAZANÓW - OBSZAR WIEJSKI
1,0,1,2015,Pochmurno,Zderzenie pojazdów czołowe,Pochmurno,Światło dzienne,Jezdnia,EWK-103573186F,7,2015-12-16,Lekko,20*25'008,52*12'059,GMINNA,Obszar zabudowany,Odcinek prosty,Droga gminna,Jednojezdniowa dwukierunkowa,N,POWIAT SOCHACZEWSKI,TERESIN - OBSZAR WIEJSKI
1,0,0,2015,Pochmurno,Zderzenie pojazdów czołowe,Pochmurno,Światło dzienne,Jezdnia,EWK-103573186F,7,2015-12-16,Nieokreślone (puste pole),20*25'008,52*12'059,GMINNA,Obszar zabudowany,Odcinek prosty,Droga gminna,Jednojezdniowa dwukierunkowa,N,POWIAT SOCHACZEWSKI,TERESIN - OBSZAR WIEJSKI
1,0,1,2015,Pochmurno,Zderzenie pojazdów czołowe,Pochmurno,Światło dzienne,Jezdnia,EWK-98742330D,10,2015-01-28,Lekko,21*08'182,51*23'260,12,Obszar zabudowany,Odcinek prosty,Droga krajowa,Dwie jezdnie jednokierunkowe,N,POWIAT RADOM,RADOM - OBSZAR MIEJSKI
1,0,0,2015,Pochmurno,Zderzenie pojazdów czołowe,Pochmurno,Światło dzienne,Jezdnia,EWK-98742330D,10,2015-01-28,Nieokreślone (puste pole),21*08'182,51*23'260,12,Obszar zabudowany,Odcinek prosty,Droga krajowa,Dwie jezdnie jednokierunkowe,N,POWIAT RADOM,RADOM - OBSZAR MIEJSKI
1,0,2,2015,Pochmurno,Zderzenie pojazdów czołowe,Pochmurno,Światło dzienne,Jezdnia,EWK-98767804N,13,2015-02-18,Ciężko,21*44'421,51*23'030,12,Obszar niezabudowany,Odcinek prosty,Droga krajowa,Jednojezdniowa dwukierunkowa,N,POWIAT ZWOLEŃSKI,PRZYŁĘK - OBSZAR WIEJSKI
1,0,0,2015,Pochmurno,Zderzenie pojazdów czołowe,Pochmurno,Światło dzienne,Jezdnia,EWK-98767804N,13,2015-02-18,Nieokreślone (puste pole),21*44'421,51*23'030,12,Obszar niezabudowany,Odcinek prosty,Droga krajowa,Jednojezdniowa dwukierunkowa,N,POWIAT ZWOLEŃSKI,PRZYŁĘK - OBSZAR WIEJSKI
1,0,1,2015,Pochmurno,Zderzenie pojazdów czołowe,Pochmurno,Światło dzienne,Jezdnia,EWK-98774844U,6,2015-02-25,Lekko,20*20'336,52*24'080,62,Obszar niezabudowany,"Zakręt, łuk",Droga krajowa,Jednojezdniowa dwukierunkowa,N,POWIAT PŁOŃSKI,CZERWIŃSK NAD WISŁĄ - OBSZAR WIEJSKI
1,0,0,2015,Pochmurno,Zderzenie pojazdów czołowe,Pochmurno,Światło dzienne,Jezdnia,EWK-98774844U,6,2015-02-25,Nieokreślone (puste pole),20*20'336,52*24'080,62,Obszar niezabudowany,"Zakręt, łuk",Droga krajowa,Jednojezdniowa dwukierunkowa,N,POWIAT PŁOŃSKI,CZERWIŃSK NAD WISŁĄ - OBSZAR WIEJSKI
1,0,2,2015,Pochmurno,Zderzenie pojazdów czołowe,Pochmurno,Światło dzienne,Jezdnia,EWK-98776872A,15,2015-02-26,Lekko,21*04'125,51*25'158,740,Obszar zabudowany,"Zakręt, łuk",Droga wojewódzka,Jednojezdniowa dwukierunkowa,N,POWIAT RADOMSKI,ZAKRZEW - OBSZAR WIEJSKI
1,0,8,2015,Pochmurno,Zderzenie pojazdów czołowe,Pochmurno,Światło dzienne,Jezdnia,EWK-98786710P,15,2015-03-08,Ciężko,21*00'360,51*49'511,P,Obszar niezabudowany,Odcinek prosty,Droga powiatowa,Jednojezdniowa dwukierunkowa,T,POWIAT GRÓJECKI,JASIENIEC - OBSZAR WIEJSKI
1,1,0,2015,Pochmurno,Zderzenie pojazdów czołowe,Pochmurno,Światło dzienne,Jezdnia,EWK-98790648G,16,2015-03-11,Nieokreślone (puste pole),20*15'373,52*12'078,50,Obszar niezabudowany,Odcinek prosty,Droga krajowa,Jednojezdniowa dwukierunkowa,N,POWIAT SOCHACZEWSKI,SOCHACZEW - OBSZAR WIEJSKI
1,0,1,2015,Pochmurno,Zderzenie pojazdów czołowe,Pochmurno,Światło dzienne,Jezdnia,EWK-98813634H,11,2015-03-28,Ciężko,19*41'563,52*33'187,60,Obszar zabudowany,Odcinek prosty,Droga krajowa,Jednojezdniowa dwukierunkowa,N,POWIAT PŁOCK,PŁOCK - OBSZAR MIEJSKI
1,0,0,2015,Pochmurno,Zderzenie pojazdów czołowe,Pochmurno,Światło dzienne,Jezdnia,EWK-98813634H,11,2015-03-28,Nieokreślone (puste pole),19*41'563,52*33'187,60,Obszar zabudowany,Odcinek prosty,Droga krajowa,Jednojezdniowa dwukierunkowa,N,POWIAT PŁOCK,PŁOCK - OBSZAR MIEJSKI
1,0,1,2015,Pochmurno,Zderzenie pojazdów czołowe,Pochmurno,Światło dzienne,Jezdnia,EWK-98815739Y,10,2015-03-30,Lekko,20*33'508,52*28'354,7,Obszar niezabudowany,,Droga krajowa,Dwie jezdnie jednokierunkowe,N,POWIAT PŁOŃSKI,ZAŁUSKI - OBSZAR WIEJSKI
1,0,0,2015,Pochmurno,Zderzenie pojazdów czołowe,Pochmurno,Światło dzienne,Jezdnia,EWK-98815739Y,10,2015-03-30,Nieokreślone (puste pole),20*33'508,52*28'354,7,Obszar niezabudowany,,Droga krajowa,Dwie jezdnie jednokierunkowe,N,POWIAT PŁOŃSKI,ZAŁUSKI - OBSZAR WIEJSKI
1,4,0,2015,Pochmurno,Zderzenie pojazdów czołowe,Pochmurno,Światło dzienne,Jezdnia,EWK-98834153U,5,2015-04-15,Nieokreślone (puste pole),21*40'216,51*50'264,17,Obszar niezabudowany,Odcinek prosty,Droga krajowa,Jednojezdniowa dwukierunkowa,N,POWIAT GARWOLIŃSKI,GÓRZNO - OBSZAR WIEJSKI
1,0,5,2015,Pochmurno,Zderzenie pojazdów czołowe,Pochmurno,Światło dzienne,Jezdnia,EWK-98885146D,5,2015-05-09,Ciężko,20*47'232,51*48'079,728,Obszar niezabudowany,Odcinek prosty,Droga wojewódzka,Jednojezdniowa dwukierunkowa,N,POWIAT GRÓJECKI,BELSK DUŻY - OBSZAR WIEJSKI
1,0,0,2015,Pochmurno,Zderzenie pojazdów czołowe,Pochmurno,Światło dzienne,Jezdnia,EWK-98885146D,5,2015-05-09,Nieokreślone (puste pole),20*47'232,51*48'079,728,Obszar niezabudowany,Odcinek prosty,Droga wojewódzka,Jednojezdniowa dwukierunkowa,N,POWIAT GRÓJECKI,BELSK DUŻY - OBSZAR WIEJSKI
1,0,1,2015,Pochmurno,Zderzenie pojazdów czołowe,Pochmurno,Światło dzienne,Jezdnia,EWK-99029266U,14,2015-07-13,Lekko,21*09'173,51*23'317,P5321W,Obszar zabudowany,,Droga powiatowa,Dwie jezdnie jednokierunkowe,N,POWIAT RADOM,RADOM - OBSZAR MIEJSKI
1,0,0,2015,Pochmurno,Zderzenie pojazdów czołowe,Pochmurno,Światło dzienne,Jezdnia,EWK-99029266U,14,2015-07-13,Nieokreślone (puste pole),21*09'173,51*23'317,P5321W,Obszar zabudowany,,Droga powiatowa,Dwie jezdnie jednokierunkowe,N,POWIAT RADOM,RADOM - OBSZAR MIEJSKI
1,0,2,2015,Pochmurno,Zderzenie pojazdów czołowe,Pochmurno,Światło dzienne,Jezdnia,EWK-99116334Y,16,2015-08-25,Lekko,21*04'187,51*19'358,733,Obszar zabudowany,Odcinek prosty,Droga wojewódzka,Jednojezdniowa dwukierunkowa,N,POWIAT RADOMSKI,KOWALA - OBSZAR WIEJSKI
1,0,1,2015,Pochmurno,Zderzenie pojazdów czołowe,Pochmurno,Światło dzienne,Jezdnia,EWK-99147410W,14,2015-09-04,Lekko,21*37'381,51*20'296,P4528W,Obszar niezabudowany,,Droga powiatowa,Jednojezdniowa dwukierunkowa,N,POWIAT ZWOLEŃSKI,ZWOLEŃ - OBSZAR WIEJSKI
1,0,0,2015,Pochmurno,Zderzenie pojazdów czołowe,Pochmurno,Światło dzienne,Jezdnia,EWK-99147410W,14,2015-09-04,Nieokreślone (puste pole),21*37'381,51*20'296,P4528W,Obszar niezabudowany,,Droga powiatowa,Jednojezdniowa dwukierunkowa,N,POWIAT ZWOLEŃSKI,ZWOLEŃ - OBSZAR WIEJSKI
1,0,1,2015,Pochmurno,Zderzenie pojazdów czołowe,Pochmurno,Światło dzienne,Jezdnia,EWK-99151510D,18,2015-09-08,Lekko,19*41'394,52*32'563,60,Obszar zabudowany,,Droga krajowa,Dwie jezdnie jednokierunkowe,N,POWIAT PŁOCK,PŁOCK - OBSZAR MIEJSKI
1,0,0,2015,Pochmurno,Zderzenie pojazdów czołowe,Pochmurno,Światło dzienne,Jezdnia,EWK-99151510D,18,2015-09-08,Nieokreślone (puste pole),19*41'394,52*32'563,60,Obszar zabudowany,,Droga krajowa,Dwie jezdnie jednokierunkowe,N,POWIAT PŁOCK,PŁOCK - OBSZAR MIEJSKI
1,0,1,2015,Pochmurno,Zderzenie pojazdów czołowe,Pochmurno,Światło dzienne,Jezdnia,EWK-99160816K,13,2015-09-12,Ciężko,21*43'259,51*47'351,17,Obszar niezabudowany,Odcinek prosty,Droga krajowa,Jednojezdniowa dwukierunkowa,N,POWIAT GARWOLIŃSKI,SOBOLEW - OBSZAR WIEJSKI
1,0,3,2015,Pochmurno,Zderzenie pojazdów czołowe,Pochmurno,Światło dzienne,Jezdnia,EWK-99160816K,13,2015-09-12,Lekko,21*43'259,51*47'351,17,Obszar niezabudowany,Odcinek prosty,Droga krajowa,Jednojezdniowa dwukierunkowa,N,POWIAT GARWOLIŃSKI,SOBOLEW - OBSZAR WIEJSKI
1,1,0,2015,Pochmurno,Zderzenie pojazdów czołowe,Pochmurno,Światło dzienne,Jezdnia,EWK-99160816K,13,2015-09-12,Nieokreślone (puste pole),21*43'259,51*47'351,17,Obszar niezabudowany,Odcinek prosty,Droga krajowa,Jednojezdniowa dwukierunkowa,N,POWIAT GARWOLIŃSKI,SOBOLEW - OBSZAR WIEJSKI
1,0,2,2015,Pochmurno,Zderzenie pojazdów czołowe,Pochmurno,Światło dzienne,Jezdnia,EWK-99170090X,17,2015-09-03,Ciężko,21*35'552,52*38'197,GMINNA,Obszar zabudowany,,Droga gminna,Jednojezdniowa dwukierunkowa,N,POWIAT WYSZKOWSKI,BRAŃSZCZYK - OBSZAR WIEJSKI
1,0,0,2015,Pochmurno,Zderzenie pojazdów czołowe,Pochmurno,Światło dzienne,Jezdnia,EWK-99170090X,17,2015-09-03,Nieokreślone (puste pole),21*35'552,52*38'197,GMINNA,Obszar zabudowany,,Droga gminna,Jednojezdniowa dwukierunkowa,N,POWIAT WYSZKOWSKI,BRAŃSZCZYK - OBSZAR WIEJSKI
1,0,1,2015,Pochmurno,Zderzenie pojazdów czołowe,Pochmurno,Światło dzienne,Jezdnia,EWK-99171160C,7,2015-09-16,Ciężko,20*22'030,51*59'528,719,Obszar niezabudowany,Odcinek prosty,Droga wojewódzka,Jednojezdniowa dwukierunkowa,N,POWIAT ŻYRARDOWSKI,PUSZCZA MARIAŃSKA - OBSZAR WIEJSKI
1,0,1,2015,Pochmurno,Zderzenie pojazdów czołowe,Pochmurno,Światło dzienne,Jezdnia,EWK-99171160C,7,2015-09-16,Lekko,20*22'030,51*59'528,719,Obszar niezabudowany,Odcinek prosty,Droga wojewódzka,Jednojezdniowa dwukierunkowa,N,POWIAT ŻYRARDOWSKI,PUSZCZA MARIAŃSKA - OBSZAR WIEJSKI
1,0,0,2015,Pochmurno,Zderzenie pojazdów czołowe,Pochmurno,Światło dzienne,Jezdnia,EWK-99171160C,7,2015-09-16,Nieokreślone (puste pole),20*22'030,51*59'528,719,Obszar niezabudowany,Odcinek prosty,Droga wojewódzka,Jednojezdniowa dwukierunkowa,N,POWIAT ŻYRARDOWSKI,PUSZCZA MARIAŃSKA - OBSZAR WIEJSKI
1,0,2,2015,Pochmurno,Zderzenie pojazdów czołowe,Pochmurno,Światło dzienne,Jezdnia,EWK-99182135W,8,2015-09-19,Lekko,21*35'553,51*18'173,79,Obszar niezabudowany,,Droga krajowa,Jednojezdniowa dwukierunkowa,N,POWIAT ZWOLEŃSKI,ZWOLEŃ - OBSZAR WIEJSKI
1,0,0,2015,Pochmurno,Zderzenie pojazdów czołowe,Pochmurno,Światło dzienne,Jezdnia,EWK-99182135W,8,2015-09-19,Nieokreślone (puste pole),21*35'553,51*18'173,79,Obszar niezabudowany,,Droga krajowa,Jednojezdniowa dwukierunkowa,N,POWIAT ZWOLEŃSKI,ZWOLEŃ - OBSZAR WIEJSKI
1,0,1,2015,Pochmurno,Zderzenie pojazdów czołowe,Pochmurno,Światło dzienne,Jezdnia,EWK-99201943F,7,2015-09-25,Lekko,19*51'347,52*52'147,561,Obszar niezabudowany,,Droga wojewódzka,Jednojezdniowa dwukierunkowa,N,POWIAT SIERPECKI,ZAWIDZ - OBSZAR WIEJSKI
1,0,0,2015,Pochmurno,Zderzenie pojazdów czołowe,Pochmurno,Światło dzienne,Jezdnia,EWK-99201943F,7,2015-09-25,Nieokreślone (puste pole),19*51'347,52*52'147,561,Obszar niezabudowany,,Droga wojewódzka,Jednojezdniowa dwukierunkowa,N,POWIAT SIERPECKI,ZAWIDZ - OBSZAR WIEJSKI
1,0,1,2015,Pochmurno,Zderzenie pojazdów czołowe,Pochmurno,Światło dzienne,Jezdnia,EWK-99226098H,15,2015-10-04,Ciężko,20*19'547,52*36'596,GMINNA,Obszar zabudowany,,Droga gminna,Jednojezdniowa dwukierunkowa,N,POWIAT PŁOŃSKI,PŁOŃSK - OBSZAR WIEJSKI
1,0,0,2015,Pochmurno,Zderzenie pojazdów czołowe,Pochmurno,Światło dzienne,Jezdnia,EWK-99226098H,15,2015-10-04,Nieokreślone (puste pole),20*19'547,52*36'596,GMINNA,Obszar zabudowany,,Droga gminna,Jednojezdniowa dwukierunkowa,N,POWIAT PŁOŃSKI,PŁOŃSK - OBSZAR WIEJSKI
1,0,1,2015,Pochmurno,Zderzenie pojazdów czołowe,Pochmurno,Światło dzienne,Jezdnia,EWK-99239617E,11,2015-10-13,Ciężko,21*05'439,52*34'427,61,Obszar niezabudowany,Odcinek prosty,Droga krajowa,Jednojezdniowa dwukierunkowa,N,POWIAT PUŁTUSKI,POKRZYWNICA - OBSZAR WIEJSKI
1,0,0,2015,Pochmurno,Zderzenie pojazdów czołowe,Pochmurno,Światło dzienne,Jezdnia,EWK-99239617E,11,2015-10-13,Nieokreślone (puste pole),21*05'439,52*34'427,61,Obszar niezabudowany,Odcinek prosty,Droga krajowa,Jednojezdniowa dwukierunkowa,N,POWIAT PUŁTUSKI,POKRZYWNICA - OBSZAR WIEJSKI
1,0,2,2015,Pochmurno,Zderzenie pojazdów czołowe,Pochmurno,Światło dzienne,Jezdnia,EWK-99239751E,12,2015-10-13,Lekko,19*36'118,52*36'439,559,Obszar niezabudowany,,Droga wojewódzka,Jednojezdniowa dwukierunkowa,N,POWIAT PŁOCKI,STARA BIAŁA - OBSZAR WIEJSKI
1,0,2,2015,Pochmurno,Zderzenie pojazdów czołowe,Pochmurno,Światło dzienne,Jezdnia,EWK-99245930J,16,2015-10-15,Lekko,21*24'015,53*10'087,2536W,Obszar niezabudowany,"Zakręt, łuk",Droga powiatowa,Jednojezdniowa dwukierunkowa,N,POWIAT OSTROŁĘCKI,KADZIDŁO - OBSZAR WIEJSKI
1,1,0,2015,Pochmurno,Zderzenie pojazdów czołowe,Pochmurno,Światło dzienne,Jezdnia,EWK-99249321D,8,2015-10-16,Nieokreślone (puste pole),20*09'201,52*24'040,62,Obszar niezabudowany,Odcinek prosty,Droga krajowa,Jednojezdniowa dwukierunkowa,N,POWIAT PŁOCKI,WYSZOGRÓD - OBSZAR WIEJSKI
1,0,1,2015,Pochmurno,Zderzenie pojazdów czołowe,Pochmurno,Światło dzienne,Jezdnia,EWK-99339535C,10,2015-11-19,Ciężko,22*13'324,52*51'084,P2655W,Obszar niezabudowany,,Droga powiatowa,Jednojezdniowa dwukierunkowa,N,POWIAT OSTROWSKI,ANDRZEJEWO - OBSZAR WIEJSKI
1,0,1,2015,Pochmurno,Zderzenie pojazdów czołowe,Pochmurno,Światło dzienne,Jezdnia,EWK-99339535C,10,2015-11-19,Lekko,22*13'324,52*51'084,P2655W,Obszar niezabudowany,,Droga powiatowa,Jednojezdniowa dwukierunkowa,N,POWIAT OSTROWSKI,ANDRZEJEWO - OBSZAR WIEJSKI
1,0,0,2015,Pochmurno,Zderzenie pojazdów czołowe,Pochmurno,Światło dzienne,Jezdnia,EWK-99339535C,10,2015-11-19,Nieokreślone (puste pole),22*13'324,52*51'084,P2655W,Obszar niezabudowany,,Droga powiatowa,Jednojezdniowa dwukierunkowa,N,POWIAT OSTROWSKI,ANDRZEJEWO - OBSZAR WIEJSKI
1,0,1,2015,Pochmurno,Zderzenie pojazdów czołowe,Pochmurno,Światło dzienne,Jezdnia,EWK-99354872W,9,2015-11-26,Lekko,20*10'397,52*23'340,62,Obszar niezabudowany,,Droga krajowa,Jednojezdniowa dwukierunkowa,N,POWIAT PŁOCKI,WYSZOGRÓD - OBSZAR WIEJSKI
1,0,0,2015,Pochmurno,Zderzenie pojazdów czołowe,Pochmurno,Światło dzienne,Jezdnia,EWK-99354872W,9,2015-11-26,Nieokreślone (puste pole),20*10'397,52*23'340,62,Obszar niezabudowany,,Droga krajowa,Jednojezdniowa dwukierunkowa,N,POWIAT PŁOCKI,WYSZOGRÓD - OBSZAR WIEJSKI
1,0,2,2015,Pochmurno,Zderzenie pojazdów tylne,Pochmurno,Noc - droga nieoświetlona,Jezdnia,EWK-103706024H,19,2015-12-23,Lekko,21*43'166,51*47'440,17,Obszar niezabudowany,Odcinek prosty,Droga krajowa,Jednojezdniowa dwukierunkowa,N,POWIAT GARWOLIŃSKI,SOBOLEW - OBSZAR WIEJSKI
1,0,0,2015,Pochmurno,Zderzenie pojazdów tylne,Pochmurno,Noc - droga nieoświetlona,Jezdnia,EWK-103706024H,19,2015-12-23,Nieokreślone (puste pole),21*43'166,51*47'440,17,Obszar niezabudowany,Odcinek prosty,Droga krajowa,Jednojezdniowa dwukierunkowa,N,POWIAT GARWOLIŃSKI,SOBOLEW - OBSZAR WIEJSKI
1,0,1,2015,Pochmurno,Zderzenie pojazdów tylne,Pochmurno,Noc - droga nieoświetlona,Jezdnia,EWK-98794103U,18,2015-03-12,Ciężko,21*43'467,52*58'122,627,Obszar niezabudowany,Odcinek prosty,Droga wojewódzka,Jednojezdniowa dwukierunkowa,N,POWIAT OSTROŁĘCKI,CZERWIN - OBSZAR WIEJSKI
1,0,0,2015,Pochmurno,Zderzenie pojazdów tylne,Pochmurno,Noc - droga nieoświetlona,Jezdnia,EWK-98794103U,18,2015-03-12,Nieokreślone (puste pole),21*43'467,52*58'122,627,Obszar niezabudowany,Odcinek prosty,Droga wojewódzka,Jednojezdniowa dwukierunkowa,N,POWIAT OSTROŁĘCKI,CZERWIN - OBSZAR WIEJSKI
1,1,0,2015,Pochmurno,Zderzenie pojazdów tylne,Pochmurno,Noc - droga nieoświetlona,Jezdnia,EWK-98794811G,21,2015-03-14,Nieokreślone (puste pole),20*49'524,51*14'302,727,Obszar niezabudowany,Odcinek prosty,Droga wojewódzka,Jednojezdniowa dwukierunkowa,N,POWIAT SZYDŁOWIECKI,SZYDŁOWIEC - OBSZAR WIEJSKI
1,1,0,2015,Pochmurno,Zderzenie pojazdów tylne,Pochmurno,Noc - droga nieoświetlona,Jezdnia,EWK-99155939K,20,2015-09-08,Nieokreślone (puste pole),22*05'415,52*35'121,P4217W,Obszar zabudowany,Odcinek prosty,Droga powiatowa,Jednojezdniowa dwukierunkowa,T,POWIAT SOKOŁOWSKI,KOSÓW LACKI - OBSZAR WIEJSKI
1,5,0,2015,Pochmurno,Zderzenie pojazdów tylne,Pochmurno,Noc - droga nieoświetlona,Jezdnia,EWK-99245394M,20,2015-10-15,Nieokreślone (puste pole),19*40'473,52*29'389,60,Obszar niezabudowany,"Zakręt, łuk",Droga krajowa,Jednojezdniowa dwukierunkowa,N,POWIAT PŁOCK,PŁOCK - OBSZAR MIEJSKI