Liczba wypadków,Liczba zabitych,Liczba rannych,Rok,Warunki atmosferyczne,Rodzaj zdarzenia,Warunki atmosferyczne,Oświetlenie,Charakterystyka miejsca zdarzenia,IDKSIP zdarzenia,Godzina,Dzień,Ranny,GPS x,GPS y,Numer drogi,Obszar,Geometria drogi,Kategoria drogi 1,Rodzaj drogi,Czy w zdarzeniu był sprawca nietrzeźwy,Powiat,Gmina
1,0,1,2015,Pochmurno,Zderzenie pojazdów tylne,Pochmurno,Noc - droga nieoświetlona,Jezdnia,EWK-99288181A,19,2015-10-30,Ciężko,20*13'498,52*23'546,62,Obszar zabudowany,Odcinek prosty,Droga krajowa,Jednojezdniowa dwukierunkowa,N,POWIAT PŁOCKI,WYSZOGRÓD - OBSZAR WIEJSKI
1,0,3,2015,Pochmurno,Zderzenie pojazdów tylne,Pochmurno,Noc - droga nieoświetlona,Jezdnia,EWK-99288181A,19,2015-10-30,Lekko,20*13'498,52*23'546,62,Obszar zabudowany,Odcinek prosty,Droga krajowa,Jednojezdniowa dwukierunkowa,N,POWIAT PŁOCKI,WYSZOGRÓD - OBSZAR WIEJSKI
1,0,1,2015,Pochmurno,Zderzenie pojazdów tylne,Pochmurno,Noc - droga nieoświetlona,Jezdnia,EWK-99315670K,17,2015-11-10,Lekko,19*44'368,52*40'221,5201W,Obszar niezabudowany,,Droga powiatowa,Jednojezdniowa dwukierunkowa,N,POWIAT PŁOCKI,BIELSK - OBSZAR WIEJSKI
1,0,0,2015,Pochmurno,Zderzenie pojazdów tylne,Pochmurno,Noc - droga nieoświetlona,Jezdnia,EWK-99315670K,17,2015-11-10,Nieokreślone (puste pole),19*44'368,52*40'221,5201W,Obszar niezabudowany,,Droga powiatowa,Jednojezdniowa dwukierunkowa,N,POWIAT PŁOCKI,BIELSK - OBSZAR WIEJSKI
1,0,1,2015,Pochmurno,Zderzenie pojazdów tylne,Pochmurno,Noc - droga nieoświetlona,Jezdnia,EWK-99366222H,22,2015-11-30,Lekko,20*16'329,51*56'475,70,Obszar niezabudowany,,Droga krajowa,Jednojezdniowa dwukierunkowa,N,POWIAT ŻYRARDOWSKI,PUSZCZA MARIAŃSKA - OBSZAR WIEJSKI
1,0,0,2015,Pochmurno,Zderzenie pojazdów tylne,Pochmurno,Noc - droga nieoświetlona,Jezdnia,EWK-99366222H,22,2015-11-30,Nieokreślone (puste pole),20*16'329,51*56'475,70,Obszar niezabudowany,,Droga krajowa,Jednojezdniowa dwukierunkowa,N,POWIAT ŻYRARDOWSKI,PUSZCZA MARIAŃSKA - OBSZAR WIEJSKI
1,0,1,2015,Pochmurno,Zderzenie pojazdów tylne,Pochmurno,Noc - droga oświetlona,Jezdnia,EWK-103534985P,16,2015-12-13,Lekko,19*45'251,52*32'082,62,Obszar zabudowany,Odcinek prosty,Droga krajowa,Dwie jezdnie jednokierunkowe,N,POWIAT PŁOCK,PŁOCK - OBSZAR MIEJSKI
1,0,0,2015,Pochmurno,Zderzenie pojazdów tylne,Pochmurno,Noc - droga oświetlona,Jezdnia,EWK-103534985P,16,2015-12-13,Nieokreślone (puste pole),19*45'251,52*32'082,62,Obszar zabudowany,Odcinek prosty,Droga krajowa,Dwie jezdnie jednokierunkowe,N,POWIAT PŁOCK,PŁOCK - OBSZAR MIEJSKI
1,0,1,2015,Pochmurno,Zderzenie pojazdów tylne,Pochmurno,Noc - droga oświetlona,Jezdnia,EWK-98714001X,18,2015-01-05,Lekko,21*07'276,51*22'125,744,Obszar zabudowany,Odcinek prosty,Droga wojewódzka,Jednojezdniowa dwukierunkowa,N,POWIAT RADOM,RADOM - OBSZAR MIEJSKI
1,0,0,2015,Pochmurno,Zderzenie pojazdów tylne,Pochmurno,Noc - droga oświetlona,Jezdnia,EWK-98714001X,18,2015-01-05,Nieokreślone (puste pole),21*07'276,51*22'125,744,Obszar zabudowany,Odcinek prosty,Droga wojewódzka,Jednojezdniowa dwukierunkowa,N,POWIAT RADOM,RADOM - OBSZAR MIEJSKI
1,0,1,2015,Pochmurno,Zderzenie pojazdów tylne,Pochmurno,Noc - droga oświetlona,Jezdnia,EWK-99263058T,18,2015-10-16,Lekko,21*27'269,52*35'401,P4408W,Obszar zabudowany,Odcinek prosty,Droga powiatowa,Jednojezdniowa dwukierunkowa,N,POWIAT WYSZKOWSKI,WYSZKÓW - OBSZAR MIEJSKI
1,0,0,2015,Pochmurno,Zderzenie pojazdów tylne,Pochmurno,Noc - droga oświetlona,Jezdnia,EWK-99263058T,18,2015-10-16,Nieokreślone (puste pole),21*27'269,52*35'401,P4408W,Obszar zabudowany,Odcinek prosty,Droga powiatowa,Jednojezdniowa dwukierunkowa,N,POWIAT WYSZKOWSKI,WYSZKÓW - OBSZAR MIEJSKI
1,0,1,2015,Pochmurno,Zderzenie pojazdów tylne,Pochmurno,Noc - droga oświetlona,Jezdnia,EWK-99279645J,19,2015-10-20,Ciężko,21*20'371,52*40'185,P4410W,Obszar zabudowany,Odcinek prosty,Droga powiatowa,Jednojezdniowa dwukierunkowa,N,POWIAT WYSZKOWSKI,RZĄŚNIK - OBSZAR WIEJSKI
1,0,0,2015,Pochmurno,Zderzenie pojazdów tylne,Pochmurno,Noc - droga oświetlona,Jezdnia,EWK-99279645J,19,2015-10-20,Nieokreślone (puste pole),21*20'371,52*40'185,P4410W,Obszar zabudowany,Odcinek prosty,Droga powiatowa,Jednojezdniowa dwukierunkowa,N,POWIAT WYSZKOWSKI,RZĄŚNIK - OBSZAR WIEJSKI
1,0,1,2015,Pochmurno,Zderzenie pojazdów tylne,Pochmurno,"Zmrok, świt",Jezdnia,EWK-103570161F,16,2015-12-14,Lekko,21*33'510,51*21'558,787,Obszar niezabudowany,Odcinek prosty,Droga wojewódzka,Jednojezdniowa dwukierunkowa,N,POWIAT ZWOLEŃSKI,ZWOLEŃ - OBSZAR MIEJSKI
1,0,0,2015,Pochmurno,Zderzenie pojazdów tylne,Pochmurno,"Zmrok, świt",Jezdnia,EWK-103570161F,16,2015-12-14,Nieokreślone (puste pole),21*33'510,51*21'558,787,Obszar niezabudowany,Odcinek prosty,Droga wojewódzka,Jednojezdniowa dwukierunkowa,N,POWIAT ZWOLEŃSKI,ZWOLEŃ - OBSZAR MIEJSKI
1,0,1,2015,Pochmurno,Zderzenie pojazdów tylne,Pochmurno,"Zmrok, świt",Jezdnia,EWK-98808369D,19,2015-03-25,Lekko,21*01'467,51*24'340,P3503W,Obszar zabudowany,Odcinek prosty,Droga powiatowa,Jednojezdniowa dwukierunkowa,N,POWIAT RADOMSKI,ZAKRZEW - OBSZAR WIEJSKI
1,0,0,2015,Pochmurno,Zderzenie pojazdów tylne,Pochmurno,"Zmrok, świt",Jezdnia,EWK-98808369D,19,2015-03-25,Nieokreślone (puste pole),21*01'467,51*24'340,P3503W,Obszar zabudowany,Odcinek prosty,Droga powiatowa,Jednojezdniowa dwukierunkowa,N,POWIAT RADOMSKI,ZAKRZEW - OBSZAR WIEJSKI
1,1,0,2015,Pochmurno,Zderzenie pojazdów tylne,Pochmurno,"Zmrok, świt",Jezdnia,EWK-99337028T,17,2015-11-16,Nieokreślone (puste pole),20*58'571,51*18'278,7,Obszar niezabudowany,Odcinek prosty,Droga krajowa,Jednojezdniowa dwukierunkowa,T,POWIAT SZYDŁOWIECKI,OROŃSKO - OBSZAR WIEJSKI
1,0,1,2015,Pochmurno,Zderzenie pojazdów tylne,Pochmurno,Światło dzienne,Jezdnia,EWK-98740840N,13,2015-01-27,Lekko,20*52'046,53*01'105,544,Obszar zabudowany,Odcinek prosty,Droga wojewódzka,Jednojezdniowa dwukierunkowa,N,POWIAT PRZASNYSKI,PRZASNYSZ - OBSZAR MIEJSKI
1,0,0,2015,Pochmurno,Zderzenie pojazdów tylne,Pochmurno,Światło dzienne,Jezdnia,EWK-98740840N,13,2015-01-27,Nieokreślone (puste pole),20*52'046,53*01'105,544,Obszar zabudowany,Odcinek prosty,Droga wojewódzka,Jednojezdniowa dwukierunkowa,N,POWIAT PRZASNYSKI,PRZASNYSZ - OBSZAR MIEJSKI
1,0,1,2015,Pochmurno,Zderzenie pojazdów tylne,Pochmurno,Światło dzienne,Jezdnia,EWK-98755849R,12,2015-02-09,Lekko,19*36'301,52*27'540,60,Obszar zabudowany,Odcinek prosty,Droga krajowa,Jednojezdniowa dwukierunkowa,N,POWIAT PŁOCKI,ŁĄCK - OBSZAR WIEJSKI
1,0,0,2015,Pochmurno,Zderzenie pojazdów tylne,Pochmurno,Światło dzienne,Jezdnia,EWK-98755849R,12,2015-02-09,Nieokreślone (puste pole),19*36'301,52*27'540,60,Obszar zabudowany,Odcinek prosty,Droga krajowa,Jednojezdniowa dwukierunkowa,N,POWIAT PŁOCKI,ŁĄCK - OBSZAR WIEJSKI
1,0,1,2015,Pochmurno,Zderzenie pojazdów tylne,Pochmurno,Światło dzienne,Jezdnia,EWK-98772519K,11,2015-02-23,Lekko,20*59'248,51*18'476,7,Obszar zabudowany,,Droga krajowa,Jednojezdniowa dwukierunkowa,N,POWIAT SZYDŁOWIECKI,OROŃSKO - OBSZAR WIEJSKI
1,0,0,2015,Pochmurno,Zderzenie pojazdów tylne,Pochmurno,Światło dzienne,Jezdnia,EWK-98772519K,11,2015-02-23,Nieokreślone (puste pole),20*59'248,51*18'476,7,Obszar zabudowany,,Droga krajowa,Jednojezdniowa dwukierunkowa,N,POWIAT SZYDŁOWIECKI,OROŃSKO - OBSZAR WIEJSKI
1,0,2,2015,Pochmurno,Zderzenie pojazdów tylne,Pochmurno,Światło dzienne,Jezdnia,EWK-98779997L,7,2015-02-27,Lekko,20*51'256,51*54'296,7,Obszar niezabudowany,,Droga krajowa,Jednojezdniowa dwukierunkowa,N,POWIAT GRÓJECKI,GRÓJEC - OBSZAR WIEJSKI
1,0,0,2015,Pochmurno,Zderzenie pojazdów tylne,Pochmurno,Światło dzienne,Jezdnia,EWK-98779997L,7,2015-02-27,Nieokreślone (puste pole),20*51'256,51*54'296,7,Obszar niezabudowany,,Droga krajowa,Jednojezdniowa dwukierunkowa,N,POWIAT GRÓJECKI,GRÓJEC - OBSZAR WIEJSKI
1,0,1,2015,Pochmurno,Zderzenie pojazdów tylne,Pochmurno,Światło dzienne,Jezdnia,EWK-98782903K,5,2015-03-05,Lekko,20*14'335,52*13'256,GMINNA,Obszar zabudowany,,Droga gminna,Jednojezdniowa dwukierunkowa,N,POWIAT SOCHACZEWSKI,SOCHACZEW - OBSZAR MIEJSKI
1,0,0,2015,Pochmurno,Zderzenie pojazdów tylne,Pochmurno,Światło dzienne,Jezdnia,EWK-98782903K,5,2015-03-05,Nieokreślone (puste pole),20*14'335,52*13'256,GMINNA,Obszar zabudowany,,Droga gminna,Jednojezdniowa dwukierunkowa,N,POWIAT SOCHACZEWSKI,SOCHACZEW - OBSZAR MIEJSKI
1,0,1,2015,Pochmurno,Zderzenie pojazdów tylne,Pochmurno,Światło dzienne,Jezdnia,EWK-98785260L,11,2015-03-04,Lekko,21*36'231,53*05'521,61,Obszar zabudowany,Odcinek prosty,Droga krajowa,Jednojezdniowa dwukierunkowa,N,POWIAT OSTROŁĘKA,OSTROŁĘKA - OBSZAR MIEJSKI
1,0,0,2015,Pochmurno,Zderzenie pojazdów tylne,Pochmurno,Światło dzienne,Jezdnia,EWK-98785260L,11,2015-03-04,Nieokreślone (puste pole),21*36'231,53*05'521,61,Obszar zabudowany,Odcinek prosty,Droga krajowa,Jednojezdniowa dwukierunkowa,N,POWIAT OSTROŁĘKA,OSTROŁĘKA - OBSZAR MIEJSKI
1,1,0,2015,Pochmurno,Zderzenie pojazdów tylne,Pochmurno,Światło dzienne,Jezdnia,EWK-98817621E,10,2015-04-02,Nieokreślone (puste pole),21*24'402,51*41'345,79,Obszar niezabudowany,"Zakręt, łuk",Droga krajowa,Jednojezdniowa dwukierunkowa,N,POWIAT KOZIENICKI,MAGNUSZEW - OBSZAR WIEJSKI
1,0,2,2015,Pochmurno,Zderzenie pojazdów tylne,Pochmurno,Światło dzienne,Jezdnia,EWK-98818559Y,17,2015-04-02,Lekko,21*13'557,51*25'416,737,Obszar zabudowany,,Droga wojewódzka,Jednojezdniowa dwukierunkowa,N,POWIAT RADOM,RADOM - OBSZAR MIEJSKI
1,0,0,2015,Pochmurno,Zderzenie pojazdów tylne,Pochmurno,Światło dzienne,Jezdnia,EWK-98818559Y,17,2015-04-02,Nieokreślone (puste pole),21*13'557,51*25'416,737,Obszar zabudowany,,Droga wojewódzka,Jednojezdniowa dwukierunkowa,N,POWIAT RADOM,RADOM - OBSZAR MIEJSKI
1,0,1,2015,Pochmurno,Zderzenie pojazdów tylne,Pochmurno,Światło dzienne,Jezdnia,EWK-98820128E,6,2015-03-30,Lekko,20*31'350,51*58'510,K50B,Obszar niezabudowany,Odcinek prosty,Droga krajowa,Jednojezdniowa dwukierunkowa,N,POWIAT ŻYRARDOWSKI,MSZCZONÓW - OBSZAR WIEJSKI
1,0,0,2015,Pochmurno,Zderzenie pojazdów tylne,Pochmurno,Światło dzienne,Jezdnia,EWK-98820128E,6,2015-03-30,Nieokreślone (puste pole),20*31'350,51*58'510,K50B,Obszar niezabudowany,Odcinek prosty,Droga krajowa,Jednojezdniowa dwukierunkowa,N,POWIAT ŻYRARDOWSKI,MSZCZONÓW - OBSZAR WIEJSKI
1,0,1,2015,Pochmurno,Zderzenie pojazdów tylne,Pochmurno,Światło dzienne,Jezdnia,EWK-98881718P,12,2015-05-10,Lekko,21*10'246,51*24'292,P5329W,Obszar zabudowany,Odcinek prosty,Droga powiatowa,Jednojezdniowa dwukierunkowa,N,POWIAT RADOM,RADOM - OBSZAR MIEJSKI
1,0,0,2015,Pochmurno,Zderzenie pojazdów tylne,Pochmurno,Światło dzienne,Jezdnia,EWK-98881718P,12,2015-05-10,Nieokreślone (puste pole),21*10'246,51*24'292,P5329W,Obszar zabudowany,Odcinek prosty,Droga powiatowa,Jednojezdniowa dwukierunkowa,N,POWIAT RADOM,RADOM - OBSZAR MIEJSKI
1,0,2,2015,Pochmurno,Zderzenie pojazdów tylne,Pochmurno,Światło dzienne,Jezdnia,EWK-98905774C,16,2015-05-19,Lekko,21*35'082,53*04'372,G510024W,Obszar zabudowany,Odcinek prosty,Droga gminna,Jednojezdniowa dwukierunkowa,N,POWIAT OSTROŁĘKA,OSTROŁĘKA - OBSZAR MIEJSKI
1,0,0,2015,Pochmurno,Zderzenie pojazdów tylne,Pochmurno,Światło dzienne,Jezdnia,EWK-98905774C,16,2015-05-19,Nieokreślone (puste pole),21*35'082,53*04'372,G510024W,Obszar zabudowany,Odcinek prosty,Droga gminna,Jednojezdniowa dwukierunkowa,N,POWIAT OSTROŁĘKA,OSTROŁĘKA - OBSZAR MIEJSKI
1,0,1,2015,Pochmurno,Zderzenie pojazdów tylne,Pochmurno,Światło dzienne,Jezdnia,EWK-99026818J,6,2015-07-11,Lekko,22*05'236,52*18'546,696,Obszar niezabudowany,,Droga wojewódzka,Jednojezdniowa dwukierunkowa,N,POWIAT WĘGROWSKI,LIW - OBSZAR WIEJSKI
1,1,0,2015,Pochmurno,Zderzenie pojazdów tylne,Pochmurno,Światło dzienne,Jezdnia,EWK-99026818J,6,2015-07-11,Nieokreślone (puste pole),22*05'236,52*18'546,696,Obszar niezabudowany,,Droga wojewódzka,Jednojezdniowa dwukierunkowa,N,POWIAT WĘGROWSKI,LIW - OBSZAR WIEJSKI
1,0,1,2015,Pochmurno,Zderzenie pojazdów tylne,Pochmurno,Światło dzienne,Jezdnia,EWK-99029296U,10,2015-07-13,Lekko,21*31'374,51*21'464,12,Obszar niezabudowany,Odcinek prosty,Droga krajowa,Jednojezdniowa dwukierunkowa,N,POWIAT ZWOLEŃSKI,ZWOLEŃ - OBSZAR WIEJSKI
1,0,0,2015,Pochmurno,Zderzenie pojazdów tylne,Pochmurno,Światło dzienne,Jezdnia,EWK-99029296U,10,2015-07-13,Nieokreślone (puste pole),21*31'374,51*21'464,12,Obszar niezabudowany,Odcinek prosty,Droga krajowa,Jednojezdniowa dwukierunkowa,N,POWIAT ZWOLEŃSKI,ZWOLEŃ - OBSZAR WIEJSKI
1,0,1,2015,Pochmurno,Zderzenie pojazdów tylne,Pochmurno,Światło dzienne,Jezdnia,EWK-99066445F,12,2015-07-31,Lekko,21*41'558,52*32'169,I2,Obszar zabudowany,Odcinek prosty,Inna,Jednojezdniowa dwukierunkowa,N,POWIAT WĘGROWSKI,ŁOCHÓW - OBSZAR MIEJSKI
1,0,0,2015,Pochmurno,Zderzenie pojazdów tylne,Pochmurno,Światło dzienne,Jezdnia,EWK-99066445F,12,2015-07-31,Nieokreślone (puste pole),21*41'558,52*32'169,I2,Obszar zabudowany,Odcinek prosty,Inna,Jednojezdniowa dwukierunkowa,N,POWIAT WĘGROWSKI,ŁOCHÓW - OBSZAR MIEJSKI
1,0,1,2015,Pochmurno,Zderzenie pojazdów tylne,Pochmurno,Światło dzienne,Jezdnia,EWK-99185107K,9,2015-09-21,Ciężko,20*53'551,51*53'549,722,Obszar niezabudowany,Odcinek prosty,Droga wojewódzka,Jednojezdniowa dwukierunkowa,T,POWIAT GRÓJECKI,GRÓJEC - OBSZAR WIEJSKI
1,0,0,2015,Pochmurno,Zderzenie pojazdów tylne,Pochmurno,Światło dzienne,Jezdnia,EWK-99185107K,9,2015-09-21,Nieokreślone (puste pole),20*53'551,51*53'549,722,Obszar niezabudowany,Odcinek prosty,Droga wojewódzka,Jednojezdniowa dwukierunkowa,T,POWIAT GRÓJECKI,GRÓJEC - OBSZAR WIEJSKI
1,0,1,2015,Pochmurno,Zderzenie pojazdów tylne,Pochmurno,Światło dzienne,Jezdnia,EWK-99198280X,11,2015-09-26,Lekko,21*08'299,51*27'154,7,Obszar zabudowany,Odcinek prosty,Droga krajowa,Jednokierunkowa,N,POWIAT RADOM,RADOM - OBSZAR MIEJSKI
1,0,0,2015,Pochmurno,Zderzenie pojazdów tylne,Pochmurno,Światło dzienne,Jezdnia,EWK-99198280X,11,2015-09-26,Nieokreślone (puste pole),21*08'299,51*27'154,7,Obszar zabudowany,Odcinek prosty,Droga krajowa,Jednokierunkowa,N,POWIAT RADOM,RADOM - OBSZAR MIEJSKI
1,0,1,2015,Pochmurno,Zderzenie pojazdów tylne,Pochmurno,Światło dzienne,Jezdnia,EWK-99239431R,8,2015-10-13,Lekko,20*52'051,51*52'158,P,Obszar zabudowany,Odcinek prosty,Droga powiatowa,Jednojezdniowa dwukierunkowa,N,POWIAT GRÓJECKI,GRÓJEC - OBSZAR MIEJSKI
1,0,0,2015,Pochmurno,Zderzenie pojazdów tylne,Pochmurno,Światło dzienne,Jezdnia,EWK-99239431R,8,2015-10-13,Nieokreślone (puste pole),20*52'051,51*52'158,P,Obszar zabudowany,Odcinek prosty,Droga powiatowa,Jednojezdniowa dwukierunkowa,N,POWIAT GRÓJECKI,GRÓJEC - OBSZAR MIEJSKI
1,0,1,2015,Pochmurno,Zderzenie pojazdów tylne,Pochmurno,Światło dzienne,Jezdnia,EWK-99242018A,12,2015-10-12,Lekko,19*25'239,52*21'566,60,Obszar zabudowany,Odcinek prosty,Droga krajowa,Jednojezdniowa dwukierunkowa,N,POWIAT GOSTYNIŃSKI,GOSTYNIN - OBSZAR WIEJSKI
1,0,0,2015,Pochmurno,Zderzenie pojazdów tylne,Pochmurno,Światło dzienne,Jezdnia,EWK-99242018A,12,2015-10-12,Nieokreślone (puste pole),19*25'239,52*21'566,60,Obszar zabudowany,Odcinek prosty,Droga krajowa,Jednojezdniowa dwukierunkowa,N,POWIAT GOSTYNIŃSKI,GOSTYNIN - OBSZAR WIEJSKI
1,0,1,2015,Pochmurno,Zderzenie pojazdów tylne,Pochmurno,Światło dzienne,Jezdnia,EWK-99261966K,8,2015-10-22,Lekko,19*55'585,52*27'527,62,Obszar niezabudowany,Odcinek prosty,Droga krajowa,Jednojezdniowa dwukierunkowa,N,POWIAT PŁOCKI,BODZANÓW - OBSZAR WIEJSKI
1,0,0,2015,Pochmurno,Zderzenie pojazdów tylne,Pochmurno,Światło dzienne,Jezdnia,EWK-99261966K,8,2015-10-22,Nieokreślone (puste pole),19*55'585,52*27'527,62,Obszar niezabudowany,Odcinek prosty,Droga krajowa,Jednojezdniowa dwukierunkowa,N,POWIAT PŁOCKI,BODZANÓW - OBSZAR WIEJSKI
1,0,1,2015,Pochmurno,Zderzenie pojazdów tylne,Pochmurno,Światło dzienne,Jezdnia,EWK-99271979G,9,2015-10-24,Ciężko,20*46'061,52*44'491,G120975W,Obszar niezabudowany,Odcinek prosty,Droga gminna,Jednojezdniowa dwukierunkowa,N,POWIAT CIECHANOWSKI,SOŃSK - OBSZAR WIEJSKI
1,0,0,2015,Pochmurno,Zderzenie pojazdów tylne,Pochmurno,Światło dzienne,Jezdnia,EWK-99271979G,9,2015-10-24,Nieokreślone (puste pole),20*46'061,52*44'491,G120975W,Obszar niezabudowany,Odcinek prosty,Droga gminna,Jednojezdniowa dwukierunkowa,N,POWIAT CIECHANOWSKI,SOŃSK - OBSZAR WIEJSKI
1,0,1,2015,Pochmurno,Zderzenie pojazdów tylne,Pochmurno,Światło dzienne,Jezdnia,EWK-99365944D,13,2015-11-27,Lekko,21*09'387,51*24'496,P5301W,Obszar zabudowany,,Droga powiatowa,Dwie jezdnie jednokierunkowe,N,POWIAT RADOM,RADOM - OBSZAR MIEJSKI
1,0,0,2015,Pochmurno,Zderzenie pojazdów tylne,Pochmurno,Światło dzienne,Jezdnia,EWK-99365944D,13,2015-11-27,Nieokreślone (puste pole),21*09'387,51*24'496,P5301W,Obszar zabudowany,,Droga powiatowa,Dwie jezdnie jednokierunkowe,N,POWIAT RADOM,RADOM - OBSZAR MIEJSKI
1,0,1,2015,Pochmurno,Zderzenie pojazdów tylne,Pochmurno,Światło dzienne,"Wjazd, wyjazd z posesji, pola",EWK-98793148M,6,2015-03-12,Lekko,19*45'443,52*32'447,GMINNA,Obszar zabudowany,Odcinek prosty,Droga gminna,Jednojezdniowa dwukierunkowa,N,POWIAT PŁOCK,PŁOCK - OBSZAR MIEJSKI
1,0,0,2015,Pochmurno,Zderzenie pojazdów tylne,Pochmurno,Światło dzienne,"Wjazd, wyjazd z posesji, pola",EWK-98793148M,6,2015-03-12,Nieokreślone (puste pole),19*45'443,52*32'447,GMINNA,Obszar zabudowany,Odcinek prosty,Droga gminna,Jednojezdniowa dwukierunkowa,N,POWIAT PŁOCK,PŁOCK - OBSZAR MIEJSKI
1,0,1,2015,"Pochmurno; Mgła, dym",Najechanie na drzewo,"Pochmurno; Mgła, dym",Światło dzienne,"Skarpa, rów",EWK-98733506R,11,2015-01-21,Ciężko,21*04'314,52*47'317,57,Obszar niezabudowany,"Zakręt, łuk",Droga krajowa,Jednojezdniowa dwukierunkowa,N,POWIAT MAKOWSKI,SZELKÓW - OBSZAR WIEJSKI
1,0,0,2015,"Pochmurno; Mgła, dym",Najechanie na drzewo,"Pochmurno; Mgła, dym",Światło dzienne,"Skarpa, rów",EWK-98733506R,11,2015-01-21,Nieokreślone (puste pole),21*04'314,52*47'317,57,Obszar niezabudowany,"Zakręt, łuk",Droga krajowa,Jednojezdniowa dwukierunkowa,N,POWIAT MAKOWSKI,SZELKÓW - OBSZAR WIEJSKI
1,0,1,2015,"Pochmurno; Mgła, dym",Najechanie na drzewo,"Pochmurno; Mgła, dym",Światło dzienne,"Skarpa, rów",EWK-98735329D,12,2015-01-21,Ciężko,21*06'083,53*06'294,P3234W,Obszar niezabudowany,Odcinek prosty,Droga powiatowa,Jednojezdniowa dwukierunkowa,N,POWIAT MAKOWSKI,KRASNOSIELC - OBSZAR WIEJSKI
1,0,1,2015,"Pochmurno; Mgła, dym",Wywrócenie się pojazdu,"Pochmurno; Mgła, dym",Światło dzienne,Pobocze,EWK-98731172J,9,2015-01-19,Lekko,21*05'519,53*17'510,614,Obszar zabudowany,,Droga wojewódzka,Jednojezdniowa dwukierunkowa,N,POWIAT PRZASNYSKI,CHORZELE - OBSZAR WIEJSKI
1,0,1,2015,"Pochmurno; Mgła, dym",Wywrócenie się pojazdu,"Pochmurno; Mgła, dym",Światło dzienne,"Skarpa, rów",EWK-98728785P,8,2015-01-19,Ciężko,20*47'039,52*58'078,617,Obszar niezabudowany,Odcinek prosty,Droga wojewódzka,Jednojezdniowa dwukierunkowa,N,POWIAT CIECHANOWSKI,OPINOGÓRA GÓRNA - OBSZAR WIEJSKI
1,0,0,2015,"Pochmurno; Mgła, dym",Wywrócenie się pojazdu,"Pochmurno; Mgła, dym",Światło dzienne,"Skarpa, rów",EWK-98728785P,8,2015-01-19,Nieokreślone (puste pole),20*47'039,52*58'078,617,Obszar niezabudowany,Odcinek prosty,Droga wojewódzka,Jednojezdniowa dwukierunkowa,N,POWIAT CIECHANOWSKI,OPINOGÓRA GÓRNA - OBSZAR WIEJSKI
1,0,3,2015,"Pochmurno; Mgła, dym",Zdarzenie z pasażerem,"Pochmurno; Mgła, dym",Noc - droga oświetlona,"Skarpa, rów",EWK-99288384U,5,2015-10-31,Lekko,20*36'344,51*22'466,34335W,Obszar niezabudowany,,Droga powiatowa,Jednojezdniowa dwukierunkowa,N,POWIAT PRZYSUSKI,PRZYSUCHA - OBSZAR WIEJSKI
1,0,1,2015,"Pochmurno; Mgła, dym",Zderzenie pojazdów boczne,"Pochmurno; Mgła, dym",Światło dzienne,Jezdnia,EWK-99256919P,15,2015-10-20,Lekko,20*20'173,53*01'561,7,Obszar niezabudowany,,Droga krajowa,Jednojezdniowa dwukierunkowa,N,POWIAT MŁAWSKI,WIŚNIEWO - OBSZAR WIEJSKI
1,0,0,2015,"Pochmurno; Mgła, dym",Zderzenie pojazdów boczne,"Pochmurno; Mgła, dym",Światło dzienne,Jezdnia,EWK-99256919P,15,2015-10-20,Nieokreślone (puste pole),20*20'173,53*01'561,7,Obszar niezabudowany,,Droga krajowa,Jednojezdniowa dwukierunkowa,N,POWIAT MŁAWSKI,WIŚNIEWO - OBSZAR WIEJSKI
1,0,2,2015,"Pochmurno; Mgła, dym",Zderzenie pojazdów czołowe,"Pochmurno; Mgła, dym",Światło dzienne,Jezdnia,EWK-98733161E,8,2015-01-19,Lekko,21*55'167,52*22'290,W637,Obszar niezabudowany,Odcinek prosty,Droga wojewódzka,Jednojezdniowa dwukierunkowa,N,POWIAT WĘGROWSKI,LIW - OBSZAR WIEJSKI
1,0,1,2015,Pochmurno; Opady deszczu,Inne,Pochmurno; Opady deszczu,Noc - droga nieoświetlona,Pobocze,EWK-99348842R,23,2015-11-21,Ciężko,21*22'052,52*42'107,GMINNA,Obszar zabudowany,Odcinek prosty,Droga gminna,Jednojezdniowa dwukierunkowa,N,POWIAT WYSZKOWSKI,RZĄŚNIK - OBSZAR WIEJSKI
1,0,1,2015,Pochmurno; Opady deszczu,Inne,Pochmurno; Opady deszczu,Światło dzienne,Przystanek komunikacji publicznej,EWK-99160187C,10,2015-09-12,Ciężko,20*01'464,52*26'437,62,Obszar niezabudowany,"Zakręt, łuk",Droga krajowa,Jednojezdniowa dwukierunkowa,N,POWIAT PŁOCKI,MAŁA WIEŚ - OBSZAR WIEJSKI
1,1,0,2015,Pochmurno; Opady deszczu,Inne,Pochmurno; Opady deszczu,Światło dzienne,Przystanek komunikacji publicznej,EWK-99160187C,10,2015-09-12,Nieokreślone (puste pole),20*01'464,52*26'437,62,Obszar niezabudowany,"Zakręt, łuk",Droga krajowa,Jednojezdniowa dwukierunkowa,N,POWIAT PŁOCKI,MAŁA WIEŚ - OBSZAR WIEJSKI
1,0,1,2015,Pochmurno; Opady deszczu,Najechanie na barierę ochronną,Pochmurno; Opady deszczu,Noc - droga oświetlona,Jezdnia,EWK-99251406J,17,2015-10-17,Lekko,21*05'262,53*09'320,2514W,Obszar niezabudowany,Odcinek prosty,Droga powiatowa,Jednojezdniowa dwukierunkowa,N,POWIAT PRZASNYSKI,JEDNOROŻEC - OBSZAR WIEJSKI
1,0,1,2015,Pochmurno; Opady deszczu,Najechanie na barierę ochronną,Pochmurno; Opady deszczu,Światło dzienne,Pobocze,EWK-99244202T,16,2015-10-13,Ciężko,20*31'440,52*30'362,7,Obszar niezabudowany,"Zakręt, łuk",Droga krajowa,Dwie jezdnie jednokierunkowe,N,POWIAT PŁOŃSKI,ZAŁUSKI - OBSZAR WIEJSKI
1,0,0,2015,Pochmurno; Opady deszczu,Najechanie na barierę ochronną,Pochmurno; Opady deszczu,Światło dzienne,Pobocze,EWK-99244202T,16,2015-10-13,Nieokreślone (puste pole),20*31'440,52*30'362,7,Obszar niezabudowany,"Zakręt, łuk",Droga krajowa,Dwie jezdnie jednokierunkowe,N,POWIAT PŁOŃSKI,ZAŁUSKI - OBSZAR WIEJSKI