Liczba wypadków,Liczba zabitych,Liczba rannych,Rok,Warunki atmosferyczne,Rodzaj zdarzenia,Warunki atmosferyczne,Oświetlenie,Charakterystyka miejsca zdarzenia,IDKSIP zdarzenia,Godzina,Dzień,Ranny,GPS x,GPS y,Numer drogi,Obszar,Geometria drogi,Kategoria drogi 1,Rodzaj drogi,Czy w zdarzeniu był sprawca nietrzeźwy,Powiat,Gmina
1,0,1,2015,Pochmurno; Opady deszczu,Najechanie na drzewo,Pochmurno; Opady deszczu,Światło dzienne,Jezdnia,EWK-98992027N,10,2015-06-23,Lekko,22*10'401,52*31'378,627,Obszar niezabudowany,Odcinek prosty,Droga wojewódzka,Jednojezdniowa dwukierunkowa,N,POWIAT SOKOŁOWSKI,KOSÓW LACKI - OBSZAR WIEJSKI
1,0,0,2015,Pochmurno; Opady deszczu,Najechanie na drzewo,Pochmurno; Opady deszczu,Światło dzienne,Jezdnia,EWK-98992027N,10,2015-06-23,Nieokreślone (puste pole),22*10'401,52*31'378,627,Obszar niezabudowany,Odcinek prosty,Droga wojewódzka,Jednojezdniowa dwukierunkowa,N,POWIAT SOKOŁOWSKI,KOSÓW LACKI - OBSZAR WIEJSKI
1,0,1,2015,Pochmurno; Opady deszczu,Najechanie na drzewo,Pochmurno; Opady deszczu,Światło dzienne,Jezdnia,EWK-99048826Y,3,2015-07-13,Ciężko,21*22'401,53*18'080,53,Obszar zabudowany,"Zakręt, łuk",Droga krajowa,Jednojezdniowa dwukierunkowa,N,POWIAT OSTROŁĘCKI,KADZIDŁO - OBSZAR WIEJSKI
1,0,1,2015,Pochmurno; Opady deszczu,Najechanie na pieszego,Pochmurno; Opady deszczu,Noc - droga nieoświetlona,Jezdnia,EWK-103592300C,17,2015-12-17,Ciężko,19*57'357,52*21'398,575,Obszar niezabudowany,Odcinek prosty,Droga wojewódzka,Jednojezdniowa dwukierunkowa,T,POWIAT PŁOCKI,SŁUBICE - OBSZAR WIEJSKI
1,0,0,2015,Pochmurno; Opady deszczu,Najechanie na pieszego,Pochmurno; Opady deszczu,Noc - droga nieoświetlona,Jezdnia,EWK-103592300C,17,2015-12-17,Nieokreślone (puste pole),19*57'357,52*21'398,575,Obszar niezabudowany,Odcinek prosty,Droga wojewódzka,Jednojezdniowa dwukierunkowa,T,POWIAT PŁOCKI,SŁUBICE - OBSZAR WIEJSKI
1,0,1,2015,Pochmurno; Opady deszczu,Najechanie na pieszego,Pochmurno; Opady deszczu,Noc - droga nieoświetlona,Jezdnia,EWK-103674462X,19,2015-12-16,Ciężko,21*21'517,52*41'344,P4410W,Obszar zabudowany,Odcinek prosty,Droga powiatowa,Jednojezdniowa dwukierunkowa,N,POWIAT WYSZKOWSKI,RZĄŚNIK - OBSZAR WIEJSKI
1,0,0,2015,Pochmurno; Opady deszczu,Najechanie na pieszego,Pochmurno; Opady deszczu,Noc - droga nieoświetlona,Jezdnia,EWK-103674462X,19,2015-12-16,Nieokreślone (puste pole),21*21'517,52*41'344,P4410W,Obszar zabudowany,Odcinek prosty,Droga powiatowa,Jednojezdniowa dwukierunkowa,N,POWIAT WYSZKOWSKI,RZĄŚNIK - OBSZAR WIEJSKI
1,1,0,2015,Pochmurno; Opady deszczu,Najechanie na pieszego,Pochmurno; Opady deszczu,Noc - droga nieoświetlona,Jezdnia,EWK-98709903U,20,2015-01-02,Nieokreślone (puste pole),21*30'267,53*16'253,2519W,Obszar niezabudowany,Odcinek prosty,Droga powiatowa,Jednojezdniowa dwukierunkowa,N,POWIAT OSTROŁĘCKI,KADZIDŁO - OBSZAR WIEJSKI
1,1,0,2015,Pochmurno; Opady deszczu,Najechanie na pieszego,Pochmurno; Opady deszczu,Noc - droga nieoświetlona,Jezdnia,EWK-98722199E,20,2015-01-12,Nieokreślone (puste pole),21*25'041,52*53'131,60,Obszar niezabudowany,"Zakręt, łuk",Droga krajowa,Jednojezdniowa dwukierunkowa,T,POWIAT MAKOWSKI,RÓŻAN - OBSZAR WIEJSKI
1,0,1,2015,Pochmurno; Opady deszczu,Najechanie na pieszego,Pochmurno; Opady deszczu,Noc - droga oświetlona,Jezdnia,EWK-98709902T,19,2015-01-03,Lekko,21*29'257,53*00'567,61,Obszar zabudowany,Odcinek prosty,Droga krajowa,Jednojezdniowa dwukierunkowa,N,POWIAT OSTROŁĘCKI,OLSZEWO-BORKI - OBSZAR WIEJSKI
1,0,0,2015,Pochmurno; Opady deszczu,Najechanie na pieszego,Pochmurno; Opady deszczu,Noc - droga oświetlona,Jezdnia,EWK-98709902T,19,2015-01-03,Nieokreślone (puste pole),21*29'257,53*00'567,61,Obszar zabudowany,Odcinek prosty,Droga krajowa,Jednojezdniowa dwukierunkowa,N,POWIAT OSTROŁĘCKI,OLSZEWO-BORKI - OBSZAR WIEJSKI
1,1,0,2015,Pochmurno; Opady deszczu,Najechanie na pieszego,Pochmurno; Opady deszczu,Noc - droga oświetlona,Jezdnia,EWK-98735622J,19,2015-01-23,Nieokreślone (puste pole),22*04'022,52*21'466,GMINNA,Obszar niezabudowany,Odcinek prosty,Droga gminna,Jednojezdniowa dwukierunkowa,T,POWIAT WĘGROWSKI,LIW - OBSZAR WIEJSKI
1,0,1,2015,Pochmurno; Opady deszczu,Najechanie na pieszego,Pochmurno; Opady deszczu,Noc - droga oświetlona,Jezdnia,EWK-99341397G,18,2015-11-20,Lekko,21*20'272,53*23'039,53,Obszar zabudowany,Odcinek prosty,Droga krajowa,Jednojezdniowa dwukierunkowa,T,POWIAT OSTROŁĘCKI,MYSZYNIEC - OBSZAR MIEJSKI
1,0,0,2015,Pochmurno; Opady deszczu,Najechanie na pieszego,Pochmurno; Opady deszczu,Noc - droga oświetlona,Jezdnia,EWK-99341397G,18,2015-11-20,Nieokreślone (puste pole),21*20'272,53*23'039,53,Obszar zabudowany,Odcinek prosty,Droga krajowa,Jednojezdniowa dwukierunkowa,T,POWIAT OSTROŁĘCKI,MYSZYNIEC - OBSZAR MIEJSKI
1,0,1,2015,Pochmurno; Opady deszczu,Najechanie na pieszego,Pochmurno; Opady deszczu,Noc - droga oświetlona,Jezdnia,EWK-99378352X,18,2015-12-03,Lekko,21*06'016,52*51'499,57,Obszar zabudowany,Odcinek prosty,Droga krajowa,Jednojezdniowa dwukierunkowa,N,POWIAT MAKOWSKI,MAKÓW MAZOWIECKI - OBSZAR MIEJSKI
1,0,0,2015,Pochmurno; Opady deszczu,Najechanie na pieszego,Pochmurno; Opady deszczu,Noc - droga oświetlona,Jezdnia,EWK-99378352X,18,2015-12-03,Nieokreślone (puste pole),21*06'016,52*51'499,57,Obszar zabudowany,Odcinek prosty,Droga krajowa,Jednojezdniowa dwukierunkowa,N,POWIAT MAKOWSKI,MAKÓW MAZOWIECKI - OBSZAR MIEJSKI
1,0,1,2015,Pochmurno; Opady deszczu,Najechanie na pieszego,Pochmurno; Opady deszczu,Noc - droga oświetlona,Przejście dla pieszych,EWK-98794385M,19,2015-03-14,Lekko,19*41'399,52*32'563,60,Obszar zabudowany,,Droga krajowa,Dwie jezdnie jednokierunkowe,N,POWIAT PŁOCK,PŁOCK - OBSZAR MIEJSKI
1,0,0,2015,Pochmurno; Opady deszczu,Najechanie na pieszego,Pochmurno; Opady deszczu,Noc - droga oświetlona,Przejście dla pieszych,EWK-98794385M,19,2015-03-14,Nieokreślone (puste pole),19*41'399,52*32'563,60,Obszar zabudowany,,Droga krajowa,Dwie jezdnie jednokierunkowe,N,POWIAT PŁOCK,PŁOCK - OBSZAR MIEJSKI
1,0,1,2015,Pochmurno; Opady deszczu,Najechanie na pieszego,Pochmurno; Opady deszczu,Noc - droga oświetlona,Przejście dla pieszych,EWK-99377100U,17,2015-12-02,Lekko,20*37'428,52*52'350,G120101W,Obszar zabudowany,Odcinek prosty,Droga gminna,Dwie jezdnie jednokierunkowe,N,POWIAT CIECHANOWSKI,CIECHANÓW - OBSZAR MIEJSKI
1,0,0,2015,Pochmurno; Opady deszczu,Najechanie na pieszego,Pochmurno; Opady deszczu,Noc - droga oświetlona,Przejście dla pieszych,EWK-99377100U,17,2015-12-02,Nieokreślone (puste pole),20*37'428,52*52'350,G120101W,Obszar zabudowany,Odcinek prosty,Droga gminna,Dwie jezdnie jednokierunkowe,N,POWIAT CIECHANOWSKI,CIECHANÓW - OBSZAR MIEJSKI
1,0,1,2015,Pochmurno; Opady deszczu,Najechanie na pieszego,Pochmurno; Opady deszczu,"Zmrok, świt",Jezdnia,EWK-99049381U,21,2015-07-25,Ciężko,20*29'106,52*38'561,W632,Obszar zabudowany,Odcinek prosty,Droga wojewódzka,Jednojezdniowa dwukierunkowa,N,POWIAT PŁOŃSKI,SOCHOCIN - OBSZAR WIEJSKI
1,0,0,2015,Pochmurno; Opady deszczu,Najechanie na pieszego,Pochmurno; Opady deszczu,"Zmrok, świt",Jezdnia,EWK-99049381U,21,2015-07-25,Nieokreślone (puste pole),20*29'106,52*38'561,W632,Obszar zabudowany,Odcinek prosty,Droga wojewódzka,Jednojezdniowa dwukierunkowa,N,POWIAT PŁOŃSKI,SOCHOCIN - OBSZAR WIEJSKI
1,0,1,2015,Pochmurno; Opady deszczu,Najechanie na pieszego,Pochmurno; Opady deszczu,Światło dzienne,Jezdnia,EWK-99312908T,12,2015-11-09,Lekko,20*37'570,51*32'001,48,Obszar zabudowany,Odcinek prosty,Droga krajowa,Jednojezdniowa dwukierunkowa,N,POWIAT PRZYSUSKI,KLWÓW - OBSZAR WIEJSKI
1,0,0,2015,Pochmurno; Opady deszczu,Najechanie na pieszego,Pochmurno; Opady deszczu,Światło dzienne,Jezdnia,EWK-99312908T,12,2015-11-09,Nieokreślone (puste pole),20*37'570,51*32'001,48,Obszar zabudowany,Odcinek prosty,Droga krajowa,Jednojezdniowa dwukierunkowa,N,POWIAT PRZYSUSKI,KLWÓW - OBSZAR WIEJSKI
1,0,1,2015,Pochmurno; Opady deszczu,Najechanie na pieszego,Pochmurno; Opady deszczu,Światło dzienne,Przejście dla pieszych,EWK-99019987L,15,2015-07-09,Lekko,19*40'348,52*33'056,GMINNA,Obszar zabudowany,Odcinek prosty,Droga gminna,Jednojezdniowa dwukierunkowa,N,POWIAT PŁOCK,PŁOCK - OBSZAR MIEJSKI
1,0,0,2015,Pochmurno; Opady deszczu,Najechanie na pieszego,Pochmurno; Opady deszczu,Światło dzienne,Przejście dla pieszych,EWK-99019987L,15,2015-07-09,Nieokreślone (puste pole),19*40'348,52*33'056,GMINNA,Obszar zabudowany,Odcinek prosty,Droga gminna,Jednojezdniowa dwukierunkowa,N,POWIAT PŁOCK,PŁOCK - OBSZAR MIEJSKI
1,0,1,2015,Pochmurno; Opady deszczu,Najechanie na pieszego,Pochmurno; Opady deszczu,Światło dzienne,Przejście dla pieszych,EWK-99241986E,13,2015-10-13,Lekko,19*44'514,52*32'199,GMINNA,Obszar zabudowany,Odcinek prosty,Droga gminna,Dwie jezdnie jednokierunkowe,N,POWIAT PŁOCK,PŁOCK - OBSZAR MIEJSKI
1,0,0,2015,Pochmurno; Opady deszczu,Najechanie na pieszego,Pochmurno; Opady deszczu,Światło dzienne,Przejście dla pieszych,EWK-99241986E,13,2015-10-13,Nieokreślone (puste pole),19*44'514,52*32'199,GMINNA,Obszar zabudowany,Odcinek prosty,Droga gminna,Dwie jezdnie jednokierunkowe,N,POWIAT PŁOCK,PŁOCK - OBSZAR MIEJSKI
1,0,2,2015,Pochmurno; Opady deszczu,Najechanie na pojazd unieruchomiony,Pochmurno; Opady deszczu,Światło dzienne,Jezdnia,EWK-99260899Q,16,2015-10-21,Lekko,22*14'088,52*19'099,63,Obszar zabudowany,Odcinek prosty,Droga krajowa,Jednojezdniowa dwukierunkowa,N,POWIAT SOKOŁOWSKI,BIELANY - OBSZAR WIEJSKI
1,0,0,2015,Pochmurno; Opady deszczu,Najechanie na pojazd unieruchomiony,Pochmurno; Opady deszczu,Światło dzienne,Jezdnia,EWK-99260899Q,16,2015-10-21,Nieokreślone (puste pole),22*14'088,52*19'099,63,Obszar zabudowany,Odcinek prosty,Droga krajowa,Jednojezdniowa dwukierunkowa,N,POWIAT SOKOŁOWSKI,BIELANY - OBSZAR WIEJSKI
1,0,1,2015,Pochmurno; Opady deszczu,"Najechanie na słup, znak",Pochmurno; Opady deszczu,Światło dzienne,"Chodnik, droga dla pieszych",EWK-103576717L,12,2015-12-17,Ciężko,19*36'381,52*34'409,GMINNA,Obszar zabudowany,Odcinek prosty,Droga gminna,Jednojezdniowa dwukierunkowa,N,POWIAT PŁOCKI,STARA BIAŁA - OBSZAR WIEJSKI
1,0,2,2015,Pochmurno; Opady deszczu,"Najechanie na słup, znak",Pochmurno; Opady deszczu,Światło dzienne,Pobocze,EWK-99032341W,15,2015-07-13,Lekko,20*13'461,52*23'547,62,Obszar niezabudowany,"Zakręt, łuk",Droga krajowa,Jednojezdniowa dwukierunkowa,N,POWIAT PŁOCKI,WYSZOGRÓD - OBSZAR WIEJSKI
1,0,0,2015,Pochmurno; Opady deszczu,"Najechanie na słup, znak",Pochmurno; Opady deszczu,Światło dzienne,Pobocze,EWK-99032341W,15,2015-07-13,Nieokreślone (puste pole),20*13'461,52*23'547,62,Obszar niezabudowany,"Zakręt, łuk",Droga krajowa,Jednojezdniowa dwukierunkowa,N,POWIAT PŁOCKI,WYSZOGRÓD - OBSZAR WIEJSKI
1,0,1,2015,Pochmurno; Opady deszczu,Wywrócenie się pojazdu,Pochmurno; Opady deszczu,Noc - droga nieoświetlona,Pobocze,EWK-99315709P,1,2015-11-11,Lekko,19*46'411,52*33'472,567,Obszar niezabudowany,"Zakręt, łuk",Droga wojewódzka,Jednojezdniowa dwukierunkowa,N,POWIAT PŁOCKI,RADZANOWO - OBSZAR WIEJSKI
1,0,1,2015,Pochmurno; Opady deszczu,Wywrócenie się pojazdu,Pochmurno; Opady deszczu,Noc - droga oświetlona,Jezdnia,EWK-103662893E,2,2015-12-27,Lekko,21*27'230,53*14'380,53,Obszar niezabudowany,Odcinek prosty,Droga krajowa,Jednojezdniowa dwukierunkowa,N,POWIAT OSTROŁĘCKI,KADZIDŁO - OBSZAR WIEJSKI
1,0,1,2015,Pochmurno; Opady deszczu,Wywrócenie się pojazdu,Pochmurno; Opady deszczu,"Zmrok, świt",Pobocze,EWK-99335371L,17,2015-11-15,Lekko,21*22'037,51*32'586,GMINNA,Obszar zabudowany,"Zakręt, łuk",Droga gminna,Jednojezdniowa dwukierunkowa,N,POWIAT KOZIENICKI,GŁOWACZÓW - OBSZAR WIEJSKI
1,0,0,2015,Pochmurno; Opady deszczu,Wywrócenie się pojazdu,Pochmurno; Opady deszczu,"Zmrok, świt",Pobocze,EWK-99335371L,17,2015-11-15,Nieokreślone (puste pole),21*22'037,51*32'586,GMINNA,Obszar zabudowany,"Zakręt, łuk",Droga gminna,Jednojezdniowa dwukierunkowa,N,POWIAT KOZIENICKI,GŁOWACZÓW - OBSZAR WIEJSKI
1,1,0,2015,Pochmurno; Opady deszczu,Wywrócenie się pojazdu,Pochmurno; Opady deszczu,Światło dzienne,Jezdnia,EWK-98852970R,19,2015-04-26,Nieokreślone (puste pole),20*03'188,52*17'506,577,Obszar niezabudowany,"Zakręt, łuk",Droga wojewódzka,Jednojezdniowa dwukierunkowa,N,POWIAT SOCHACZEWSKI,IŁÓW - OBSZAR WIEJSKI
1,0,1,2015,Pochmurno; Opady deszczu,Wywrócenie się pojazdu,Pochmurno; Opady deszczu,Światło dzienne,Pobocze,EWK-99249279J,9,2015-10-17,Lekko,19*46'445,52*38'178,60,Obszar zabudowany,"Zakręt, łuk",Droga krajowa,Jednojezdniowa dwukierunkowa,N,POWIAT PŁOCKI,BIELSK - OBSZAR WIEJSKI
1,0,1,2015,Pochmurno; Opady deszczu,Zderzenie pojazdów boczne,Pochmurno; Opady deszczu,Noc - droga oświetlona,Jezdnia,EWK-98811781W,20,2015-03-27,Lekko,21*05'010,52*42'341,61,Obszar zabudowany,,Droga krajowa,Jednojezdniowa dwukierunkowa,N,POWIAT PUŁTUSKI,PUŁTUSK - OBSZAR MIEJSKI
1,0,0,2015,Pochmurno; Opady deszczu,Zderzenie pojazdów boczne,Pochmurno; Opady deszczu,Noc - droga oświetlona,Jezdnia,EWK-98811781W,20,2015-03-27,Nieokreślone (puste pole),21*05'010,52*42'341,61,Obszar zabudowany,,Droga krajowa,Jednojezdniowa dwukierunkowa,N,POWIAT PUŁTUSKI,PUŁTUSK - OBSZAR MIEJSKI
1,1,0,2015,Pochmurno; Opady deszczu,Zderzenie pojazdów boczne,Pochmurno; Opady deszczu,Światło dzienne,Jezdnia,EWK-98790646F,5,2015-03-11,Nieokreślone (puste pole),20*09'530,52*16'109,50,Obszar niezabudowany,,Droga krajowa,Jednojezdniowa dwukierunkowa,N,POWIAT SOCHACZEWSKI,MŁODZIESZYN - OBSZAR WIEJSKI
1,0,1,2015,Pochmurno; Opady deszczu,Zderzenie pojazdów boczne,Pochmurno; Opady deszczu,Światło dzienne,Jezdnia,EWK-98815590C,11,2015-03-14,Lekko,20*16'054,52*18'547,GMINNA,Obszar zabudowany,"Zakręt, łuk",Droga gminna,Jednojezdniowa dwukierunkowa,N,POWIAT SOCHACZEWSKI,BROCHÓW - OBSZAR WIEJSKI
1,0,0,2015,Pochmurno; Opady deszczu,Zderzenie pojazdów boczne,Pochmurno; Opady deszczu,Światło dzienne,Jezdnia,EWK-98815590C,11,2015-03-14,Nieokreślone (puste pole),20*16'054,52*18'547,GMINNA,Obszar zabudowany,"Zakręt, łuk",Droga gminna,Jednojezdniowa dwukierunkowa,N,POWIAT SOCHACZEWSKI,BROCHÓW - OBSZAR WIEJSKI
1,0,2,2015,Pochmurno; Opady deszczu,Zderzenie pojazdów boczne,Pochmurno; Opady deszczu,Światło dzienne,Jezdnia,EWK-98878886L,14,2015-05-06,Lekko,20*42'588,51*48'397,725,Obszar niezabudowany,"Zakręt, łuk",Droga wojewódzka,Jednojezdniowa dwukierunkowa,N,POWIAT GRÓJECKI,BŁĘDÓW - OBSZAR WIEJSKI
1,0,0,2015,Pochmurno; Opady deszczu,Zderzenie pojazdów boczne,Pochmurno; Opady deszczu,Światło dzienne,Jezdnia,EWK-98878886L,14,2015-05-06,Nieokreślone (puste pole),20*42'588,51*48'397,725,Obszar niezabudowany,"Zakręt, łuk",Droga wojewódzka,Jednojezdniowa dwukierunkowa,N,POWIAT GRÓJECKI,BŁĘDÓW - OBSZAR WIEJSKI
1,0,2,2015,Pochmurno; Opady deszczu,Zderzenie pojazdów boczne,Pochmurno; Opady deszczu,Światło dzienne,Jezdnia,EWK-98884331A,15,2015-05-10,Lekko,21*51'022,52*22'243,W637,Obszar zabudowany,,Droga wojewódzka,Jednojezdniowa dwukierunkowa,N,POWIAT WĘGROWSKI,KORYTNICA - OBSZAR WIEJSKI
1,0,0,2015,Pochmurno; Opady deszczu,Zderzenie pojazdów boczne,Pochmurno; Opady deszczu,Światło dzienne,Jezdnia,EWK-98884331A,15,2015-05-10,Nieokreślone (puste pole),21*51'022,52*22'243,W637,Obszar zabudowany,,Droga wojewódzka,Jednojezdniowa dwukierunkowa,N,POWIAT WĘGROWSKI,KORYTNICA - OBSZAR WIEJSKI
1,0,1,2015,Pochmurno; Opady deszczu,Zderzenie pojazdów boczne,Pochmurno; Opady deszczu,Światło dzienne,Jezdnia,EWK-99182143L,14,2015-09-20,Ciężko,20*19'172,52*43'549,7,Obszar niezabudowany,,Droga krajowa,Jednojezdniowa dwukierunkowa,N,POWIAT PŁOŃSKI,BABOSZEWO - OBSZAR WIEJSKI
1,0,2,2015,Pochmurno; Opady deszczu,Zderzenie pojazdów boczne,Pochmurno; Opady deszczu,Światło dzienne,Jezdnia,EWK-99182143L,14,2015-09-20,Lekko,20*19'172,52*43'549,7,Obszar niezabudowany,,Droga krajowa,Jednojezdniowa dwukierunkowa,N,POWIAT PŁOŃSKI,BABOSZEWO - OBSZAR WIEJSKI
1,1,0,2015,Pochmurno; Opady deszczu,Zderzenie pojazdów boczne,Pochmurno; Opady deszczu,Światło dzienne,Jezdnia,EWK-99182143L,14,2015-09-20,Nieokreślone (puste pole),20*19'172,52*43'549,7,Obszar niezabudowany,,Droga krajowa,Jednojezdniowa dwukierunkowa,N,POWIAT PŁOŃSKI,BABOSZEWO - OBSZAR WIEJSKI
1,0,1,2015,Pochmurno; Opady deszczu,Zderzenie pojazdów boczne,Pochmurno; Opady deszczu,Światło dzienne,Jezdnia,EWK-99205863U,11,2015-09-26,Ciężko,21*35'057,52*33'275,62,Obszar niezabudowany,"Zakręt, łuk",Droga krajowa,Jednojezdniowa dwukierunkowa,N,POWIAT WYSZKOWSKI,WYSZKÓW - OBSZAR WIEJSKI
1,0,1,2015,Pochmurno; Opady deszczu,Zderzenie pojazdów boczne,Pochmurno; Opady deszczu,Światło dzienne,Jezdnia,EWK-99205863U,11,2015-09-26,Lekko,21*35'057,52*33'275,62,Obszar niezabudowany,"Zakręt, łuk",Droga krajowa,Jednojezdniowa dwukierunkowa,N,POWIAT WYSZKOWSKI,WYSZKÓW - OBSZAR WIEJSKI
1,0,1,2015,Pochmurno; Opady deszczu,Zderzenie pojazdów boczne,Pochmurno; Opady deszczu,Światło dzienne,Jezdnia,EWK-99262669Q,11,2015-10-22,Lekko,21*20'329,53*23'560,53,Obszar niezabudowany,,Droga krajowa,Jednojezdniowa dwukierunkowa,N,POWIAT OSTROŁĘCKI,MYSZYNIEC - OBSZAR WIEJSKI
1,0,0,2015,Pochmurno; Opady deszczu,Zderzenie pojazdów boczne,Pochmurno; Opady deszczu,Światło dzienne,Jezdnia,EWK-99262669Q,11,2015-10-22,Nieokreślone (puste pole),21*20'329,53*23'560,53,Obszar niezabudowany,,Droga krajowa,Jednojezdniowa dwukierunkowa,N,POWIAT OSTROŁĘCKI,MYSZYNIEC - OBSZAR WIEJSKI
1,0,1,2015,Pochmurno; Opady deszczu,Zderzenie pojazdów boczne,Pochmurno; Opady deszczu,Światło dzienne,Jezdnia,EWK-99270732Y,13,2015-10-23,Lekko,20*26'047,52*03'222,GMINNA,Obszar zabudowany,,Droga gminna,Jednojezdniowa dwukierunkowa,N,POWIAT ŻYRARDOWSKI,ŻYRARDÓW - OBSZAR MIEJSKI
1,0,0,2015,Pochmurno; Opady deszczu,Zderzenie pojazdów boczne,Pochmurno; Opady deszczu,Światło dzienne,Jezdnia,EWK-99270732Y,13,2015-10-23,Nieokreślone (puste pole),20*26'047,52*03'222,GMINNA,Obszar zabudowany,,Droga gminna,Jednojezdniowa dwukierunkowa,N,POWIAT ŻYRARDOWSKI,ŻYRARDÓW - OBSZAR MIEJSKI
1,0,3,2015,Pochmurno; Opady deszczu,Zderzenie pojazdów czołowe,Pochmurno; Opady deszczu,Noc - droga nieoświetlona,Jezdnia,EWK-103592376Y,16,2015-12-18,Ciężko,19*46'445,52*38'175,60,Obszar zabudowany,,Droga krajowa,Jednojezdniowa dwukierunkowa,N,POWIAT PŁOCKI,BIELSK - OBSZAR WIEJSKI
1,0,2,2015,Pochmurno; Opady deszczu,Zderzenie pojazdów czołowe,Pochmurno; Opady deszczu,Noc - droga nieoświetlona,Jezdnia,EWK-103592376Y,16,2015-12-18,Lekko,19*46'445,52*38'175,60,Obszar zabudowany,,Droga krajowa,Jednojezdniowa dwukierunkowa,N,POWIAT PŁOCKI,BIELSK - OBSZAR WIEJSKI
1,0,2,2015,Pochmurno; Opady deszczu,Zderzenie pojazdów czołowe,Pochmurno; Opady deszczu,Noc - droga nieoświetlona,Jezdnia,EWK-99239636N,19,2015-10-13,Lekko,19*47'347,52*35'539,60,Obszar zabudowany,"Zakręt, łuk",Droga krajowa,Jednojezdniowa dwukierunkowa,N,POWIAT PŁOCKI,RADZANOWO - OBSZAR WIEJSKI
1,0,1,2015,Pochmurno; Opady deszczu,Zderzenie pojazdów czołowe,Pochmurno; Opady deszczu,Noc - droga oświetlona,Jezdnia,EWK-98720934E,16,2015-01-12,Lekko,19*42'332,52*32'444,60,Obszar zabudowany,,Droga krajowa,Dwie jezdnie jednokierunkowe,N,POWIAT PŁOCK,PŁOCK - OBSZAR MIEJSKI
1,0,0,2015,Pochmurno; Opady deszczu,Zderzenie pojazdów czołowe,Pochmurno; Opady deszczu,Noc - droga oświetlona,Jezdnia,EWK-98720934E,16,2015-01-12,Nieokreślone (puste pole),19*42'332,52*32'444,60,Obszar zabudowany,,Droga krajowa,Dwie jezdnie jednokierunkowe,N,POWIAT PŁOCK,PŁOCK - OBSZAR MIEJSKI
1,0,1,2015,Pochmurno; Opady deszczu,Zderzenie pojazdów czołowe,Pochmurno; Opady deszczu,Światło dzienne,Jezdnia,EWK-98785096H,15,2015-03-04,Lekko,21*05'184,52*38'575,61,Obszar niezabudowany,Spadek,Droga krajowa,Jednojezdniowa dwukierunkowa,N,POWIAT PUŁTUSKI,POKRZYWNICA - OBSZAR WIEJSKI
1,0,0,2015,Pochmurno; Opady deszczu,Zderzenie pojazdów czołowe,Pochmurno; Opady deszczu,Światło dzienne,Jezdnia,EWK-98785096H,15,2015-03-04,Nieokreślone (puste pole),21*05'184,52*38'575,61,Obszar niezabudowany,Spadek,Droga krajowa,Jednojezdniowa dwukierunkowa,N,POWIAT PUŁTUSKI,POKRZYWNICA - OBSZAR WIEJSKI
1,0,1,2015,Pochmurno; Opady deszczu,Zderzenie pojazdów czołowe,Pochmurno; Opady deszczu,Światło dzienne,Jezdnia,EWK-99186812G,18,2015-09-20,Ciężko,21*37'489,53*19'085,645,Obszar niezabudowany,Odcinek prosty,Droga wojewódzka,Jednojezdniowa dwukierunkowa,N,POWIAT OSTROŁĘCKI,ŁYSE - OBSZAR WIEJSKI
1,0,3,2015,Pochmurno; Opady deszczu,Zderzenie pojazdów czołowe,Pochmurno; Opady deszczu,Światło dzienne,Jezdnia,EWK-99186812G,18,2015-09-20,Lekko,21*37'489,53*19'085,645,Obszar niezabudowany,Odcinek prosty,Droga wojewódzka,Jednojezdniowa dwukierunkowa,N,POWIAT OSTROŁĘCKI,ŁYSE - OBSZAR WIEJSKI
1,0,0,2015,Pochmurno; Opady deszczu,Zderzenie pojazdów czołowe,Pochmurno; Opady deszczu,Światło dzienne,Jezdnia,EWK-99186812G,18,2015-09-20,Nieokreślone (puste pole),21*37'489,53*19'085,645,Obszar niezabudowany,Odcinek prosty,Droga wojewódzka,Jednojezdniowa dwukierunkowa,N,POWIAT OSTROŁĘCKI,ŁYSE - OBSZAR WIEJSKI
1,0,1,2015,Pochmurno; Opady deszczu,Zderzenie pojazdów czołowe,Pochmurno; Opady deszczu,Światło dzienne,Jezdnia,EWK-99245853R,12,2015-10-15,Lekko,20*34'390,51*23'149,12,Obszar niezabudowany,"Zakręt, łuk",Droga krajowa,Jednojezdniowa dwukierunkowa,N,POWIAT PRZYSUSKI,GIELNIÓW - OBSZAR WIEJSKI
1,0,0,2015,Pochmurno; Opady deszczu,Zderzenie pojazdów czołowe,Pochmurno; Opady deszczu,Światło dzienne,Jezdnia,EWK-99245853R,12,2015-10-15,Nieokreślone (puste pole),20*34'390,51*23'149,12,Obszar niezabudowany,"Zakręt, łuk",Droga krajowa,Jednojezdniowa dwukierunkowa,N,POWIAT PRZYSUSKI,GIELNIÓW - OBSZAR WIEJSKI
1,0,2,2015,Pochmurno; Opady deszczu,Zderzenie pojazdów czołowe,Pochmurno; Opady deszczu,Światło dzienne,Pobocze,EWK-99364236F,8,2015-11-28,Lekko,21*52'311,52*13'209,697,Obszar niezabudowany,Odcinek prosty,Droga wojewódzka,Jednojezdniowa dwukierunkowa,N,POWIAT WĘGROWSKI,GRĘBKÓW - OBSZAR WIEJSKI
1,0,0,2015,Pochmurno; Opady deszczu,Zderzenie pojazdów czołowe,Pochmurno; Opady deszczu,Światło dzienne,Pobocze,EWK-99364236F,8,2015-11-28,Nieokreślone (puste pole),21*52'311,52*13'209,697,Obszar niezabudowany,Odcinek prosty,Droga wojewódzka,Jednojezdniowa dwukierunkowa,N,POWIAT WĘGROWSKI,GRĘBKÓW - OBSZAR WIEJSKI