Liczba wypadków,Liczba zabitych,Liczba rannych,Rok,Warunki atmosferyczne,Rodzaj zdarzenia,Warunki atmosferyczne,Oświetlenie,Charakterystyka miejsca zdarzenia,IDKSIP zdarzenia,Godzina,Dzień,Ranny,GPS x,GPS y,Numer drogi,Obszar,Geometria drogi,Kategoria drogi 1,Rodzaj drogi,Czy w zdarzeniu był sprawca nietrzeźwy,Powiat,Gmina
1,0,3,2015,Pochmurno; Opady deszczu,Zderzenie pojazdów tylne,Pochmurno; Opady deszczu,Noc - droga nieoświetlona,Jezdnia,EWK-99345191X,19,2015-11-21,Lekko,19*55'018,52*59'420,541,Obszar niezabudowany,,Droga wojewódzka,Jednojezdniowa dwukierunkowa,N,POWIAT ŻUROMIŃSKI,BIEŻUŃ - OBSZAR WIEJSKI
1,0,0,2015,Pochmurno; Opady deszczu,Zderzenie pojazdów tylne,Pochmurno; Opady deszczu,Noc - droga nieoświetlona,Jezdnia,EWK-99345191X,19,2015-11-21,Nieokreślone (puste pole),19*55'018,52*59'420,541,Obszar niezabudowany,,Droga wojewódzka,Jednojezdniowa dwukierunkowa,N,POWIAT ŻUROMIŃSKI,BIEŻUŃ - OBSZAR WIEJSKI
1,0,1,2015,Pochmurno; Opady deszczu,Zderzenie pojazdów tylne,Pochmurno; Opady deszczu,Światło dzienne,Jezdnia,EWK-98972303X,11,2015-06-15,Lekko,21*35'552,51*23'030,79,Obszar zabudowany,Odcinek prosty,Droga krajowa,Jednojezdniowa dwukierunkowa,N,POWIAT ZWOLEŃSKI,ZWOLEŃ - OBSZAR WIEJSKI
1,0,0,2015,Pochmurno; Opady deszczu,Zderzenie pojazdów tylne,Pochmurno; Opady deszczu,Światło dzienne,Jezdnia,EWK-98972303X,11,2015-06-15,Nieokreślone (puste pole),21*35'552,51*23'030,79,Obszar zabudowany,Odcinek prosty,Droga krajowa,Jednojezdniowa dwukierunkowa,N,POWIAT ZWOLEŃSKI,ZWOLEŃ - OBSZAR WIEJSKI
1,0,2,2015,Pochmurno; Opady deszczu,Zderzenie pojazdów tylne,Pochmurno; Opady deszczu,Światło dzienne,Jezdnia,EWK-99167550N,10,2015-09-12,Lekko,21*11'103,51*47'488,731,Obszar zabudowany,Odcinek prosty,Droga wojewódzka,Jednojezdniowa dwukierunkowa,N,POWIAT GRÓJECKI,WARKA - OBSZAR MIEJSKI
1,0,0,2015,Pochmurno; Opady deszczu,Zderzenie pojazdów tylne,Pochmurno; Opady deszczu,Światło dzienne,Jezdnia,EWK-99167550N,10,2015-09-12,Nieokreślone (puste pole),21*11'103,51*47'488,731,Obszar zabudowany,Odcinek prosty,Droga wojewódzka,Jednojezdniowa dwukierunkowa,N,POWIAT GRÓJECKI,WARKA - OBSZAR MIEJSKI
1,0,1,2015,Pochmurno; Opady deszczu,Zderzenie pojazdów tylne,Pochmurno; Opady deszczu,Światło dzienne,Jezdnia,EWK-99254163G,9,2015-10-13,Lekko,20*10'430,52*23'330,62,Obszar niezabudowany,Odcinek prosty,Droga krajowa,Jednojezdniowa dwukierunkowa,N,POWIAT PŁOCKI,WYSZOGRÓD - OBSZAR WIEJSKI
1,0,0,2015,Pochmurno; Opady deszczu,Zderzenie pojazdów tylne,Pochmurno; Opady deszczu,Światło dzienne,Jezdnia,EWK-99254163G,9,2015-10-13,Nieokreślone (puste pole),20*10'430,52*23'330,62,Obszar niezabudowany,Odcinek prosty,Droga krajowa,Jednojezdniowa dwukierunkowa,N,POWIAT PŁOCKI,WYSZOGRÓD - OBSZAR WIEJSKI
1,0,1,2015,"Pochmurno; Opady deszczu; Opady śniegu, gradu",Inne,"Pochmurno; Opady deszczu; Opady śniegu, gradu",Noc - droga nieoświetlona,Jezdnia,EWK-98822783L,22,2015-04-05,Ciężko,19*56'278,53*02'116,GMINNA,Obszar niezabudowany,"Zakręt, łuk",Droga gminna,Jednojezdniowa dwukierunkowa,N,POWIAT ŻUROMIŃSKI,ŻUROMIN - OBSZAR WIEJSKI
1,0,1,2015,"Pochmurno; Opady deszczu; Opady śniegu, gradu",Inne,"Pochmurno; Opady deszczu; Opady śniegu, gradu",Noc - droga nieoświetlona,Jezdnia,EWK-98822783L,22,2015-04-05,Lekko,19*56'278,53*02'116,GMINNA,Obszar niezabudowany,"Zakręt, łuk",Droga gminna,Jednojezdniowa dwukierunkowa,N,POWIAT ŻUROMIŃSKI,ŻUROMIN - OBSZAR WIEJSKI
1,0,0,2015,"Pochmurno; Opady deszczu; Opady śniegu, gradu",Inne,"Pochmurno; Opady deszczu; Opady śniegu, gradu",Noc - droga nieoświetlona,Jezdnia,EWK-98822783L,22,2015-04-05,Nieokreślone (puste pole),19*56'278,53*02'116,GMINNA,Obszar niezabudowany,"Zakręt, łuk",Droga gminna,Jednojezdniowa dwukierunkowa,N,POWIAT ŻUROMIŃSKI,ŻUROMIN - OBSZAR WIEJSKI
1,1,0,2015,"Pochmurno; Opady deszczu; Opady śniegu, gradu",Zderzenie pojazdów czołowe,"Pochmurno; Opady deszczu; Opady śniegu, gradu",Światło dzienne,Jezdnia,EWK-98818218M,16,2015-04-01,Nieokreślone (puste pole),20*36'132,52*52'169,60,Obszar zabudowany,,Droga krajowa,Jednojezdniowa dwukierunkowa,N,POWIAT CIECHANOWSKI,CIECHANÓW - OBSZAR MIEJSKI
1,0,1,2015,"Pochmurno; Opady śniegu, gradu",Najechanie na pieszego,"Pochmurno; Opady śniegu, gradu",Noc - droga nieoświetlona,Jezdnia,EWK-98749321J,22,2015-01-22,Lekko,21*35'250,53*01'531,4403W,Obszar niezabudowany,Odcinek prosty,Droga powiatowa,Jednojezdniowa dwukierunkowa,N,POWIAT OSTROŁĘCKI,RZEKUŃ - OBSZAR WIEJSKI
1,0,0,2015,"Pochmurno; Opady śniegu, gradu",Najechanie na pieszego,"Pochmurno; Opady śniegu, gradu",Noc - droga nieoświetlona,Jezdnia,EWK-98749321J,22,2015-01-22,Nieokreślone (puste pole),21*35'250,53*01'531,4403W,Obszar niezabudowany,Odcinek prosty,Droga powiatowa,Jednojezdniowa dwukierunkowa,N,POWIAT OSTROŁĘCKI,RZEKUŃ - OBSZAR WIEJSKI
1,0,1,2015,"Pochmurno; Opady śniegu, gradu",Zderzenie pojazdów boczne,"Pochmurno; Opady śniegu, gradu","Zmrok, świt",Jezdnia,EWK-98733353U,16,2015-01-20,Lekko,19*39'404,52*50'548,541,Obszar zabudowany,,Droga wojewódzka,Jednojezdniowa dwukierunkowa,N,POWIAT SIERPECKI,SIERPC - OBSZAR MIEJSKI
1,0,0,2015,"Pochmurno; Opady śniegu, gradu",Zderzenie pojazdów boczne,"Pochmurno; Opady śniegu, gradu","Zmrok, świt",Jezdnia,EWK-98733353U,16,2015-01-20,Nieokreślone (puste pole),19*39'404,52*50'548,541,Obszar zabudowany,,Droga wojewódzka,Jednojezdniowa dwukierunkowa,N,POWIAT SIERPECKI,SIERPC - OBSZAR MIEJSKI
1,0,1,2015,"Pochmurno; Opady śniegu, gradu",Zderzenie pojazdów czołowe,"Pochmurno; Opady śniegu, gradu",Noc - droga oświetlona,Jezdnia,EWK-98746084T,0,2015-01-23,Lekko,21*35'496,52*59'093,4403W,Obszar zabudowany,Odcinek prosty,Droga powiatowa,Jednojezdniowa dwukierunkowa,N,POWIAT OSTROŁĘCKI,RZEKUŃ - OBSZAR WIEJSKI
1,0,0,2015,"Pochmurno; Opady śniegu, gradu",Zderzenie pojazdów czołowe,"Pochmurno; Opady śniegu, gradu",Noc - droga oświetlona,Jezdnia,EWK-98746084T,0,2015-01-23,Nieokreślone (puste pole),21*35'496,52*59'093,4403W,Obszar zabudowany,Odcinek prosty,Droga powiatowa,Jednojezdniowa dwukierunkowa,N,POWIAT OSTROŁĘCKI,RZEKUŃ - OBSZAR WIEJSKI
1,0,1,2015,Silny wiatr,Najechanie na drzewo,Silny wiatr,Noc - droga nieoświetlona,Jezdnia,EWK-98719735L,20,2015-01-13,Ciężko,21*17'083,52*34'516,P4410W,Obszar zabudowany,Odcinek prosty,Droga powiatowa,Jednojezdniowa dwukierunkowa,T,POWIAT WYSZKOWSKI,SOMIANKA - OBSZAR WIEJSKI
1,0,1,2015,Silny wiatr,Najechanie na drzewo,Silny wiatr,Noc - droga nieoświetlona,Jezdnia,EWK-98719735L,20,2015-01-13,Lekko,21*17'083,52*34'516,P4410W,Obszar zabudowany,Odcinek prosty,Droga powiatowa,Jednojezdniowa dwukierunkowa,T,POWIAT WYSZKOWSKI,SOMIANKA - OBSZAR WIEJSKI
1,1,0,2015,Silny wiatr,Najechanie na drzewo,Silny wiatr,Noc - droga nieoświetlona,Jezdnia,EWK-98719735L,20,2015-01-13,Nieokreślone (puste pole),21*17'083,52*34'516,P4410W,Obszar zabudowany,Odcinek prosty,Droga powiatowa,Jednojezdniowa dwukierunkowa,T,POWIAT WYSZKOWSKI,SOMIANKA - OBSZAR WIEJSKI
1,0,1,2015,Silny wiatr,Najechanie na drzewo,Silny wiatr,Noc - droga nieoświetlona,"Skarpa, rów",EWK-98720713X,21,2015-01-10,Ciężko,20*12'387,52*42'290,P3021W,Obszar niezabudowany,"Zakręt, łuk",Droga powiatowa,Jednojezdniowa dwukierunkowa,N,POWIAT PŁOŃSKI,BABOSZEWO - OBSZAR WIEJSKI
1,0,1,2015,Silny wiatr,Najechanie na drzewo,Silny wiatr,Światło dzienne,Jezdnia,EWK-98843225W,13,2015-04-20,Lekko,23*00'428,52*19'225,02109W,Obszar niezabudowany,Odcinek prosty,Droga powiatowa,Jednojezdniowa dwukierunkowa,N,POWIAT ŁOSICKI,SARNAKI - OBSZAR WIEJSKI
1,0,0,2015,Silny wiatr,Najechanie na drzewo,Silny wiatr,Światło dzienne,Jezdnia,EWK-98843225W,13,2015-04-20,Nieokreślone (puste pole),23*00'428,52*19'225,02109W,Obszar niezabudowany,Odcinek prosty,Droga powiatowa,Jednojezdniowa dwukierunkowa,N,POWIAT ŁOSICKI,SARNAKI - OBSZAR WIEJSKI
1,2,0,2015,Silny wiatr,Najechanie na drzewo,Silny wiatr,Światło dzienne,"Skarpa, rów",EWK-98849814P,6,2015-04-20,Nieokreślone (puste pole),22*20'487,52*07'292,2,Obszar niezabudowany,Odcinek prosty,Droga krajowa,Jednojezdniowa dwukierunkowa,N,POWIAT SIEDLECKI,SIEDLCE - OBSZAR WIEJSKI
1,0,1,2015,Silny wiatr,Najechanie na pieszego,Silny wiatr,Noc - droga nieoświetlona,Jezdnia,EWK-103506834G,16,2015-12-06,Ciężko,21*21'128,52*45'207,P2648W,Obszar niezabudowany,Odcinek prosty,Droga powiatowa,Jednojezdniowa dwukierunkowa,T,POWIAT WYSZKOWSKI,RZĄŚNIK - OBSZAR WIEJSKI
1,0,0,2015,Silny wiatr,Najechanie na pieszego,Silny wiatr,Noc - droga nieoświetlona,Jezdnia,EWK-103506834G,16,2015-12-06,Nieokreślone (puste pole),21*21'128,52*45'207,P2648W,Obszar niezabudowany,Odcinek prosty,Droga powiatowa,Jednojezdniowa dwukierunkowa,T,POWIAT WYSZKOWSKI,RZĄŚNIK - OBSZAR WIEJSKI
1,0,1,2015,Silny wiatr,Najechanie na pieszego,Silny wiatr,Noc - droga nieoświetlona,Jezdnia,EWK-98717778F,22,2015-01-10,Ciężko,21*03'388,51*53'550,P,Obszar niezabudowany,Odcinek prosty,Droga powiatowa,Jednojezdniowa dwukierunkowa,N,POWIAT GRÓJECKI,CHYNÓW - OBSZAR WIEJSKI
1,0,0,2015,Silny wiatr,Najechanie na pieszego,Silny wiatr,Noc - droga nieoświetlona,Jezdnia,EWK-98717778F,22,2015-01-10,Nieokreślone (puste pole),21*03'388,51*53'550,P,Obszar niezabudowany,Odcinek prosty,Droga powiatowa,Jednojezdniowa dwukierunkowa,N,POWIAT GRÓJECKI,CHYNÓW - OBSZAR WIEJSKI
1,0,1,2015,Silny wiatr,Najechanie na pieszego,Silny wiatr,Noc - droga nieoświetlona,Przejście dla pieszych,EWK-103706009A,17,2015-12-13,Ciężko,21*54'124,51*48'328,807,Obszar zabudowany,,Droga wojewódzka,Jednojezdniowa dwukierunkowa,N,POWIAT GARWOLIŃSKI,ŻELECHÓW - OBSZAR MIEJSKI
1,0,0,2015,Silny wiatr,Najechanie na pieszego,Silny wiatr,Noc - droga nieoświetlona,Przejście dla pieszych,EWK-103706009A,17,2015-12-13,Nieokreślone (puste pole),21*54'124,51*48'328,807,Obszar zabudowany,,Droga wojewódzka,Jednojezdniowa dwukierunkowa,N,POWIAT GARWOLIŃSKI,ŻELECHÓW - OBSZAR MIEJSKI
1,0,1,2015,Silny wiatr,Najechanie na pieszego,Silny wiatr,"Zmrok, świt",Jezdnia,EWK-99328747J,18,2015-11-14,Lekko,22*17'056,52*39'385,63,Obszar zabudowany,Odcinek prosty,Droga krajowa,Jednojezdniowa dwukierunkowa,N,POWIAT SOKOŁOWSKI,CERANÓW - OBSZAR WIEJSKI
1,0,0,2015,Silny wiatr,Najechanie na pieszego,Silny wiatr,"Zmrok, świt",Jezdnia,EWK-99328747J,18,2015-11-14,Nieokreślone (puste pole),22*17'056,52*39'385,63,Obszar zabudowany,Odcinek prosty,Droga krajowa,Jednojezdniowa dwukierunkowa,N,POWIAT SOKOŁOWSKI,CERANÓW - OBSZAR WIEJSKI
1,0,1,2015,Silny wiatr,Najechanie na zwierzę,Silny wiatr,Noc - droga nieoświetlona,Jezdnia,EWK-99310295R,16,2015-11-08,Lekko,19*35'064,52*37'550,559,Obszar niezabudowany,Odcinek prosty,Droga wojewódzka,Jednojezdniowa dwukierunkowa,N,POWIAT PŁOCKI,BRUDZEŃ DUŻY - OBSZAR WIEJSKI
1,0,2,2015,Silny wiatr,Najechanie na zwierzę,Silny wiatr,Światło dzienne,Jezdnia,EWK-98711465T,11,2015-01-03,Ciężko,20*51'159,53*05'469,57,Obszar niezabudowany,Odcinek prosty,Droga krajowa,Jednojezdniowa dwukierunkowa,N,POWIAT PRZASNYSKI,KRZYNOWŁOGA MAŁA - OBSZAR WIEJSKI
1,0,2,2015,Silny wiatr,Najechanie na zwierzę,Silny wiatr,Światło dzienne,Jezdnia,EWK-98711465T,11,2015-01-03,Lekko,20*51'159,53*05'469,57,Obszar niezabudowany,Odcinek prosty,Droga krajowa,Jednojezdniowa dwukierunkowa,N,POWIAT PRZASNYSKI,KRZYNOWŁOGA MAŁA - OBSZAR WIEJSKI
1,0,1,2015,Silny wiatr,Wywrócenie się pojazdu,Silny wiatr,Światło dzienne,Jezdnia,EWK-98761096F,8,2015-02-12,Lekko,21*42'126,52*31'147,62,Obszar zabudowany,Odcinek prosty,Droga krajowa,Jednojezdniowa dwukierunkowa,N,POWIAT WĘGROWSKI,ŁOCHÓW - OBSZAR MIEJSKI
1,0,0,2015,Silny wiatr,Wywrócenie się pojazdu,Silny wiatr,Światło dzienne,Jezdnia,EWK-98761096F,8,2015-02-12,Nieokreślone (puste pole),21*42'126,52*31'147,62,Obszar zabudowany,Odcinek prosty,Droga krajowa,Jednojezdniowa dwukierunkowa,N,POWIAT WĘGROWSKI,ŁOCHÓW - OBSZAR MIEJSKI
1,0,2,2015,Silny wiatr,Wywrócenie się pojazdu,Silny wiatr,Światło dzienne,Jezdnia,EWK-99148370H,14,2015-09-05,Lekko,20*32'341,53*04'351,544,Obszar niezabudowany,Odcinek prosty,Droga wojewódzka,Jednojezdniowa dwukierunkowa,N,POWIAT MŁAWSKI,SZYDŁOWO - OBSZAR WIEJSKI
1,1,0,2015,Silny wiatr,Zderzenie pojazdów tylne,Silny wiatr,Światło dzienne,Jezdnia,EWK-99312088P,9,2015-11-08,Nieokreślone (puste pole),21*06'372,51*48'481,GMINNA,Obszar niezabudowany,Odcinek prosty,Droga gminna,Jednojezdniowa dwukierunkowa,N,POWIAT GRÓJECKI,WARKA - OBSZAR WIEJSKI
1,0,1,2015,Silny wiatr; Opady deszczu,Najechanie na drzewo,Silny wiatr; Opady deszczu,Noc - droga nieoświetlona,Pobocze,EWK-98719134H,2,2015-01-12,Ciężko,20*46'171,53*01'306,544,Obszar zabudowany,Odcinek prosty,Droga wojewódzka,Jednojezdniowa dwukierunkowa,N,POWIAT PRZASNYSKI,CZERNICE BOROWE - OBSZAR WIEJSKI
1,1,0,2015,Silny wiatr; Opady deszczu,Najechanie na pieszego,Silny wiatr; Opady deszczu,Noc - droga nieoświetlona,Przejście dla pieszych,EWK-99315616U,17,2015-11-10,Nieokreślone (puste pole),20*23'581,53*06'476,7,Obszar niezabudowany,,Droga krajowa,Jednojezdniowa dwukierunkowa,N,POWIAT MŁAWSKI,MŁAWA - OBSZAR MIEJSKI
1,0,1,2015,Silny wiatr; Opady deszczu,Najechanie na pieszego,Silny wiatr; Opady deszczu,Noc - droga oświetlona,Jezdnia,EWK-98722350Q,19,2015-01-08,Ciężko,21*35'256,53*04'252,G510231W,Obszar zabudowany,,Droga gminna,Jednojezdniowa dwukierunkowa,N,POWIAT OSTROŁĘKA,OSTROŁĘKA - OBSZAR MIEJSKI
1,0,0,2015,Silny wiatr; Opady deszczu,Najechanie na pieszego,Silny wiatr; Opady deszczu,Noc - droga oświetlona,Jezdnia,EWK-98722350Q,19,2015-01-08,Nieokreślone (puste pole),21*35'256,53*04'252,G510231W,Obszar zabudowany,,Droga gminna,Jednojezdniowa dwukierunkowa,N,POWIAT OSTROŁĘKA,OSTROŁĘKA - OBSZAR MIEJSKI
1,0,1,2015,Silny wiatr; Opady deszczu,Najechanie na pieszego,Silny wiatr; Opady deszczu,Noc - droga oświetlona,Przejście dla pieszych,EWK-103572247Q,17,2015-12-13,Ciężko,21*23'055,51*45'353,79,Obszar zabudowany,,Droga krajowa,Jednojezdniowa dwukierunkowa,N,POWIAT KOZIENICKI,MAGNUSZEW - OBSZAR WIEJSKI
1,0,0,2015,Silny wiatr; Opady deszczu,Najechanie na pieszego,Silny wiatr; Opady deszczu,Noc - droga oświetlona,Przejście dla pieszych,EWK-103572247Q,17,2015-12-13,Nieokreślone (puste pole),21*23'055,51*45'353,79,Obszar zabudowany,,Droga krajowa,Jednojezdniowa dwukierunkowa,N,POWIAT KOZIENICKI,MAGNUSZEW - OBSZAR WIEJSKI
1,0,1,2015,Silny wiatr; Opady deszczu,Najechanie na pieszego,Silny wiatr; Opady deszczu,Noc - droga oświetlona,"Wjazd, wyjazd z posesji, pola",EWK-99249401E,6,2015-10-16,Lekko,19*43'083,52*32'514,GMINNA,Obszar zabudowany,,Droga gminna,Jednojezdniowa dwukierunkowa,N,POWIAT PŁOCK,PŁOCK - OBSZAR MIEJSKI
1,0,0,2015,Silny wiatr; Opady deszczu,Najechanie na pieszego,Silny wiatr; Opady deszczu,Noc - droga oświetlona,"Wjazd, wyjazd z posesji, pola",EWK-99249401E,6,2015-10-16,Nieokreślone (puste pole),19*43'083,52*32'514,GMINNA,Obszar zabudowany,,Droga gminna,Jednojezdniowa dwukierunkowa,N,POWIAT PŁOCK,PŁOCK - OBSZAR MIEJSKI
1,0,1,2015,Silny wiatr; Opady deszczu,Wywrócenie się pojazdu,Silny wiatr; Opady deszczu,Noc - droga nieoświetlona,"Skarpa, rów",EWK-98728946N,1,2015-01-03,Ciężko,20*33'137,52*01'032,GMINNA,Obszar niezabudowany,Odcinek prosty,Droga gminna,Jednojezdniowa dwukierunkowa,N,POWIAT ŻYRARDOWSKI,RADZIEJOWICE - OBSZAR WIEJSKI
1,0,0,2015,Silny wiatr; Opady deszczu,Wywrócenie się pojazdu,Silny wiatr; Opady deszczu,Noc - droga nieoświetlona,"Skarpa, rów",EWK-98728946N,1,2015-01-03,Nieokreślone (puste pole),20*33'137,52*01'032,GMINNA,Obszar niezabudowany,Odcinek prosty,Droga gminna,Jednojezdniowa dwukierunkowa,N,POWIAT ŻYRARDOWSKI,RADZIEJOWICE - OBSZAR WIEJSKI
1,0,1,2015,Silny wiatr; Opady deszczu,Zderzenie pojazdów boczne,Silny wiatr; Opady deszczu,Noc - droga nieoświetlona,Jezdnia,EWK-98815836R,22,2015-03-31,Lekko,20*32'024,51*59'055,GMINNA,Obszar niezabudowany,Odcinek prosty,Droga gminna,Jednojezdniowa dwukierunkowa,N,POWIAT ŻYRARDOWSKI,RADZIEJOWICE - OBSZAR WIEJSKI
1,0,0,2015,Silny wiatr; Opady deszczu,Zderzenie pojazdów boczne,Silny wiatr; Opady deszczu,Noc - droga nieoświetlona,Jezdnia,EWK-98815836R,22,2015-03-31,Nieokreślone (puste pole),20*32'024,51*59'055,GMINNA,Obszar niezabudowany,Odcinek prosty,Droga gminna,Jednojezdniowa dwukierunkowa,N,POWIAT ŻYRARDOWSKI,RADZIEJOWICE - OBSZAR WIEJSKI
1,0,2,2015,Silny wiatr; Opady deszczu,Zderzenie pojazdów boczne,Silny wiatr; Opady deszczu,Noc - droga nieoświetlona,Pobocze,EWK-99366882N,4,2015-11-30,Ciężko,21*54'337,52*42'067,694,Obszar niezabudowany,,Droga wojewódzka,Jednojezdniowa dwukierunkowa,N,POWIAT OSTROWSKI,BROK - OBSZAR MIEJSKI
1,0,1,2015,Silny wiatr; Opady deszczu,Zderzenie pojazdów boczne,Silny wiatr; Opady deszczu,Noc - droga nieoświetlona,Pobocze,EWK-99366882N,4,2015-11-30,Lekko,21*54'337,52*42'067,694,Obszar niezabudowany,,Droga wojewódzka,Jednojezdniowa dwukierunkowa,N,POWIAT OSTROWSKI,BROK - OBSZAR MIEJSKI
1,0,1,2015,Silny wiatr; Opady deszczu,Zderzenie pojazdów boczne,Silny wiatr; Opady deszczu,"Zmrok, świt",Jezdnia,EWK-103534956N,15,2015-12-13,Lekko,19*41'395,52*32'564,60,Obszar zabudowany,,Droga krajowa,Dwie jezdnie jednokierunkowe,N,POWIAT PŁOCK,PŁOCK - OBSZAR MIEJSKI
1,0,0,2015,Silny wiatr; Opady deszczu,Zderzenie pojazdów boczne,Silny wiatr; Opady deszczu,"Zmrok, świt",Jezdnia,EWK-103534956N,15,2015-12-13,Nieokreślone (puste pole),19*41'395,52*32'564,60,Obszar zabudowany,,Droga krajowa,Dwie jezdnie jednokierunkowe,N,POWIAT PŁOCK,PŁOCK - OBSZAR MIEJSKI
1,0,2,2015,Silny wiatr; Opady deszczu,Zderzenie pojazdów czołowe,Silny wiatr; Opady deszczu,Noc - droga nieoświetlona,Jezdnia,EWK-98711163H,21,2015-01-02,Lekko,21*19'549,51*26'590,737,Obszar niezabudowany,Odcinek prosty,Droga wojewódzka,Jednojezdniowa dwukierunkowa,N,POWIAT RADOMSKI,PIONKI - OBSZAR WIEJSKI
1,0,0,2015,Silny wiatr; Opady deszczu,Zderzenie pojazdów czołowe,Silny wiatr; Opady deszczu,Noc - droga nieoświetlona,Jezdnia,EWK-98711163H,21,2015-01-02,Nieokreślone (puste pole),21*19'549,51*26'590,737,Obszar niezabudowany,Odcinek prosty,Droga wojewódzka,Jednojezdniowa dwukierunkowa,N,POWIAT RADOMSKI,PIONKI - OBSZAR WIEJSKI
1,0,2,2015,"Silny wiatr; Opady śniegu, gradu",Zdarzenie z pasażerem,"Silny wiatr; Opady śniegu, gradu",Noc - droga oświetlona,Jezdnia,EWK-98717446D,22,2015-01-11,Ciężko,20*42'053,51*21'553,12,Obszar zabudowany,Odcinek prosty; Spadek,Droga krajowa,Jednojezdniowa dwukierunkowa,N,POWIAT PRZYSUSKI,PRZYSUCHA - OBSZAR WIEJSKI
1,0,1,2015,"Silny wiatr; Opady śniegu, gradu",Zderzenie pojazdów boczne,"Silny wiatr; Opady śniegu, gradu",Światło dzienne,Pobocze,EWK-98782367L,8,2015-03-04,Ciężko,22*15'228,52*25'189,63,Obszar niezabudowany,Odcinek prosty,Droga krajowa,Jednojezdniowa dwukierunkowa,N,POWIAT SOKOŁOWSKI,SOKOŁÓW PODLASKI - OBSZAR WIEJSKI
1,1,0,2015,"Silny wiatr; Opady śniegu, gradu",Zderzenie pojazdów boczne,"Silny wiatr; Opady śniegu, gradu",Światło dzienne,Pobocze,EWK-98782367L,8,2015-03-04,Nieokreślone (puste pole),22*15'228,52*25'189,63,Obszar niezabudowany,Odcinek prosty,Droga krajowa,Jednojezdniowa dwukierunkowa,N,POWIAT SOKOŁOWSKI,SOKOŁÓW PODLASKI - OBSZAR WIEJSKI
1,1,0,2015,Silny wiatr; Pochmurno,Najechanie na pieszego,Silny wiatr; Pochmurno,Noc - droga nieoświetlona,Przejście dla pieszych,EWK-98720326C,22,2015-01-09,Nieokreślone (puste pole),21*13'342,51*07'298,9,Obszar zabudowany,Odcinek prosty,Droga krajowa,Jednojezdniowa dwukierunkowa,N,POWIAT RADOMSKI,IŁŻA - OBSZAR WIEJSKI
1,0,1,2015,Silny wiatr; Pochmurno,Najechanie na pieszego,Silny wiatr; Pochmurno,Noc - droga oświetlona,Jezdnia,EWK-103538811X,17,2015-12-13,Lekko,19*44'119,52*39'458,540,Obszar niezabudowany,Odcinek prosty,Droga wojewódzka,Jednojezdniowa dwukierunkowa,T,POWIAT PŁOCKI,BIELSK - OBSZAR WIEJSKI
1,0,0,2015,Silny wiatr; Pochmurno,Najechanie na pieszego,Silny wiatr; Pochmurno,Noc - droga oświetlona,Jezdnia,EWK-103538811X,17,2015-12-13,Nieokreślone (puste pole),19*44'119,52*39'458,540,Obszar niezabudowany,Odcinek prosty,Droga wojewódzka,Jednojezdniowa dwukierunkowa,T,POWIAT PŁOCKI,BIELSK - OBSZAR WIEJSKI
1,0,2,2015,Silny wiatr; Pochmurno,Wywrócenie się pojazdu,Silny wiatr; Pochmurno,Światło dzienne,"Skarpa, rów",EWK-98785253P,11,2015-03-04,Lekko,21*44'309,52*57'405,627,Obszar zabudowany,"Zakręt, łuk",Droga wojewódzka,Jednojezdniowa dwukierunkowa,N,POWIAT OSTROŁĘCKI,CZERWIN - OBSZAR WIEJSKI
1,0,1,2015,Silny wiatr; Pochmurno,Zdarzenie z pasażerem,Silny wiatr; Pochmurno,Noc - droga nieoświetlona,Pobocze,EWK-98720229P,17,2015-01-04,Lekko,22*14'536,52*21'317,63,Obszar niezabudowany,Odcinek prosty,Droga krajowa,Jednojezdniowa dwukierunkowa,N,POWIAT SOKOŁOWSKI,BIELANY - OBSZAR WIEJSKI
1,0,0,2015,Silny wiatr; Pochmurno,Zdarzenie z pasażerem,Silny wiatr; Pochmurno,Noc - droga nieoświetlona,Pobocze,EWK-98720229P,17,2015-01-04,Nieokreślone (puste pole),22*14'536,52*21'317,63,Obszar niezabudowany,Odcinek prosty,Droga krajowa,Jednojezdniowa dwukierunkowa,N,POWIAT SOKOŁOWSKI,BIELANY - OBSZAR WIEJSKI
1,0,1,2015,Silny wiatr; Pochmurno,Zderzenie pojazdów boczne,Silny wiatr; Pochmurno,Noc - droga nieoświetlona,Jezdnia,EWK-99156736F,20,2015-09-07,Lekko,21*08'503,53*19'287,614,Obszar niezabudowany,,Droga wojewódzka,Jednojezdniowa dwukierunkowa,N,POWIAT OSTROŁĘCKI,CZARNIA - OBSZAR WIEJSKI
1,0,0,2015,Silny wiatr; Pochmurno,Zderzenie pojazdów boczne,Silny wiatr; Pochmurno,Noc - droga nieoświetlona,Jezdnia,EWK-99156736F,20,2015-09-07,Nieokreślone (puste pole),21*08'503,53*19'287,614,Obszar niezabudowany,,Droga wojewódzka,Jednojezdniowa dwukierunkowa,N,POWIAT OSTROŁĘCKI,CZARNIA - OBSZAR WIEJSKI
1,1,0,2015,Silny wiatr; Pochmurno,Zderzenie pojazdów czołowe,Silny wiatr; Pochmurno,Światło dzienne,Jezdnia,EWK-103392886X,7,2015-12-05,Nieokreślone (puste pole),21*48'318,52*34'546,50,Obszar niezabudowany,Odcinek prosty,Droga krajowa,Jednojezdniowa dwukierunkowa,N,POWIAT WĘGROWSKI,ŁOCHÓW - OBSZAR WIEJSKI
1,1,0,2015,Silny wiatr; Pochmurno; Opady deszczu,Najechanie na pieszego,Silny wiatr; Pochmurno; Opady deszczu,Noc - droga nieoświetlona,Przejście dla pieszych,EWK-103538167J,17,2015-12-13,Nieokreślone (puste pole),21*53'331,52*22'398,W637,Obszar niezabudowany,,Droga wojewódzka,Jednojezdniowa dwukierunkowa,N,POWIAT WĘGROWSKI,KORYTNICA - OBSZAR WIEJSKI